prompt_idx,token_pos,token_text,cos_000_to_001,cos_001_to_002,cos_002_to_003,cos_003_to_004,cos_004_to_005,cos_005_to_006,cos_006_to_007,cos_007_to_008,cos_008_to_009,cos_009_to_010,cos_010_to_011,cos_011_to_012,cos_012_to_013,cos_013_to_014,cos_014_to_015,cos_015_to_016,cos_016_to_017,cos_017_to_018,cos_018_to_019,cos_019_to_020,cos_020_to_021,cos_021_to_022,cos_022_to_023,cos_023_to_024,cos_024_to_025,cos_025_to_026,cos_026_to_027,cos_027_to_028,cos_028_to_029,cos_029_to_030,cos_030_to_031,cos_031_to_032,cos_032_to_033,cos_033_to_034,cos_034_to_035,cos_035_to_036,cos_036_to_037,cos_037_to_038,cos_038_to_039,cos_039_to_040,cos_040_to_041,cos_041_to_042,cos_042_to_043,cos_043_to_044,cos_044_to_045,cos_045_to_046,cos_046_to_047,cos_047_to_048,cos_048_to_049,cos_049_to_050,cos_050_to_051,cos_051_to_052,cos_052_to_053,cos_053_to_054,cos_054_to_055,cos_055_to_056,cos_056_to_057,cos_057_to_058,cos_058_to_059,cos_059_to_060,cos_060_to_061,cos_061_to_062,cos_062_to_063,cos_063_to_064
0,0,This,0.11926202476024628,0.897817850112915,0.9793265461921692,0.9543583989143372,0.5554473996162415,0.9997192621231079,0.9998041987419128,0.9999995827674866,0.9999933242797852,0.9999997019767761,0.9999785423278809,0.9999998807907104,0.9999929666519165,0.9999993443489075,0.9999991059303284,0.9999982714653015,0.9999992847442627,0.9999995231628418,0.9999996423721313,0.9999977350234985,0.9999992847442627,0.9999995827674866,0.9999924898147583,0.9999991059303284,0.9999997615814209,0.9999995231628418,0.999999463558197,0.9999988675117493,0.9999988079071045,0.9999992251396179,0.9999996423721313,0.9999988675117493,0.999998152256012,0.9999927282333374,0.9999984502792358,0.9999675154685974,0.9999977946281433,0.9999907612800598,0.9999945759773254,0.999993622303009,0.9999943375587463,0.9999944567680359,0.999996542930603,0.9999980926513672,0.9999989867210388,0.9999996423721313,0.9999992847442627,0.9999993443489075,0.999999463558197,0.9999970197677612,0.9999988675117493,0.9999990463256836,0.9999987483024597,0.9999987483024597,0.9999988675117493,0.9999986290931702,0.9999938607215881,0.9999927878379822,0.9999804496765137,0.9999203085899353,0.9986538887023926,0.9992271065711975,0.9960529804229736,0.330744206905365
0,1, movie,0.10463397204875946,0.967186450958252,0.9663308262825012,0.9599937200546265,0.9433501362800598,0.9068915247917175,0.9740127325057983,0.9741742610931396,0.9723223447799683,0.974366307258606,0.9786521792411804,0.9797073602676392,0.9765456318855286,0.9767075777053833,0.9769193530082703,0.9741132259368896,0.981137752532959,0.984600305557251,0.986925482749939,0.9845725893974304,0.9881230592727661,0.9869693517684937,0.9890774488449097,0.9888278245925903,0.988662600517273,0.9908313751220703,0.9899799227714539,0.9888928532600403,0.9876758456230164,0.9851544499397278,0.9898304343223572,0.9897611737251282,0.9831021428108215,0.9885178804397583,0.9877668023109436,0.987552285194397,0.9894475936889648,0.9878970980644226,0.9915509819984436,0.9916946887969971,0.992927074432373,0.9919245839118958,0.9894907474517822,0.988835334777832,0.9862452745437622,0.9834640622138977,0.9830792546272278,0.9854608178138733,0.9850834012031555,0.9702613949775696,0.9827284216880798,0.9810035228729248,0.978943407535553,0.9825592041015625,0.9801197648048401,0.9779725670814514,0.9751664996147156,0.9770690202713013,0.9796603918075562,0.9774932265281677,0.9750464558601379,0.9563258290290833,0.9320352077484131,0.4378880560398102
0,2, was,0.21168068051338196,0.9621312022209167,0.9746217131614685,0.964621901512146,0.9206807017326355,0.9546158909797668,0.9771054983139038,0.9726446270942688,0.9648174047470093,0.9606314897537231,0.9796119332313538,0.9658434391021729,0.9592841863632202,0.9645010828971863,0.9705252647399902,0.9600433111190796,0.9583168029785156,0.9682357907295227,0.9728823304176331,0.9693495035171509,0.9689568281173706,0.9617700576782227,0.9745413064956665,0.9560608267784119,0.9659624695777893,0.9673196077346802,0.9647324085235596,0.9782165884971619,0.9775592684745789,0.9731363654136658,0.9746557474136353,0.975646436214447,0.9593285322189331,0.9734897017478943,0.9706587195396423,0.9595649838447571,0.9723646640777588,0.9778544306755066,0.9819387793540955,0.9808972477912903,0.9850603938102722,0.989260196685791,0.9862620234489441,0.9859724640846252,0.9821768403053284,0.9782678484916687,0.9807514548301697,0.9777896404266357,0.9822760820388794,0.9759804606437683,0.9786445498466492,0.9791561961174011,0.9810393452644348,0.9855734705924988,0.983259916305542,0.9850524067878723,0.9813866019248962,0.9871507287025452,0.9886982440948486,0.9897654056549072,0.9858892560005188,0.977791965007782,0.9291632771492004,0.5542149543762207
0,3, absolutely,0.1221780851483345,0.9578462243080139,0.9293736219406128,0.7428950071334839,0.9587699770927429,0.9909943342208862,0.9897055625915527,0.97617107629776,0.9602271318435669,0.9566360116004944,0.9601603150367737,0.9680067896842957,0.9587540626525879,0.9545993208885193,0.9652833342552185,0.9682073593139648,0.970219075679779,0.9756644368171692,0.9782522916793823,0.9806066751480103,0.9786924719810486,0.9793338179588318,0.9817099571228027,0.9773502349853516,0.9788529872894287,0.9821636080741882,0.969662070274353,0.9816503524780273,0.9789238572120667,0.9782400727272034,0.9760141372680664,0.9729584455490112,0.9707943797111511,0.9766265153884888,0.9796468019485474,0.9787957668304443,0.9833777546882629,0.9836782217025757,0.9792982935905457,0.984503448009491,0.9844792485237122,0.9894362688064575,0.9855624437332153,0.9826380014419556,0.9827285408973694,0.9826081991195679,0.9837228059768677,0.9771314859390259,0.9747475981712341,0.9804922342300415,0.9706040024757385,0.979792058467865,0.9822211861610413,0.9691760540008545,0.9857491254806519,0.9805889129638672,0.9778479933738708,0.9873145818710327,0.9868790507316589,0.9903584718704224,0.9823850393295288,0.9770422577857971,0.9381673336029053,0.5045068264007568
0,4, fantastic,0.14063768088817596,0.9611973762512207,0.9626303315162659,0.9462966322898865,0.8723206520080566,0.9762601852416992,0.9662584662437439,0.9828103184700012,0.9589241743087769,0.9603477120399475,0.948790431022644,0.9508616328239441,0.9517441987991333,0.9614677429199219,0.9692633152008057,0.962784469127655,0.9731262922286987,0.9807302355766296,0.9757407307624817,0.9815071821212769,0.9798774123191833,0.9808244109153748,0.9780174493789673,0.9789572358131409,0.981730580329895,0.9846833944320679,0.9787854552268982,0.9797796010971069,0.9779371023178101,0.9764379858970642,0.9775298833847046,0.9800537824630737,0.9760763645172119,0.9859076738357544,0.9814736247062683,0.9826711416244507,0.982565701007843,0.9862914681434631,0.987221896648407,0.9878841042518616,0.9901207089424133,0.9917711019515991,0.9892085790634155,0.9831399917602539,0.9862880706787109,0.9871296286582947,0.987779974937439,0.983325183391571,0.9868815541267395,0.9837068319320679,0.980993390083313,0.9811892509460449,0.9833700656890869,0.9859067797660828,0.9847907423973083,0.9802089333534241,0.9845086932182312,0.9922251105308533,0.990730881690979,0.9912200570106506,0.9868671298027039,0.9708005785942078,0.9172989130020142,0.4952484965324402
0,5, and,0.08008453249931335,0.9477190971374512,0.9604181051254272,0.9686153531074524,0.9461917281150818,0.9734400510787964,0.9814496040344238,0.9623863697052002,0.9738234281539917,0.9610984325408936,0.9758742451667786,0.9572654962539673,0.9521177411079407,0.9611104726791382,0.9596509337425232,0.9577429294586182,0.95170658826828,0.9655564427375793,0.9677029252052307,0.9697213172912598,0.9600293040275574,0.9595203995704651,0.9729416966438293,0.956366240978241,0.9723560810089111,0.9715015292167664,0.9608904719352722,0.9662238359451294,0.9662717580795288,0.965630054473877,0.9637935757637024,0.9636329412460327,0.9558238983154297,0.9648051261901855,0.9652234315872192,0.9637323617935181,0.9684861302375793,0.9672592282295227,0.9755547642707825,0.9755640029907227,0.9758476614952087,0.9843093156814575,0.9740039706230164,0.9606414437294006,0.9660388231277466,0.9692535400390625,0.9680212140083313,0.9654025435447693,0.9644763469696045,0.9758723974227905,0.9739679098129272,0.977567195892334,0.9786596298217773,0.979441225528717,0.9786761999130249,0.9831870198249817,0.9800808429718018,0.9858505725860596,0.9870685935020447,0.9881669878959656,0.9857863783836365,0.9764611124992371,0.9328030943870544,0.5472163558006287
0,6, I,0.13406269252300262,0.9551741480827332,0.9356335997581482,0.9602712988853455,0.9469327926635742,0.9741698503494263,0.9642146825790405,0.9294528365135193,0.9623616337776184,0.9673917889595032,0.9726154804229736,0.9751800894737244,0.9789462685585022,0.9767806529998779,0.9685484170913696,0.9545709490776062,0.95798659324646,0.966915488243103,0.963569700717926,0.9712350964546204,0.9568285346031189,0.9544883966445923,0.9683237075805664,0.9608757495880127,0.9696024656295776,0.9733323454856873,0.9621078968048096,0.962488055229187,0.9613985419273376,0.9653874635696411,0.9656687378883362,0.962776780128479,0.9561619162559509,0.960214376449585,0.9621303081512451,0.968814492225647,0.9721537828445435,0.9691924452781677,0.9734436869621277,0.9683787226676941,0.9731849431991577,0.9830027222633362,0.9759503602981567,0.967985212802887,0.96187824010849,0.9726262092590332,0.9634914994239807,0.9665641188621521,0.9719623923301697,0.9679611325263977,0.9658679962158203,0.9694640040397644,0.971749484539032,0.9772831797599792,0.974735677242279,0.9781734943389893,0.9772218465805054,0.9782336950302124,0.9860104918479919,0.9852285385131836,0.9849964380264282,0.9717779755592346,0.9234511256217957,0.5308911204338074
1,0,I,0.08573399484157562,0.9251922369003296,0.9741673469543457,0.9296173453330994,0.5494346618652344,0.9995276927947998,0.9997206926345825,0.9999966025352478,0.9999959468841553,0.999997079372406,0.9999734163284302,0.9999994039535522,0.9999958872795105,0.9999968409538269,0.999996542930603,0.9999959468841553,0.9999971389770508,0.9999970197677612,0.9999996423721313,0.9999955892562866,0.999997079372406,0.999999463558197,0.999995768070221,0.999996542930603,0.9999996423721313,0.9999995827674866,0.999999463558197,0.9999963641166687,0.9999962449073792,0.9999991059303284,0.9999992251396179,0.9999968409538269,0.9999958276748657,0.9999961256980896,0.9999961256980896,0.9999587535858154,0.9999960064888,0.9999924302101135,0.9999898672103882,0.9999920129776001,0.9999971985816956,0.9999966025352478,0.9999952912330627,0.9999982118606567,0.9999971985816956,0.9999974966049194,0.9999992251396179,0.9999990463256836,0.9999994039535522,0.9999966025352478,0.9999986290931702,0.9999983310699463,0.9999982714653015,0.9999983310699463,0.9999984502792358,0.9999969601631165,0.9999963045120239,0.9999905228614807,0.9999828338623047,0.9999439120292664,0.9987216591835022,0.9992188215255737,0.9960567951202393,0.23943710327148438
1,1, am,0.1364773064851761,0.9586477875709534,0.9704492092132568,0.9556490778923035,0.9092287421226501,0.9443952441215515,0.9736873507499695,0.9869952201843262,0.9730840921401978,0.9694211483001709,0.9814965128898621,0.9862982630729675,0.9889644980430603,0.9875658750534058,0.9891535043716431,0.9901979565620422,0.9896732568740845,0.9893906712532043,0.9899190664291382,0.9876495599746704,0.9887632131576538,0.9861562848091125,0.987866222858429,0.9882405996322632,0.9916180372238159,0.9918901324272156,0.9897351861000061,0.9891674518585205,0.9889527559280396,0.9895395636558533,0.9877315759658813,0.9909517168998718,0.9865258932113647,0.988625168800354,0.9899616241455078,0.9882749319076538,0.9895055890083313,0.9878421425819397,0.9904610514640808,0.9915863275527954,0.9939781427383423,0.9928876757621765,0.9900553822517395,0.9882369041442871,0.9874593615531921,0.9876111745834351,0.9834369421005249,0.9877141118049622,0.9830724596977234,0.9813180565834045,0.9819027185440063,0.9790283441543579,0.9808769822120667,0.9859244227409363,0.9856271743774414,0.9826754331588745,0.9862633943557739,0.9869507551193237,0.9885639548301697,0.9849255084991455,0.9822129607200623,0.9660841226577759,0.9150020480155945,0.5473978519439697
1,2, so,0.15972745418548584,0.9709440469741821,0.9467204809188843,0.9031870365142822,0.932787299156189,0.9648808836936951,0.959362268447876,0.9841410517692566,0.9536811113357544,0.9591658711433411,0.9718149900436401,0.9578232169151306,0.9379002451896667,0.9566360116004944,0.9582032561302185,0.9741781949996948,0.9766427874565125,0.9714708924293518,0.9831438064575195,0.9802626967430115,0.9814006090164185,0.9840738773345947,0.9811215400695801,0.9842255711555481,0.9859127998352051,0.9837968349456787,0.9825780987739563,0.9808779358863831,0.9792229533195496,0.9810008406639099,0.9813212156295776,0.9805835485458374,0.9753117561340332,0.9806735515594482,0.9825555682182312,0.9854959845542908,0.9848438501358032,0.9834224581718445,0.9867749214172363,0.9884700775146484,0.987060546875,0.9910227060317993,0.9889684915542603,0.9817528128623962,0.9793505072593689,0.9793238639831543,0.9799702167510986,0.9727032780647278,0.9804701805114746,0.9753481149673462,0.9808163642883301,0.9755592346191406,0.9825121760368347,0.9821760058403015,0.9895203113555908,0.9870583415031433,0.9850484132766724,0.9886056780815125,0.986454427242279,0.987593948841095,0.988185703754425,0.9785387516021729,0.9431140422821045,0.49636727571487427
1,3, incredibly,0.1482609510421753,0.9711559414863586,0.9537287354469299,0.8678978085517883,0.9522082209587097,0.8623608946800232,0.9791418313980103,0.9736870527267456,0.9607197642326355,0.968334972858429,0.9641048908233643,0.954223096370697,0.9250489473342896,0.9609600305557251,0.9698570966720581,0.9753265976905823,0.9779403805732727,0.9768316745758057,0.9851354956626892,0.9847862720489502,0.9855751991271973,0.9872630834579468,0.9855238199234009,0.9885841608047485,0.9872081279754639,0.9852044582366943,0.9835218191146851,0.9846290349960327,0.9785885214805603,0.981422483921051,0.9770761728286743,0.9805024862289429,0.975156307220459,0.9834930896759033,0.9814559817314148,0.9848724007606506,0.9850543737411499,0.9851537346839905,0.9843050837516785,0.9868766069412231,0.9824640154838562,0.9902995824813843,0.9895316958427429,0.9824782609939575,0.9804460406303406,0.9829093813896179,0.984454333782196,0.9806933403015137,0.9798539876937866,0.979186475276947,0.983630359172821,0.9767501950263977,0.9798933267593384,0.984791100025177,0.9886736273765564,0.985511064529419,0.9880020618438721,0.986693799495697,0.9905787706375122,0.9906031489372253,0.9901039004325867,0.9787478446960449,0.9508533477783203,0.46968817710876465
1,4, happy,0.10995198041200638,0.9691065549850464,0.9504294395446777,0.9538801312446594,0.9224249720573425,0.9284145832061768,0.9482261538505554,0.9820640087127686,0.9578633904457092,0.9528331756591797,0.9527472853660583,0.9573632478713989,0.9471559524536133,0.9467068314552307,0.9664013385772705,0.9648634195327759,0.9744036197662354,0.9746332764625549,0.9797673225402832,0.9798958897590637,0.9781543016433716,0.9793415069580078,0.9817958474159241,0.9777598977088928,0.9790956377983093,0.9811287522315979,0.9794236421585083,0.9786269664764404,0.9752961993217468,0.9765161275863647,0.9734168648719788,0.973271369934082,0.9699281454086304,0.98176109790802,0.9797486662864685,0.9827245473861694,0.9834315180778503,0.9839872121810913,0.9855772256851196,0.9846163392066956,0.9893015623092651,0.9907816052436829,0.9868820905685425,0.9823752641677856,0.9814250469207764,0.9807509183883667,0.984764039516449,0.9783843159675598,0.9702997207641602,0.9797477722167969,0.9771331548690796,0.9703018665313721,0.9772236347198486,0.9810424447059631,0.9831198453903198,0.9864889979362488,0.9811655879020691,0.9904320240020752,0.9913640022277832,0.988532543182373,0.9877714514732361,0.9743603467941284,0.9241666197776794,0.5045415163040161
1,5, because,0.19218723475933075,0.9701732993125916,0.973586916923523,0.9689434170722961,0.9574492573738098,0.9704980850219727,0.9767701029777527,0.9800208210945129,0.9695316553115845,0.9506984949111938,0.974114179611206,0.9510868191719055,0.9058436155319214,0.9279053807258606,0.9589038491249084,0.953432023525238,0.9473273754119873,0.9601848125457764,0.9690520763397217,0.9673638939857483,0.9721410870552063,0.9761662483215332,0.9757033586502075,0.9796828031539917,0.9768581390380859,0.9782643914222717,0.9780323505401611,0.9678133726119995,0.9747072458267212,0.9728313684463501,0.9720360636711121,0.9606730341911316,0.9558666348457336,0.9758034348487854,0.9730844497680664,0.9775072932243347,0.9776059985160828,0.9805073738098145,0.9807305335998535,0.9804863333702087,0.9837729334831238,0.9870309233665466,0.9834380745887756,0.9797129034996033,0.9742974042892456,0.98463374376297,0.9834095239639282,0.9800320267677307,0.9819542169570923,0.9771395921707153,0.9813359379768372,0.9807220697402954,0.9810510277748108,0.9856088161468506,0.9889748096466064,0.9877499938011169,0.9866332411766052,0.9921709299087524,0.9918968081474304,0.9909763336181641,0.991011381149292,0.9802656173706055,0.9325894117355347,0.4476483166217804
2,0,The,0.07631634175777435,0.9260770678520203,0.9773849844932556,0.9637423753738403,0.5958887338638306,0.9997074604034424,0.9998076558113098,0.9999995827674866,0.9999938607215881,0.9999998211860657,0.9999799132347107,0.9999998807907104,0.9999932050704956,0.999999463558197,0.9999990463256836,0.9999983906745911,0.9999993443489075,0.999999463558197,0.9999998211860657,0.9999977350234985,0.9999993443489075,0.9999996423721313,0.9999930262565613,0.9999991059303284,0.9999998807907104,0.9999995827674866,0.9999996423721313,0.999998927116394,0.9999989867210388,0.9999992847442627,0.9999995231628418,0.999998927116394,0.9999979734420776,0.9999929070472717,0.9999984502792358,0.9999696612358093,0.9999976754188538,0.9999911785125732,0.9999947547912598,0.9999940991401672,0.9999948740005493,0.9999949336051941,0.9999966621398926,0.9999983310699463,0.9999989867210388,0.9999995827674866,0.9999995827674866,0.9999994039535522,0.999999463558197,0.9999969005584717,0.9999988675117493,0.9999988079071045,0.9999987483024597,0.9999986886978149,0.9999988675117493,0.9999987483024597,0.9999943375587463,0.9999930262565613,0.9999815225601196,0.9999210834503174,0.9987367987632751,0.9992985725402832,0.9962591528892517,0.3367931544780731
2,1, best,0.13589546084403992,0.9715283513069153,0.9576500654220581,0.9505429863929749,0.934089720249176,0.969812273979187,0.9707207083702087,0.9796416163444519,0.9757814407348633,0.9710207581520081,0.9802448749542236,0.9869663715362549,0.9832239747047424,0.9834361672401428,0.9840092658996582,0.9849668145179749,0.9835105538368225,0.9885532259941101,0.9870777130126953,0.9873580932617188,0.9874485731124878,0.9876750707626343,0.9898742437362671,0.9902955293655396,0.9906138181686401,0.9913115501403809,0.9890651106834412,0.9867020845413208,0.9843544363975525,0.9870404005050659,0.9855197668075562,0.9849390983581543,0.9821799993515015,0.9850560426712036,0.9875160455703735,0.9882245063781738,0.9898618459701538,0.9885131120681763,0.9908058047294617,0.9906343221664429,0.9919849038124084,0.9922332167625427,0.9902989864349365,0.9868835210800171,0.9805911183357239,0.9847338795661926,0.9844059944152832,0.9758179187774658,0.9830044507980347,0.9794136881828308,0.9809102416038513,0.9768718481063843,0.979328989982605,0.9819948673248291,0.9853552579879761,0.9848987460136414,0.990197479724884,0.9905449151992798,0.9905282258987427,0.9906559586524963,0.9879957437515259,0.979802668094635,0.9563074111938477,0.4012756645679474
2,2, day,0.15363462269306183,0.9727946519851685,0.9693040251731873,0.951885461807251,0.8750074505805969,0.9569126963615417,0.9271596670150757,0.9538403153419495,0.935543417930603,0.9589200019836426,0.9701271653175354,0.929092288017273,0.9327290654182434,0.9507700204849243,0.9620777368545532,0.9602557420730591,0.9629878997802734,0.9734208583831787,0.9723376631736755,0.9768003821372986,0.9814239740371704,0.9820427298545837,0.9828929901123047,0.9838647246360779,0.9851329326629639,0.9844072461128235,0.9827316999435425,0.9802231788635254,0.979776918888092,0.9794827699661255,0.9738937616348267,0.971338152885437,0.9703757762908936,0.9761272072792053,0.9727699756622314,0.9747417569160461,0.9789632558822632,0.9824157357215881,0.9830344319343567,0.9836500883102417,0.9836357831954956,0.9881559610366821,0.9852385520935059,0.9829683303833008,0.9782849550247192,0.9819361567497253,0.9772593975067139,0.9767095446586609,0.9782311320304871,0.9645489454269409,0.9649485945701599,0.9620115160942078,0.9606878757476807,0.9605935215950012,0.9630386233329773,0.9655566811561584,0.9743322730064392,0.9747723937034607,0.9805665612220764,0.9779934883117676,0.9799402356147766,0.9696090221405029,0.9462760090827942,0.4531839191913605
2,3, of,0.08132287114858627,0.9713561534881592,0.9703136086463928,0.9442022442817688,0.8347920775413513,0.9679498672485352,0.9650007486343384,0.8418064713478088,0.9243156909942627,0.9481117129325867,0.9632110595703125,0.9197350740432739,0.8862429857254028,0.9403309226036072,0.9544450044631958,0.9571336507797241,0.9596511721611023,0.9728705286979675,0.9759320616722107,0.9799757599830627,0.9811626076698303,0.9830217957496643,0.9839016795158386,0.9841627478599548,0.98284912109375,0.9810478091239929,0.981331467628479,0.978790283203125,0.9797788858413696,0.9720026850700378,0.9698227643966675,0.9672385454177856,0.9619967937469482,0.9703842997550964,0.9681853652000427,0.9715047478675842,0.9704066514968872,0.9794402718544006,0.9816057085990906,0.9807968139648438,0.9784830212593079,0.9808021783828735,0.9797998070716858,0.9761949777603149,0.9732118248939514,0.9769102931022644,0.972008466720581,0.9742786884307861,0.9692089557647705,0.9594900608062744,0.9500603675842285,0.9589124917984009,0.9736376404762268,0.9732505083084106,0.9701284170150757,0.9751801490783691,0.9793807864189148,0.9758752584457397,0.9848186373710632,0.9828389883041382,0.9866084456443787,0.9723917245864868,0.9267063140869141,0.5107495784759521
2,4, my,0.15013261139392853,0.9678994417190552,0.9478554129600525,0.9641917943954468,0.9462049603462219,0.9752477407455444,0.9845751523971558,0.9688871502876282,0.9742575287818909,0.967708945274353,0.9541146755218506,0.9610796570777893,0.9370195269584656,0.9529803991317749,0.9409069418907166,0.9370179772377014,0.9424096345901489,0.954163134098053,0.9555634260177612,0.9631013870239258,0.9568749070167542,0.9427518248558044,0.9660525321960449,0.9725641012191772,0.973538875579834,0.9753593802452087,0.9708021283149719,0.9739912152290344,0.9705637693405151,0.9719880819320679,0.9745360016822815,0.9747185111045837,0.9668986797332764,0.9720266461372375,0.9761542081832886,0.9768898487091064,0.9781177639961243,0.9807103276252747,0.9832602739334106,0.9864699840545654,0.9878625869750977,0.9898820519447327,0.988382875919342,0.9840457439422607,0.9820195436477661,0.9821351170539856,0.975081741809845,0.9786791205406189,0.9702028632164001,0.9713823795318604,0.9609832167625427,0.971142590045929,0.9769187569618225,0.9686977863311768,0.975776731967926,0.9743195176124573,0.9807597994804382,0.9835278391838074,0.9837170839309692,0.9844242334365845,0.9846504926681519,0.9784479141235352,0.9547349214553833,0.4128362834453583
2,5, life,0.11749839037656784,0.9753093123435974,0.9660325050354004,0.9299474954605103,0.9370412230491638,0.9437028169631958,0.9781325459480286,0.9327256679534912,0.9651294350624084,0.9549721479415894,0.9513465762138367,0.8839454650878906,0.8719804883003235,0.931978166103363,0.9243812561035156,0.9293986558914185,0.9451486468315125,0.9624522924423218,0.9652312994003296,0.9706321954727173,0.9693416357040405,0.9745631814002991,0.971656322479248,0.9756908416748047,0.9743893146514893,0.9780530333518982,0.9764785170555115,0.9754958152770996,0.9766515493392944,0.9664056301116943,0.9615265130996704,0.9674069881439209,0.9564711451530457,0.9657949209213257,0.9698622822761536,0.9723962545394897,0.9705179929733276,0.9803231358528137,0.9790067076683044,0.9800053834915161,0.983973503112793,0.9823336005210876,0.9814374446868896,0.9722241163253784,0.9691487550735474,0.977431058883667,0.9782314896583557,0.9759290218353271,0.9788881540298462,0.980229377746582,0.9760805368423462,0.9745808243751526,0.9766222238540649,0.9830054640769958,0.9786190986633301,0.9828581213951111,0.9833104014396667,0.9856401085853577,0.9870915412902832,0.9791200757026672,0.9855936765670776,0.9742279052734375,0.9242178201675415,0.40925610065460205
2,6, was,0.20717203617095947,0.9721630215644836,0.9780254364013672,0.9678225517272949,0.9068657159805298,0.9600010514259338,0.9665423631668091,0.9480826258659363,0.9569514989852905,0.938418447971344,0.974570631980896,0.9541378021240234,0.924288272857666,0.9482898712158203,0.9594943523406982,0.9298654794692993,0.9447814226150513,0.9606621265411377,0.963801920413971,0.9645721912384033,0.9666606783866882,0.9567416310310364,0.973381757736206,0.9738051891326904,0.974953830242157,0.9772807359695435,0.968776285648346,0.9671851992607117,0.9678972959518433,0.9672272801399231,0.9641064405441284,0.9630192518234253,0.9578258991241455,0.9641191363334656,0.9641895890235901,0.9692265391349792,0.9667031764984131,0.9726656675338745,0.9755889177322388,0.9713817238807678,0.9678696393966675,0.9732900261878967,0.9686813354492188,0.9667297601699829,0.95792555809021,0.9668739438056946,0.9474062323570251,0.9641842842102051,0.9629669189453125,0.9447444677352905,0.9584959149360657,0.9518084526062012,0.9627403616905212,0.956493079662323,0.9622910618782043,0.9640198349952698,0.969128429889679,0.9783805012702942,0.9770985245704651,0.9770638346672058,0.9825029969215393,0.9689900279045105,0.9232369065284729,0.5384954214096069
2,7, when,0.22870008647441864,0.9744837880134583,0.9750601053237915,0.9641351103782654,0.9325653910636902,0.9046123623847961,0.958132803440094,0.9666217565536499,0.965801477432251,0.9459933638572693,0.9654995203018188,0.9549884796142578,0.9354701042175293,0.9480240941047668,0.9626833200454712,0.9255011081695557,0.9403101801872253,0.9586365222930908,0.9553224444389343,0.952846348285675,0.958469808101654,0.9578900337219238,0.963809072971344,0.9715891480445862,0.9726027846336365,0.9721848368644714,0.9673588871955872,0.9597640633583069,0.9649428725242615,0.9676257371902466,0.9452359080314636,0.9573323130607605,0.9516121745109558,0.9624755382537842,0.9630441665649414,0.9646545052528381,0.9693019986152649,0.9710394144058228,0.9686791896820068,0.9702602028846741,0.9690006375312805,0.9756636619567871,0.9694103598594666,0.966499388217926,0.9546849727630615,0.9692232608795166,0.9609466195106506,0.9653111696243286,0.9665366411209106,0.9683542847633362,0.9660329818725586,0.9587730765342712,0.9782416224479675,0.9811540842056274,0.9850977659225464,0.9822993278503418,0.9846202731132507,0.9880488514900208,0.9887508153915405,0.9839144349098206,0.9872785806655884,0.9752527475357056,0.9331992864608765,0.4342297315597534
2,8, I,0.12962409853935242,0.9654508829116821,0.9494382739067078,0.9522470831871033,0.9461871981620789,0.9790759086608887,0.9725141525268555,0.9781916737556458,0.9585243463516235,0.9653992652893066,0.9732564091682434,0.9818469882011414,0.9821622371673584,0.9756500720977783,0.9669647812843323,0.9525670409202576,0.9563000202178955,0.9649619460105896,0.9630718231201172,0.9550865292549133,0.9559344053268433,0.9636092185974121,0.9651031494140625,0.9728325605392456,0.9794613122940063,0.979545533657074,0.9762051701545715,0.9763392210006714,0.9703165888786316,0.9768673777580261,0.9737787842750549,0.970446765422821,0.9599576592445374,0.9689788818359375,0.9757118821144104,0.9713544845581055,0.9771391749382019,0.9724709987640381,0.9775015711784363,0.984692394733429,0.9859983921051025,0.9889231324195862,0.9860765933990479,0.9812545776367188,0.9761532545089722,0.9692482948303223,0.9671186804771423,0.9605781435966492,0.961588442325592,0.9627734422683716,0.9663841724395752,0.9681745767593384,0.9769063591957092,0.9748889803886414,0.9790013432502747,0.9770678877830505,0.9737473726272583,0.9801830649375916,0.9815773367881775,0.9706215262413025,0.9758570194244385,0.9670772552490234,0.9277821779251099,0.5005671977996826
3,0,Everything,0.07652398943901062,0.9432768821716309,0.9499896168708801,0.8744644522666931,0.19752781093120575,0.999728798866272,0.9998044967651367,0.9999995231628418,0.9999938011169434,0.9999997019767761,0.9999797344207764,0.9999998211860657,0.9999933242797852,0.9999995827674866,0.9999991655349731,0.9999979734420776,0.9999992847442627,0.9999995827674866,0.9999997019767761,0.9999979138374329,0.9999992847442627,0.999999463558197,0.9999930262565613,0.9999993443489075,0.9999998807907104,0.999999463558197,0.999999463558197,0.999998927116394,0.9999988079071045,0.9999992847442627,0.999999463558197,0.9999988675117493,0.9999980330467224,0.999992847442627,0.9999985098838806,0.9999697208404541,0.9999979734420776,0.9999914169311523,0.9999949336051941,0.999994158744812,0.9999948143959045,0.9999948143959045,0.9999966621398926,0.999998152256012,0.9999990463256836,0.999999463558197,0.999999463558197,0.9999994039535522,0.999999463558197,0.9999969005584717,0.999998927116394,0.9999991059303284,0.9999985098838806,0.9999987483024597,0.9999991059303284,0.9999985694885254,0.9999940991401672,0.9999929666519165,0.9999815225601196,0.9999210238456726,0.9986909031867981,0.9992848634719849,0.9960039854049683,0.3426198959350586
3,1, is,0.10330275446176529,0.963238000869751,0.9668624997138977,0.930242121219635,0.8798786997795105,0.8945627212524414,0.9802201986312866,0.9732052087783813,0.9710783958435059,0.9536259174346924,0.9783338308334351,0.9753091931343079,0.9577445387840271,0.9725478291511536,0.9737735986709595,0.9758029580116272,0.976669192314148,0.9844074845314026,0.9845275282859802,0.9829913377761841,0.9861217737197876,0.9832953810691833,0.9871610999107361,0.9874199628829956,0.9883049130439758,0.9890136122703552,0.9876525402069092,0.9854593873023987,0.9824410676956177,0.9832001328468323,0.9821465015411377,0.9802685379981995,0.9767169952392578,0.9822008013725281,0.9879995584487915,0.988082230091095,0.9887263774871826,0.9883727431297302,0.9913891553878784,0.9908292889595032,0.9924275279045105,0.9918963313102722,0.9887598156929016,0.9845125675201416,0.9778226613998413,0.971340537071228,0.979752242565155,0.9759092926979065,0.9728426933288574,0.9638056755065918,0.9708037376403809,0.9721357822418213,0.9775391817092896,0.9768285751342773,0.9803510308265686,0.9795905947685242,0.9860669374465942,0.9873015880584717,0.9881347417831421,0.9864035844802856,0.9868782758712769,0.9764129519462585,0.9405348896980286,0.4708470106124878
3,2, wonderful,0.13106681406497955,0.9652957916259766,0.9515517950057983,0.9441657662391663,0.8818473219871521,0.9780943393707275,0.9800204038619995,0.9723061323165894,0.9635716080665588,0.9634256362915039,0.9647279381752014,0.9312887191772461,0.9005497097969055,0.951218843460083,0.956905722618103,0.9643290042877197,0.9668330550193787,0.975429117679596,0.9772729277610779,0.9764755964279175,0.9759206771850586,0.9802037477493286,0.9806804060935974,0.980064332485199,0.984603226184845,0.9833834171295166,0.9833627343177795,0.9792246222496033,0.9734763503074646,0.9743866920471191,0.9760321378707886,0.9725355505943298,0.9708658456802368,0.9780764579772949,0.9793578386306763,0.9817458391189575,0.9821064472198486,0.9853161573410034,0.9864399433135986,0.983957052230835,0.9870805740356445,0.9869665503501892,0.9844785928726196,0.9817387461662292,0.9778107404708862,0.9817991256713867,0.9818567633628845,0.9815122485160828,0.978174090385437,0.9779800176620483,0.9785820245742798,0.9769431352615356,0.985722541809082,0.9842128157615662,0.9892609119415283,0.9875677227973938,0.989471435546875,0.9917830228805542,0.9891919493675232,0.9882187247276306,0.987287163734436,0.9752646684646606,0.9356180429458618,0.43746352195739746
3,3, and,0.07464232295751572,0.9512645602226257,0.9643194675445557,0.9613394737243652,0.9416108727455139,0.9552821516990662,0.9811738729476929,0.9820912480354309,0.9637817740440369,0.959130048751831,0.9780837297439575,0.957453191280365,0.9177144169807434,0.9460664987564087,0.9475159645080566,0.9537392258644104,0.9521708488464355,0.9598898887634277,0.9671770930290222,0.9709081649780273,0.9646978378295898,0.9697145223617554,0.97257399559021,0.968191385269165,0.972610354423523,0.9765276312828064,0.9748644828796387,0.9690768718719482,0.966185450553894,0.959683895111084,0.9623008370399475,0.9629458785057068,0.9523453712463379,0.9632427096366882,0.9636783003807068,0.9727605581283569,0.9701663255691528,0.9751203656196594,0.9790615439414978,0.9797670245170593,0.9761675596237183,0.9821677207946777,0.9755247235298157,0.9677497744560242,0.9716622233390808,0.96196049451828,0.9665665626525879,0.9576728940010071,0.9574413895606995,0.9699801206588745,0.9787530899047852,0.9755076766014099,0.9831101298332214,0.9804765582084656,0.988185703754425,0.9832150340080261,0.9891350865364075,0.9906509518623352,0.9916163086891174,0.9912863373756409,0.9885671734809875,0.981255292892456,0.9424586296081543,0.45944690704345703
3,4, I,0.1383327841758728,0.9582119584083557,0.9408842325210571,0.9550367593765259,0.9438361525535583,0.9694523215293884,0.9640330076217651,0.9667400121688843,0.9668358564376831,0.9705245494842529,0.9785196781158447,0.9734865427017212,0.963533878326416,0.9587218761444092,0.9611640572547913,0.934631884098053,0.9467978477478027,0.9569787383079529,0.9611302614212036,0.9627514481544495,0.9506925940513611,0.9592751860618591,0.9632056355476379,0.9616934061050415,0.9675962328910828,0.9742668271064758,0.9711024165153503,0.9660453200340271,0.9674179553985596,0.9617202281951904,0.9602322578430176,0.9605236649513245,0.9516971707344055,0.9574853181838989,0.9549994468688965,0.9689761400222778,0.9641780257225037,0.9704412221908569,0.9654307961463928,0.9724352955818176,0.9804043173789978,0.9828636050224304,0.9781070947647095,0.9743883609771729,0.9679688215255737,0.9728029370307922,0.972182035446167,0.9660303592681885,0.9756471514701843,0.9774168133735657,0.9825765490531921,0.9810242652893066,0.9860395789146423,0.9875438213348389,0.9894853830337524,0.9882039427757263,0.9888471961021423,0.9906274676322937,0.9909541606903076,0.9908572435379028,0.988230288028717,0.9725916385650635,0.9290966391563416,0.46295809745788574
3,5, feel,0.12917201220989227,0.9700507521629333,0.9738658666610718,0.9436161518096924,0.9380388259887695,0.949842631816864,0.9861931204795837,0.9809013605117798,0.968195378780365,0.9561555981636047,0.9608370661735535,0.9802891612052917,0.9719293713569641,0.9805702567100525,0.9746637940406799,0.9696898460388184,0.9795482158660889,0.9768645763397217,0.9778189659118652,0.9774132966995239,0.9796276092529297,0.9782008528709412,0.9761883616447449,0.9774213433265686,0.9831883311271667,0.9817460179328918,0.9826070070266724,0.9789073467254639,0.9733325839042664,0.9727652072906494,0.9704015851020813,0.9662051200866699,0.9652693271636963,0.9719402194023132,0.9734200835227966,0.9776960015296936,0.9797613620758057,0.9790003299713135,0.980675458908081,0.9797142744064331,0.986539900302887,0.9875800013542175,0.9831792712211609,0.9765496253967285,0.965717613697052,0.9792288541793823,0.9817476272583008,0.9732587337493896,0.9757187366485596,0.977836549282074,0.982734739780426,0.9721773266792297,0.9792637228965759,0.9865038394927979,0.986107349395752,0.9867883920669556,0.9857436418533325,0.9884471297264099,0.9900863170623779,0.9891048073768616,0.9891831278800964,0.9767256379127502,0.935466468334198,0.5217664837837219
4,0,This,0.11926202476024628,0.897817850112915,0.9793265461921692,0.9543583989143372,0.5554473996162415,0.9997192621231079,0.9998041987419128,0.9999995827674866,0.9999933242797852,0.9999997019767761,0.9999785423278809,0.9999998807907104,0.9999929666519165,0.9999993443489075,0.9999991059303284,0.9999982714653015,0.9999992847442627,0.9999995231628418,0.9999996423721313,0.9999977350234985,0.9999992847442627,0.9999995827674866,0.9999924898147583,0.9999991059303284,0.9999997615814209,0.9999995231628418,0.999999463558197,0.9999988675117493,0.9999988079071045,0.9999992251396179,0.9999995827674866,0.9999988675117493,0.999998152256012,0.9999925494194031,0.9999986290931702,0.999967634677887,0.9999976754188538,0.9999907612800598,0.9999944567680359,0.9999936819076538,0.9999943971633911,0.9999943971633911,0.9999963045120239,0.9999980926513672,0.9999990463256836,0.9999995231628418,0.9999993443489075,0.9999993443489075,0.9999995231628418,0.9999969005584717,0.9999990463256836,0.9999990463256836,0.9999986290931702,0.9999987483024597,0.9999988079071045,0.9999985098838806,0.9999938607215881,0.9999926686286926,0.9999805092811584,0.999920129776001,0.9986538887023926,0.9992268681526184,0.9960570931434631,0.3308892250061035
4,1, is,0.10284645855426788,0.9570023417472839,0.9768725633621216,0.962715208530426,0.8358184695243835,0.9380930662155151,0.9832956194877625,0.987637460231781,0.9798486828804016,0.9788727760314941,0.9849209189414978,0.9882833957672119,0.9872229695320129,0.9891016483306885,0.9897936582565308,0.9899811744689941,0.9905964732170105,0.9920617341995239,0.9910300970077515,0.9902976751327515,0.9909900426864624,0.990912914276123,0.9918439388275146,0.9933316707611084,0.9916256070137024,0.9932275414466858,0.9917688965797424,0.9903398752212524,0.9907534122467041,0.9913509488105774,0.9923101663589478,0.9918182492256165,0.9874476790428162,0.991614818572998,0.993285059928894,0.9908643960952759,0.99238520860672,0.9914118647575378,0.9936423301696777,0.9942689538002014,0.9950656294822693,0.9940383434295654,0.9913310408592224,0.9900717735290527,0.9869058132171631,0.9883342385292053,0.9869484901428223,0.9819148182868958,0.9828757643699646,0.976416826248169,0.982469379901886,0.9794571399688721,0.9789907932281494,0.9825032949447632,0.980689525604248,0.9746575951576233,0.9817880988121033,0.9845230579376221,0.9872748255729675,0.9858519434928894,0.9775661826133728,0.9548289775848389,0.9077387452125549,0.5057432651519775
4,2, the,0.08487989008426666,0.9503329992294312,0.971407949924469,0.9628701210021973,0.8988113403320312,0.9625207185745239,0.9708979725837708,0.9906125068664551,0.9825875163078308,0.9801442623138428,0.9766947031021118,0.9764584302902222,0.9566900730133057,0.9679338335990906,0.9752827882766724,0.9732751846313477,0.9779513478279114,0.9828608632087708,0.9842746257781982,0.9837132692337036,0.9805323481559753,0.9822495579719543,0.9845304489135742,0.9874976873397827,0.9884936809539795,0.9895678162574768,0.9863601326942444,0.985754668712616,0.9870167374610901,0.9844967126846313,0.9866065382957458,0.9857016205787659,0.97828608751297,0.9841737747192383,0.9852848649024963,0.9878008365631104,0.9881511926651001,0.9877335429191589,0.9903439879417419,0.9906520247459412,0.9904695153236389,0.9929813146591187,0.9903764724731445,0.984836220741272,0.9820569157600403,0.9790858626365662,0.9784940481185913,0.9797747731208801,0.9711506366729736,0.9699271321296692,0.9720907211303711,0.9701745510101318,0.9730342030525208,0.9762477874755859,0.9817323684692383,0.9802312850952148,0.9824467301368713,0.9785956740379333,0.9834851622581482,0.9832368493080139,0.9753684401512146,0.9599593877792358,0.9255653023719788,0.460221529006958
4,3, most,0.15364192426204681,0.9540292620658875,0.8655742406845093,0.9326138496398926,0.9537083506584167,0.9752385020256042,0.9531350135803223,0.9854609966278076,0.977065920829773,0.9667177200317383,0.9808816909790039,0.9763588309288025,0.9521490335464478,0.9673598408699036,0.9703521728515625,0.9740157127380371,0.9753403663635254,0.9782553911209106,0.9810819029808044,0.9816982746124268,0.9787144064903259,0.9771727919578552,0.9830833673477173,0.9851042628288269,0.9848073124885559,0.984198272228241,0.9806123375892639,0.9822267293930054,0.9765690565109253,0.9757547378540039,0.9772640466690063,0.977133572101593,0.9739018678665161,0.9795328378677368,0.981896698474884,0.9836265444755554,0.9845826625823975,0.983842134475708,0.9873082637786865,0.9890457391738892,0.9828060269355774,0.9910362958908081,0.9882663488388062,0.9847965836524963,0.981425940990448,0.981078565120697,0.9830308556556702,0.9829012155532837,0.9675769805908203,0.9813240766525269,0.9844784140586853,0.9747880697250366,0.9824545979499817,0.9874354004859924,0.9864727854728699,0.9856973886489868,0.9903324842453003,0.9924916625022888,0.9919347167015076,0.9912484884262085,0.9903262257575989,0.9801821112632751,0.9480020403862,0.45277929306030273
4,4, amazing,0.14541582763195038,0.9667511582374573,0.9672367572784424,0.9228113293647766,0.9187109470367432,0.8992981910705566,0.9694355130195618,0.973185122013092,0.955048680305481,0.9680818915367126,0.9713739156723022,0.9652221202850342,0.9414971470832825,0.9613967537879944,0.967072606086731,0.9765871167182922,0.9783852696418762,0.979285478591919,0.9841769337654114,0.9791972041130066,0.983243465423584,0.9849385023117065,0.9867260456085205,0.9859592318534851,0.98420649766922,0.986612856388092,0.9858260154724121,0.9845952391624451,0.9779698252677917,0.9745303392410278,0.9734933376312256,0.9748625159263611,0.9729257822036743,0.9795222282409668,0.9785856008529663,0.980469822883606,0.9820791482925415,0.9844638705253601,0.9848089218139648,0.9859297871589661,0.9863260388374329,0.9899957180023193,0.9865543246269226,0.9842886328697205,0.9801481366157532,0.9840275049209595,0.9863560199737549,0.9839035272598267,0.9827252626419067,0.9816895127296448,0.983056366443634,0.981275200843811,0.9880927205085754,0.9889232516288757,0.9900628328323364,0.9892515540122986,0.9906324744224548,0.9929287433624268,0.9942447543144226,0.9932332634925842,0.9915024638175964,0.9841759204864502,0.9544562697410583,0.4272489547729492
4,5, thing,0.13895884156227112,0.9658510088920593,0.9727937579154968,0.9561677575111389,0.9321365356445312,0.9273271560668945,0.9583463668823242,0.9691501259803772,0.9568010568618774,0.9556364417076111,0.9697265028953552,0.9295822978019714,0.89739990234375,0.9416444301605225,0.9580456614494324,0.9639841318130493,0.9678235054016113,0.9721765518188477,0.9782946109771729,0.9727307558059692,0.9767213463783264,0.9797001481056213,0.984657347202301,0.9834186434745789,0.9818517565727234,0.9824845194816589,0.9820354580879211,0.976437509059906,0.9776560664176941,0.9682061076164246,0.9722959399223328,0.9671575427055359,0.9606662392616272,0.9741638898849487,0.9757509231567383,0.9763662219047546,0.977111279964447,0.9819995760917664,0.9785465598106384,0.9837357997894287,0.982111394405365,0.9854189157485962,0.9840381145477295,0.9782601594924927,0.9667696356773376,0.9684076309204102,0.9763402938842773,0.9700640439987183,0.9746934771537781,0.9742878079414368,0.976178765296936,0.9722837805747986,0.9807496070861816,0.9796131253242493,0.987790048122406,0.9839343428611755,0.9861008524894714,0.989668071269989,0.9904310703277588,0.9876642823219299,0.9869723320007324,0.9750986099243164,0.9129014015197754,0.4952598512172699
4,6, I,0.13413973152637482,0.9599053263664246,0.9238362312316895,0.967136025428772,0.9401106834411621,0.9543898701667786,0.9758109450340271,0.9465005397796631,0.9693425893783569,0.9689965844154358,0.9812506437301636,0.9569164514541626,0.9120479822158813,0.9445808529853821,0.956582248210907,0.9582245349884033,0.955806314945221,0.9645456075668335,0.9675381779670715,0.9671164751052856,0.9678761959075928,0.9737975001335144,0.9741413593292236,0.9703227281570435,0.9719015955924988,0.97843337059021,0.9731647968292236,0.9752907752990723,0.970151424407959,0.9679914116859436,0.9663397073745728,0.9643094539642334,0.9472585916519165,0.9586309790611267,0.9560959935188293,0.9698839783668518,0.9688494205474854,0.9728415012359619,0.9765223264694214,0.9768019914627075,0.9809219837188721,0.9838129281997681,0.979042649269104,0.9747554063796997,0.9632799029350281,0.9655098915100098,0.9520520567893982,0.955626904964447,0.9593213200569153,0.965565025806427,0.9725376963615417,0.9709999561309814,0.9800236225128174,0.9770086407661438,0.9831426739692688,0.9778330326080322,0.9802986979484558,0.9863476157188416,0.9890178442001343,0.9861458539962769,0.9872716665267944,0.972698986530304,0.925055980682373,0.4660889208316803
4,7, have,0.175089493393898,0.9679344892501831,0.9778621196746826,0.9585701823234558,0.9233359098434448,0.9432035088539124,0.9783170223236084,0.9081304669380188,0.963257908821106,0.9461009502410889,0.9678942561149597,0.9473240971565247,0.9345265030860901,0.9517122507095337,0.9622798562049866,0.9595096111297607,0.9557758569717407,0.9730014204978943,0.9740081429481506,0.9768536686897278,0.9742020964622498,0.9793835282325745,0.9802782535552979,0.9826987981796265,0.9807314872741699,0.9769513010978699,0.976566731929779,0.9751596450805664,0.9786397218704224,0.9714999198913574,0.9682005047798157,0.9661661386489868,0.9597753286361694,0.9706150889396667,0.9729557037353516,0.9786242842674255,0.9791986346244812,0.981455385684967,0.9789982438087463,0.9813081622123718,0.9799331426620483,0.9858146905899048,0.9838814735412598,0.9813894629478455,0.9740586280822754,0.978339433670044,0.9768731594085693,0.9717479348182678,0.9746459722518921,0.9733719825744629,0.9800735116004944,0.9717468023300171,0.9779995679855347,0.982247531414032,0.9832702279090881,0.9830302000045776,0.9762618541717529,0.9835553765296936,0.9877784252166748,0.9846460223197937,0.9873969554901123,0.9777127504348755,0.9281438589096069,0.4836220145225525
4,8, ever,0.1549072563648224,0.9723240733146667,0.9673188924789429,0.9575141668319702,0.9025772213935852,0.9600374698638916,0.9638118147850037,0.8868749737739563,0.9028903245925903,0.9525255560874939,0.9631102681159973,0.9381712079048157,0.9436006546020508,0.950865626335144,0.9600732326507568,0.9606871604919434,0.9583902359008789,0.9723524451255798,0.9772783517837524,0.9815415740013123,0.9800279140472412,0.9846974015235901,0.9849555492401123,0.9874941110610962,0.9847328662872314,0.9852569699287415,0.983863353729248,0.9807738661766052,0.9830449223518372,0.9785584807395935,0.9750958681106567,0.9714792370796204,0.9648194909095764,0.9723386764526367,0.9720650315284729,0.9790488481521606,0.978654682636261,0.9819968938827515,0.9809964895248413,0.9779538512229919,0.9793375730514526,0.9845927953720093,0.9805841445922852,0.9779414534568787,0.9679542779922485,0.9789832830429077,0.976176381111145,0.9707686305046082,0.9738971590995789,0.9666792750358582,0.9763696193695068,0.9728646874427795,0.9743452072143555,0.980927050113678,0.9828578233718872,0.9817325472831726,0.9860622882843018,0.9898008704185486,0.9876083135604858,0.9843890070915222,0.986778974533081,0.9772891402244568,0.9342783093452454,0.47376951575279236
5,0,I,0.08573399484157562,0.9251922369003296,0.9741673469543457,0.9296173453330994,0.5494346618652344,0.9995276927947998,0.9997206926345825,0.9999966025352478,0.9999959468841553,0.999997079372406,0.9999734163284302,0.9999994039535522,0.9999958872795105,0.9999968409538269,0.999996542930603,0.9999959468841553,0.9999971389770508,0.9999970197677612,0.9999996423721313,0.9999955892562866,0.999997079372406,0.999999463558197,0.999995768070221,0.999996542930603,0.9999996423721313,0.9999995827674866,0.999999463558197,0.9999963641166687,0.9999962449073792,0.9999991059303284,0.9999992251396179,0.9999968409538269,0.9999958276748657,0.9999961256980896,0.9999961256980896,0.9999587535858154,0.9999960064888,0.9999924302101135,0.9999898672103882,0.9999920129776001,0.9999971985816956,0.9999966025352478,0.9999952912330627,0.9999982118606567,0.9999971985816956,0.9999974966049194,0.9999992251396179,0.9999990463256836,0.9999994039535522,0.9999966025352478,0.9999986290931702,0.9999983310699463,0.9999982714653015,0.9999983310699463,0.9999984502792358,0.9999969601631165,0.9999963045120239,0.9999905228614807,0.9999828338623047,0.9999439120292664,0.9987216591835022,0.9992188215255737,0.9960567951202393,0.23943710327148438
5,1, love,0.11074637621641159,0.9743901491165161,0.9660870432853699,0.9519965052604675,0.8091167211532593,0.9591362476348877,0.9764978289604187,0.9878965616226196,0.9713572263717651,0.9610043168067932,0.9753082394599915,0.9830105304718018,0.9826350808143616,0.979158878326416,0.9855805039405823,0.9848585724830627,0.9854688048362732,0.9866943955421448,0.9872551560401917,0.9877852201461792,0.9854845404624939,0.9834732413291931,0.9861639142036438,0.9858945608139038,0.9849809408187866,0.9879658818244934,0.9865737557411194,0.985546886920929,0.9850877523422241,0.9856932163238525,0.9823322296142578,0.9848794937133789,0.9774343371391296,0.9844156503677368,0.9853048920631409,0.9829850196838379,0.9856494665145874,0.9842023253440857,0.9867095351219177,0.9846343994140625,0.9910317659378052,0.9910297989845276,0.9871839880943298,0.984971284866333,0.9822765588760376,0.9816310405731201,0.9803356528282166,0.9851934909820557,0.9835079312324524,0.9804775714874268,0.9827444553375244,0.9811264872550964,0.9853197336196899,0.9884136319160461,0.989913821220398,0.990664005279541,0.9914414882659912,0.9922918081283569,0.9929714202880859,0.9922548532485962,0.9892402291297913,0.9819555878639221,0.9428247809410095,0.47356298565864563
5,2, this,0.16976489126682281,0.9723979234695435,0.9628881216049194,0.9540321230888367,0.9208930134773254,0.9505836963653564,0.9760962128639221,0.9839569330215454,0.9743444919586182,0.9532363414764404,0.9628800749778748,0.9677926898002625,0.9306593537330627,0.9420434832572937,0.9585889577865601,0.9583973288536072,0.9651631712913513,0.970212996006012,0.9766045212745667,0.9792907238006592,0.9755546450614929,0.9801133275032043,0.9825959205627441,0.9782291650772095,0.97836834192276,0.983318030834198,0.9799055457115173,0.9780187606811523,0.9772741794586182,0.9747983813285828,0.9760306477546692,0.9743406176567078,0.9674604535102844,0.9778883457183838,0.9789149761199951,0.9811745285987854,0.9790104627609253,0.9831717610359192,0.9867508411407471,0.9859992265701294,0.9843710660934448,0.989964485168457,0.9852504730224609,0.9825292825698853,0.9803537130355835,0.9850310683250427,0.9801609516143799,0.9792816638946533,0.9729703664779663,0.9775624871253967,0.9809008240699768,0.9773343205451965,0.9838026165962219,0.9869562387466431,0.9891906380653381,0.9885203838348389,0.9877161979675293,0.9912622570991516,0.9939515590667725,0.9937429428100586,0.9914283156394958,0.9843990206718445,0.9543887972831726,0.43753257393836975
5,3, so,0.16457019746303558,0.9701073169708252,0.9612247347831726,0.9557272791862488,0.9335972666740417,0.9598910808563232,0.9616263508796692,0.9743900299072266,0.9677858352661133,0.944492518901825,0.9648371338844299,0.9377468824386597,0.9167490005493164,0.9327024817466736,0.9552518129348755,0.9648888111114502,0.9582540392875671,0.9719581604003906,0.9756579399108887,0.9764100313186646,0.9742897152900696,0.9770607352256775,0.9825797080993652,0.9816373586654663,0.9825754165649414,0.9803097248077393,0.9805963635444641,0.9749202132225037,0.9748569130897522,0.9657948017120361,0.9706409573554993,0.9663348197937012,0.9552433490753174,0.973330557346344,0.979271411895752,0.9806153178215027,0.9818848967552185,0.982164204120636,0.9841722846031189,0.9861059784889221,0.9874280095100403,0.988065779209137,0.9849007725715637,0.9739574193954468,0.970660924911499,0.978341281414032,0.9774017333984375,0.9729684591293335,0.9479347467422485,0.9709054827690125,0.9782398343086243,0.9602276682853699,0.974753737449646,0.9521371722221375,0.9764136075973511,0.9674199819564819,0.9762789011001587,0.985149621963501,0.978390097618103,0.9786840677261353,0.9837135672569275,0.977105975151062,0.9498447179794312,0.4308331310749054
5,4, much,0.16702891886234283,0.975239634513855,0.9623414278030396,0.858515202999115,0.945276141166687,0.9287993311882019,0.9535036087036133,0.983916699886322,0.9585549831390381,0.9154372215270996,0.9404630661010742,0.923439621925354,0.9192013144493103,0.9443372488021851,0.9538621306419373,0.9642082452774048,0.9597053527832031,0.9673254489898682,0.9767248034477234,0.9752971529960632,0.9755830764770508,0.9782271981239319,0.979735791683197,0.9763127565383911,0.9818587899208069,0.9819296002388,0.9818881750106812,0.9742087125778198,0.9751753211021423,0.9659785032272339,0.9702966809272766,0.9653797149658203,0.9580752849578857,0.9724990129470825,0.9762993454933167,0.9800208806991577,0.9780098795890808,0.9815598130226135,0.9788402915000916,0.9818925857543945,0.9882940649986267,0.9871416091918945,0.9853613376617432,0.9735623598098755,0.9777321815490723,0.9814448356628418,0.9821056723594666,0.9811068177223206,0.9688583016395569,0.9762600660324097,0.9787012338638306,0.9763143062591553,0.9785231947898865,0.9844104647636414,0.9836089611053467,0.9844300746917725,0.9811267256736755,0.9919667840003967,0.9874477386474609,0.9882256984710693,0.9871712327003479,0.9731416702270508,0.9230635762214661,0.46078380942344666
5,5,",",0.05954840034246445,0.9554570317268372,0.9765205383300781,0.9708926677703857,0.9389915466308594,0.9613544344902039,0.9784639477729797,0.9345158934593201,0.9749280214309692,0.961001992225647,0.9775070548057556,0.95675128698349,0.901165783405304,0.9231154918670654,0.9322305917739868,0.9432687163352966,0.9425678253173828,0.9511972069740295,0.9657690525054932,0.9603003859519958,0.9565271735191345,0.9613059759140015,0.9731253981590271,0.9629764556884766,0.9689542055130005,0.9727910161018372,0.9714810848236084,0.969444990158081,0.9698178768157959,0.9632514715194702,0.9656561613082886,0.9628300666809082,0.9515261650085449,0.9608922600746155,0.9626661539077759,0.9709007740020752,0.9673848748207092,0.9743407368659973,0.9735161066055298,0.9702508449554443,0.9812336564064026,0.9852122068405151,0.9812233448028564,0.9726096391677856,0.9710456132888794,0.9756706953048706,0.971123456954956,0.9755805134773254,0.9756902456283569,0.9794018864631653,0.983754575252533,0.9787093997001648,0.9845648407936096,0.9900597929954529,0.9865139126777649,0.9884172081947327,0.9884824752807617,0.989608108997345,0.9924042224884033,0.9927309155464172,0.9904639720916748,0.98186194896698,0.928094208240509,0.46185749769210815
5,6, it,0.22875264286994934,0.9540209770202637,0.9735051393508911,0.9614225029945374,0.9458456039428711,0.9583547115325928,0.9655838012695312,0.8775549530982971,0.9540939927101135,0.9629136919975281,0.9650238156318665,0.9727333784103394,0.9536588191986084,0.955000102519989,0.9362866878509521,0.9378462433815002,0.9528135061264038,0.9586980938911438,0.9598514437675476,0.9611592888832092,0.9630406498908997,0.9642828702926636,0.9700235724449158,0.9661288261413574,0.9739459156990051,0.9777483940124512,0.9741166234016418,0.9576553702354431,0.9607445001602173,0.9498330354690552,0.9589313268661499,0.9598966240882874,0.9458852410316467,0.9648284912109375,0.9666761159896851,0.974763035774231,0.9751406908035278,0.9765589833259583,0.9747886657714844,0.9765453338623047,0.9777382612228394,0.9856308102607727,0.9815402626991272,0.9744192957878113,0.9698625206947327,0.9788071513175964,0.9746899008750916,0.9759991765022278,0.9780429601669312,0.9784554839134216,0.983786940574646,0.9783640503883362,0.9801163077354431,0.9863169193267822,0.9864223599433899,0.9816819429397583,0.9815735220909119,0.9864147901535034,0.9892311096191406,0.9870288372039795,0.9833441972732544,0.9768134355545044,0.9173061847686768,0.49527281522750854
5,7, makes,0.1299566775560379,0.9672033786773682,0.971895694732666,0.9610557556152344,0.9281499981880188,0.9664326310157776,0.9786763787269592,0.9634007811546326,0.9398515820503235,0.9353234767913818,0.9747852683067322,0.9795394539833069,0.9781737923622131,0.9662075638771057,0.9596601128578186,0.9587620496749878,0.9627710580825806,0.9637235999107361,0.9717158675193787,0.9702663421630859,0.9710066318511963,0.968458354473114,0.9799157977104187,0.9813164472579956,0.9825247526168823,0.9838621020317078,0.9830589890480042,0.9717794060707092,0.9753580093383789,0.972393810749054,0.9685824513435364,0.9617257714271545,0.9585615396499634,0.9701052904129028,0.9713762998580933,0.9785814881324768,0.9783410429954529,0.9739803075790405,0.9793227910995483,0.9794896245002747,0.978878915309906,0.9863064289093018,0.9829944372177124,0.9713863134384155,0.9727080464363098,0.9752722382545471,0.9725990891456604,0.9711318016052246,0.9784042835235596,0.9755644202232361,0.979361891746521,0.9648372530937195,0.9776278138160706,0.9775357246398926,0.9800384640693665,0.979890763759613,0.9837061166763306,0.9867136478424072,0.9878952503204346,0.9867931008338928,0.9878347516059875,0.9806886315345764,0.9355453848838806,0.47228679060935974
5,8, me,0.16931842267513275,0.9703943729400635,0.9413676261901855,0.9577715992927551,0.9427057504653931,0.9607176184654236,0.9415020942687988,0.9784078001976013,0.9541640281677246,0.9368228912353516,0.957917332649231,0.9764410257339478,0.9740889668464661,0.8978283405303955,0.956855058670044,0.9607123732566833,0.9602101445198059,0.9650059938430786,0.9732687473297119,0.9670565724372864,0.9697795510292053,0.9729467034339905,0.9794683456420898,0.9791423082351685,0.9786304831504822,0.9827257990837097,0.980036735534668,0.9735400676727295,0.9719682931900024,0.9684759974479675,0.9723817706108093,0.9666920304298401,0.9601811170578003,0.9668842554092407,0.9751948714256287,0.9735214710235596,0.9753567576408386,0.9723823666572571,0.9725388288497925,0.9710032343864441,0.9810642004013062,0.9847960472106934,0.98183274269104,0.9777979254722595,0.9688791036605835,0.9697457551956177,0.9789337515830994,0.9726163148880005,0.9561700224876404,0.9684346914291382,0.9754241108894348,0.9653189778327942,0.9776188135147095,0.981231153011322,0.9745091795921326,0.981285035610199,0.9824268221855164,0.9841781258583069,0.9836819171905518,0.9836309552192688,0.9819323420524597,0.9717039465904236,0.9258894920349121,0.5503685474395752
5,9, feel,0.12646932899951935,0.9742552638053894,0.9726882576942444,0.9155704975128174,0.9534581899642944,0.8431574106216431,0.967454195022583,0.98255854845047,0.9787247776985168,0.9579102993011475,0.9562376737594604,0.963362991809845,0.9666401743888855,0.9362585544586182,0.9674880504608154,0.9703559875488281,0.9723911881446838,0.9759161472320557,0.9785516262054443,0.9754259586334229,0.9806122183799744,0.97824627161026,0.981937050819397,0.9836000800132751,0.9856168031692505,0.9855285286903381,0.9847496747970581,0.9797378182411194,0.9768291711807251,0.9718326926231384,0.9742972254753113,0.9639744758605957,0.9685244560241699,0.9761030077934265,0.9795916080474854,0.9807883501052856,0.9822220802307129,0.9804782271385193,0.9811286926269531,0.9771772027015686,0.9808893799781799,0.9887964129447937,0.9850736260414124,0.9785940051078796,0.9688949584960938,0.9811440110206604,0.9823742508888245,0.9768874645233154,0.9741430878639221,0.9777676463127136,0.9773941040039062,0.9710065722465515,0.9824817776679993,0.984991192817688,0.9817764759063721,0.9845160841941833,0.9826267957687378,0.9876077175140381,0.9896534085273743,0.987680196762085,0.987044632434845,0.9760334491729736,0.9369974732398987,0.520652174949646
6,0,What,0.13245610892772675,0.9044758677482605,0.9761969447135925,0.9624727964401245,0.5222535133361816,0.9997383952140808,0.9998210072517395,0.9999995231628418,0.9999939203262329,0.9999996423721313,0.9999803304672241,0.9999997615814209,0.9999934434890747,0.9999995231628418,0.9999990463256836,0.9999982714653015,0.9999994039535522,0.9999995231628418,0.9999998211860657,0.9999977946281433,0.9999992847442627,0.9999995827674866,0.9999930262565613,0.9999990463256836,0.9999998211860657,0.9999997019767761,0.9999995231628418,0.9999989867210388,0.9999988079071045,0.9999994039535522,0.9999997615814209,0.9999989867210388,0.9999983310699463,0.9999930262565613,0.9999987483024597,0.9999706745147705,0.9999979734420776,0.9999912977218628,0.9999948740005493,0.9999942779541016,0.9999949336051941,0.9999950528144836,0.9999964237213135,0.9999982118606567,0.9999991655349731,0.9999996423721313,0.9999995231628418,0.9999995231628418,0.9999995231628418,0.9999970197677612,0.9999988079071045,0.9999988079071045,0.9999986886978149,0.999998927116394,0.9999990463256836,0.9999988079071045,0.9999943971633911,0.9999932050704956,0.9999818205833435,0.9999238848686218,0.9987543225288391,0.9993358850479126,0.9960922598838806,0.34524282813072205
6,1, a,0.05916247144341469,0.9638392329216003,0.9633517265319824,0.9581416845321655,0.9152395129203796,0.9196792840957642,0.8720376491546631,0.9830291271209717,0.9663200974464417,0.9461196064949036,0.9704612493515015,0.9683592915534973,0.9575115442276001,0.9705080389976501,0.9765307903289795,0.9768036007881165,0.9744691252708435,0.9845130443572998,0.9858137965202332,0.9843842387199402,0.9862940907478333,0.9854368567466736,0.987145185470581,0.988370418548584,0.9868861436843872,0.9856882691383362,0.9856156706809998,0.9848215579986572,0.9819211959838867,0.9806842803955078,0.9795879125595093,0.9783157110214233,0.970403254032135,0.9800248146057129,0.9824550151824951,0.9810307025909424,0.9849734306335449,0.9855141043663025,0.9886342883110046,0.9895036220550537,0.9903081059455872,0.9897367358207703,0.9869320392608643,0.9826961755752563,0.9672123193740845,0.9758930802345276,0.9651767015457153,0.9748290181159973,0.9691916108131409,0.9646283388137817,0.9748376607894897,0.9672820568084717,0.9765046238899231,0.9797455072402954,0.9810917973518372,0.984718382358551,0.9867305159568787,0.9901083111763,0.9885860085487366,0.9893966317176819,0.9866344928741455,0.9794453978538513,0.9539456367492676,0.42220333218574524
6,2, beautiful,0.12929441034793854,0.9705592393875122,0.9520893692970276,0.9653404355049133,0.9102936387062073,0.9813467860221863,0.9519414901733398,0.9802286028862,0.960713803768158,0.9616189002990723,0.9587520956993103,0.9668294787406921,0.9367551803588867,0.9380285143852234,0.9641887545585632,0.9659824371337891,0.9657300710678101,0.978736937046051,0.9817439317703247,0.9818775057792664,0.9819016456604004,0.9826270341873169,0.9867839217185974,0.9867362976074219,0.9867342710494995,0.9872837662696838,0.9804812669754028,0.9832829833030701,0.9829590320587158,0.9803169965744019,0.9807736277580261,0.9789819717407227,0.9684574604034424,0.9770296812057495,0.9804995059967041,0.9785484075546265,0.9803199172019958,0.9793752431869507,0.9837234616279602,0.9826886653900146,0.9782581925392151,0.9850875735282898,0.9744906425476074,0.9763177037239075,0.9744704961776733,0.9741151332855225,0.9780416488647461,0.9805447459220886,0.977969229221344,0.9799265265464783,0.9762588143348694,0.9755619764328003,0.9820986986160278,0.9815029501914978,0.9870792031288147,0.9882856607437134,0.9886633157730103,0.9901504516601562,0.9904981255531311,0.9914751052856445,0.9904072880744934,0.9825782179832458,0.956818163394928,0.43443629145622253
6,3, and,0.07606397569179535,0.9613807201385498,0.9354314208030701,0.9650755524635315,0.9341431260108948,0.9645823240280151,0.9802192449569702,0.9848421812057495,0.9342103004455566,0.9601483345031738,0.9701651930809021,0.9247499108314514,0.9276651740074158,0.933229386806488,0.9567825198173523,0.9610663056373596,0.9649754762649536,0.9700959324836731,0.9725022315979004,0.9736174941062927,0.9682491421699524,0.9754711389541626,0.9807780981063843,0.9777536392211914,0.982280969619751,0.9852206707000732,0.9745422601699829,0.9736675024032593,0.972150444984436,0.9728296399116516,0.9742633104324341,0.9734330177307129,0.9610583186149597,0.967496931552887,0.9680871963500977,0.9669837355613708,0.9681863188743591,0.9708864092826843,0.9711627960205078,0.9738878011703491,0.9701451063156128,0.983788251876831,0.9775330424308777,0.9702645540237427,0.9743351936340332,0.9751545190811157,0.9686295986175537,0.9826049208641052,0.960602343082428,0.982413649559021,0.9839159846305847,0.9778905510902405,0.9799050688743591,0.9813583493232727,0.9867841005325317,0.9887732267379761,0.9903457164764404,0.990707516670227,0.9921310544013977,0.9924349188804626,0.990843653678894,0.9800297021865845,0.9510537981987,0.4586060047149658
6,4, perfect,0.11588262766599655,0.9668134450912476,0.9678832292556763,0.9569402933120728,0.9152365922927856,0.9540954232215881,0.983475923538208,0.9728927612304688,0.9553964138031006,0.9344034790992737,0.9549397826194763,0.9521225094795227,0.955937385559082,0.9603909254074097,0.9632055759429932,0.9670498371124268,0.9696155786514282,0.9713539481163025,0.9762486815452576,0.9790230393409729,0.9804264903068542,0.9813359975814819,0.9783492684364319,0.9826050400733948,0.9854188561439514,0.9841241240501404,0.982692301273346,0.9772061109542847,0.9778721928596497,0.968137264251709,0.9723863005638123,0.9772827625274658,0.9664610624313354,0.9712188839912415,0.9762736558914185,0.9749974012374878,0.9753374457359314,0.9789637923240662,0.9805041551589966,0.9798640608787537,0.9746773838996887,0.9863190054893494,0.9849863648414612,0.9741569757461548,0.9774096012115479,0.9730747938156128,0.9717292189598083,0.978236198425293,0.9777585864067078,0.9755001068115234,0.9811473488807678,0.9723720550537109,0.983323872089386,0.9831035733222961,0.9874325394630432,0.9874730706214905,0.9898748993873596,0.9899988770484924,0.992012619972229,0.9927603602409363,0.9915257096290588,0.9842774271965027,0.9525561928749084,0.43662551045417786
7,0,I,0.08573399484157562,0.9251922369003296,0.9741673469543457,0.9296173453330994,0.5494346618652344,0.9995276927947998,0.9997206926345825,0.9999966025352478,0.9999959468841553,0.999997079372406,0.9999734163284302,0.9999994039535522,0.9999958872795105,0.9999968409538269,0.999996542930603,0.9999959468841553,0.9999971389770508,0.9999970197677612,0.9999996423721313,0.9999955892562866,0.999997079372406,0.999999463558197,0.999995768070221,0.999996542930603,0.9999996423721313,0.9999995827674866,0.999999463558197,0.9999963641166687,0.9999962449073792,0.9999991059303284,0.9999992251396179,0.9999968409538269,0.9999958276748657,0.9999961256980896,0.9999961256980896,0.9999587535858154,0.9999960064888,0.9999924302101135,0.9999898672103882,0.9999920129776001,0.9999971985816956,0.9999966025352478,0.9999952912330627,0.9999982118606567,0.9999971985816956,0.9999974966049194,0.9999992251396179,0.9999990463256836,0.9999994039535522,0.9999966025352478,0.9999986290931702,0.9999983310699463,0.9999982714653015,0.9999983310699463,0.9999984502792358,0.9999969601631165,0.9999963045120239,0.9999905228614807,0.9999828338623047,0.9999439120292664,0.9987216591835022,0.9992188215255737,0.9960567951202393,0.23943710327148438
7,1,'m,0.14405682682991028,0.9698008298873901,0.9677218794822693,0.933413028717041,0.9282993078231812,0.9726760387420654,0.9739944934844971,0.990665078163147,0.9765897989273071,0.9727031588554382,0.9831786751747131,0.987190842628479,0.9879113435745239,0.9876669049263,0.9899948835372925,0.9906717538833618,0.990361750125885,0.9897156953811646,0.9903213381767273,0.9885280728340149,0.9890146851539612,0.9863002896308899,0.9888473749160767,0.9895771145820618,0.9919419288635254,0.9927952885627747,0.9903972744941711,0.9893217086791992,0.9895323514938354,0.9898520112037659,0.9877596497535706,0.9916464686393738,0.9859664440155029,0.9873961806297302,0.9896660447120667,0.9878481030464172,0.9898081421852112,0.9876472353935242,0.9904438853263855,0.9922271370887756,0.993462085723877,0.9927136898040771,0.9897799491882324,0.98795485496521,0.9867871999740601,0.98702073097229,0.9836750626564026,0.9874573945999146,0.9851094484329224,0.9821420311927795,0.9816130995750427,0.9802910089492798,0.9824092388153076,0.987602174282074,0.9876387119293213,0.9861340522766113,0.9877017140388489,0.9885001182556152,0.9891334176063538,0.9861563444137573,0.9846864938735962,0.9674950838088989,0.9196804761886597,0.5324863195419312
7,2, thrilled,0.12979534268379211,0.9637507200241089,0.8301635384559631,0.9625277519226074,0.9306413531303406,0.982261598110199,0.9440194368362427,0.9708079695701599,0.9705656170845032,0.9656077027320862,0.9706170558929443,0.9784289598464966,0.9670459032058716,0.974493145942688,0.9701346755027771,0.980651319026947,0.9821067452430725,0.9868785738945007,0.9873042106628418,0.985609769821167,0.9861829876899719,0.9840907454490662,0.9889798164367676,0.987671971321106,0.9891665577888489,0.9880731105804443,0.987403392791748,0.9858533143997192,0.9836152195930481,0.9823958873748779,0.9776039719581604,0.9770392179489136,0.9727445840835571,0.9784790873527527,0.9795446991920471,0.9789396524429321,0.9826862215995789,0.9808806777000427,0.9799602031707764,0.9834620952606201,0.9849126935005188,0.9903637170791626,0.9879881739616394,0.982640266418457,0.9816885590553284,0.9823988080024719,0.9822676777839661,0.9804985523223877,0.9806197285652161,0.9762673377990723,0.981802761554718,0.9697027802467346,0.9759382605552673,0.9821664094924927,0.983346164226532,0.98711097240448,0.9852308034896851,0.9907916188240051,0.9928700923919678,0.9900985360145569,0.9886428117752075,0.9794445633888245,0.9421502351760864,0.42724019289016724
7,3, and,0.09013191610574722,0.9557788372039795,0.9613854885101318,0.9624817371368408,0.947837233543396,0.9566221833229065,0.9843655824661255,0.978900134563446,0.9692162871360779,0.9450381398200989,0.9765987992286682,0.9412946701049805,0.9243202209472656,0.9458562135696411,0.9346093535423279,0.9566546678543091,0.9606267213821411,0.9674788117408752,0.9706935882568359,0.9741718173027039,0.9722402691841125,0.9755538105964661,0.9733781218528748,0.9761515855789185,0.9784572124481201,0.978345513343811,0.9762864708900452,0.9724583029747009,0.9719427824020386,0.9609968066215515,0.9647961854934692,0.9636417031288147,0.9569348096847534,0.9605072736740112,0.9680621027946472,0.9767981767654419,0.9734302163124084,0.976661205291748,0.9803496599197388,0.9828828573226929,0.9806333184242249,0.987096905708313,0.9829431772232056,0.97434401512146,0.9769431948661804,0.977191686630249,0.9740958213806152,0.9722303748130798,0.9583637714385986,0.971512496471405,0.9778330326080322,0.9714619517326355,0.9824309945106506,0.9826468229293823,0.9842495322227478,0.9767553210258484,0.9845516085624695,0.9860683679580688,0.9879894256591797,0.989715039730072,0.9819608330726624,0.9689965844154358,0.9319272041320801,0.5249029397964478
7,4, over,0.23297330737113953,0.9677730202674866,0.9577019214630127,0.9606982469558716,0.9532629251480103,0.9460867643356323,0.9753643870353699,0.9576897025108337,0.9368492364883423,0.9390047192573547,0.9623613953590393,0.940017580986023,0.9121779203414917,0.9389751553535461,0.9462046027183533,0.9540677070617676,0.960083544254303,0.9668450951576233,0.9726214408874512,0.9759745597839355,0.9776175022125244,0.9768432974815369,0.9765164852142334,0.9829971790313721,0.97725909948349,0.9775286912918091,0.9757461547851562,0.9697923064231873,0.9738560318946838,0.9723469614982605,0.9721581935882568,0.9633005261421204,0.9626832604408264,0.966475248336792,0.9703342318534851,0.9789993762969971,0.9796028733253479,0.9806996583938599,0.9789466261863708,0.9810732007026672,0.9856088161468506,0.9882416725158691,0.9849898219108582,0.9723318815231323,0.9772407412528992,0.9811068773269653,0.9737536311149597,0.9769876599311829,0.9564052224159241,0.9718783497810364,0.9731026887893677,0.9621171355247498,0.969934344291687,0.9672845602035522,0.9678356647491455,0.9449727535247803,0.9601615071296692,0.9570274353027344,0.9735552668571472,0.9629611372947693,0.9670537710189819,0.9517261981964111,0.928379476070404,0.503251314163208
7,5,joy,0.09710507094860077,0.9749109745025635,0.9464420676231384,0.7535563111305237,0.945087730884552,0.931681215763092,0.9441169500350952,0.8892972469329834,0.9429547786712646,0.9533421397209167,0.9597864747047424,0.9457531571388245,0.9247740507125854,0.936167299747467,0.9413019418716431,0.9547275304794312,0.9416413307189941,0.9726190567016602,0.9633935689926147,0.9800997972488403,0.9678338170051575,0.9690578579902649,0.9645615220069885,0.9675260782241821,0.9704847931861877,0.9752822518348694,0.9730004072189331,0.9675987958908081,0.9580802321434021,0.9639952182769775,0.9666518568992615,0.9681832194328308,0.9588618278503418,0.9609760642051697,0.9609196782112122,0.9666028618812561,0.9646225571632385,0.9625582098960876,0.9545152187347412,0.9725772142410278,0.9793968796730042,0.9832253456115723,0.9772406220436096,0.9745566844940186,0.9687411189079285,0.9808403849601746,0.9795532822608948,0.9818407893180847,0.9746469855308533,0.9721517562866211,0.9653058648109436,0.9418978691101074,0.9741581082344055,0.9685088396072388,0.9643917083740234,0.9699385762214661,0.9771450757980347,0.9747610092163086,0.9770369529724121,0.9802269339561462,0.9609643220901489,0.968961775302887,0.9413137435913086,0.3960527777671814
7,6,ed,0.12439104914665222,0.9506984949111938,0.9314973950386047,0.761111319065094,0.9113781452178955,0.9032228589057922,0.881145715713501,0.9640544056892395,0.9412619471549988,0.9199168086051941,0.9443157315254211,0.9432607889175415,0.9448227286338806,0.9591642022132874,0.9643835425376892,0.9637489318847656,0.9696847200393677,0.9721292853355408,0.9779645800590515,0.976175844669342,0.9756787419319153,0.9790526032447815,0.9742891192436218,0.9856147766113281,0.9847579002380371,0.9817343354225159,0.9814803004264832,0.9764243960380554,0.9780551195144653,0.9755100011825562,0.9756479859352112,0.9751130938529968,0.9687790870666504,0.973139226436615,0.975681483745575,0.9782654643058777,0.9792320132255554,0.981357753276825,0.9749159812927246,0.9806592464447021,0.9850309491157532,0.98735111951828,0.9862787127494812,0.97902512550354,0.9809247255325317,0.9796374440193176,0.9823854565620422,0.980577826499939,0.9794013500213623,0.9815475344657898,0.9806818962097168,0.9660351276397705,0.9810935854911804,0.9790196418762207,0.979841947555542,0.9861782789230347,0.9849185347557068,0.9882944226264954,0.9904093146324158,0.9877616167068481,0.984213650226593,0.9719211459159851,0.9136533141136169,0.521239161491394
7,7, because,0.19979140162467957,0.9680573344230652,0.9769510626792908,0.9653614163398743,0.959053635597229,0.9590497612953186,0.9637200236320496,0.9842322468757629,0.968706488609314,0.9236523509025574,0.9629763960838318,0.9560698866844177,0.9333362579345703,0.9401992559432983,0.9610627293586731,0.9494286179542542,0.9420045614242554,0.9622465968132019,0.9637481570243835,0.9641512036323547,0.9684476256370544,0.9710662364959717,0.9654837250709534,0.9738553762435913,0.9764701724052429,0.9771490097045898,0.9731683731079102,0.9675191640853882,0.9687376618385315,0.9711316823959351,0.9679970145225525,0.956902265548706,0.9538547992706299,0.973301887512207,0.9717921018600464,0.9792631268501282,0.9763597249984741,0.9778513312339783,0.9740148186683655,0.9744024276733398,0.9783729910850525,0.9861842393875122,0.9812763929367065,0.976759135723114,0.9716100692749023,0.9820742607116699,0.9810649752616882,0.9797465205192566,0.9792084693908691,0.9752277731895447,0.9771435260772705,0.9768497347831726,0.9764856696128845,0.9836040139198303,0.9863066077232361,0.9858167767524719,0.9863333106040955,0.9910416603088379,0.9922467470169067,0.9901482462882996,0.9902874827384949,0.9790277481079102,0.931609034538269,0.46202895045280457
