prompt_idx,token_pos,token_text,entropy,top0_token,top0_prob,top1_token,top1_prob,top2_token,top2_prob,top3_token,top3_prob,top4_token,top4_prob,top5_token,top5_prob,top6_token,top6_prob,top7_token,top7_prob,top8_token,top8_prob,top9_token,top9_prob,top10_token,top10_prob,top11_token,top11_prob,top12_token,top12_prob,top13_token,top13_prob,top14_token,top14_prob,top15_token,top15_prob,top16_token,top16_prob,top17_token,top17_prob,top18_token,top18_prob,top19_token,top19_prob
0,0,Important,9.6062, ensuring,0.175781, ensure,0.120605, &,0.026855, /,0.023682,"
",0.020996,"

",0.013550, Ensure,0.008728,;,0.006378,1,0.006012, -,0.005280, ensures,0.004120, Ens,0.004120, for,0.003876, pour,0.003632, etc,0.003418,/,0.003204, Note,0.003021, if,0.003021, and,0.003021, ',0.002838
0,1,:,7.7926, The,0.114258, I,0.047607, Let,0.030762, We,0.030762, If,0.030762, ,0.030762, Please,0.025513, It,0.023926, In,0.023926, Note,0.021118, This,0.017456, For,0.017456,"**
",0.015442, When,0.014526,**,0.013611, the,0.013611, To,0.013611, There,0.012817, Only,0.010620, You,0.010620
0,2, only,6.5765, the,0.207031, ,0.110840, one,0.097656, a,0.076172, certain,0.033936, three,0.021851, if,0.018066, some,0.018066, two,0.018066, when,0.015015, $,0.010986, four,0.010986, in,0.009705, consider,0.007080, for,0.006653, an,0.006653, use,0.006653, non,0.006256, considering,0.005890, those,0.005890
0,3, reply,0.7834, with,0.867188, if,0.103516, to,0.015869, when,0.005157, ',0.001472, in,0.000790, correctly,0.000614, is,0.000614, by,0.000374," """,0.000351, once,0.000290, and,0.000256, on,0.000226, without,0.000188,"
",0.000176, for,0.000166, (,0.000155, via,0.000155, WITH,0.000146,",",0.000146
0,4, with,5.4010, a,0.174805," """,0.099609, {,0.087891, the,0.077637, ,0.072754, \,0.068359, -,0.068359, strings,0.039062, ',0.039062, *,0.039062, numbers,0.018433, <,0.016235, **,0.009827, your,0.005615, T,0.004944, (,0.003860, string,0.003860, commas,0.003616, yes,0.003403, [,0.003006
0,5, a,4.5846, question,0.200195,),0.146484, statement,0.106934, number,0.106934, single,0.094238, string,0.078125, yes,0.036865, ,0.025391, specific,0.023926, confirmation,0.012756, message,0.009338, final,0.007751, topic,0.006042, definitive,0.005341, code,0.005341, phrase,0.004425, simple,0.004425, colon,0.003433, username,0.003235, -,0.002365
0,6, single,1.6946, word,0.722656, number,0.142578, digit,0.043457, character,0.014099, numerical,0.013245,-word,0.010315, letter,0.009705, string,0.009705,-digit,0.005890, integer,0.002167, sentence,0.001907, keyword,0.001793,",",0.001587,word,0.001312, numeric,0.001236, verb,0.001022, quote,0.000748, term,0.000702,-letter,0.000702,-character,0.000515
0,7, token,2.6633,",",0.433594, (,0.231445,.,0.131836,:,0.075195,!,0.021606, in,0.019043, and,0.014832, -,0.012268, answer,0.011536, of,0.010193,".
",0.003754,"
",0.001999,;,0.001999,".

",0.001770," """,0.001297, at,0.001297, ,0.001144, number,0.000946,":
",0.000889, to,0.000786
0,8,".
",5.7683,What,0.185547,Please,0.087891,The,0.087891,Okay,0.053223,Maybe,0.047119,Got,0.044189,I,0.039062,Yes,0.036621,:,0.023682,Which,0.020874,Alright,0.018433,Question,0.017334,To,0.015259,OK,0.014343,Certainly,0.010498,This,0.009827,After,0.008179,Take,0.008179,Sure,0.008179,Your,0.007660
0,9,The,7.8236, answer,0.147461, problem,0.101562, question,0.074219, following,0.027344, first,0.024170, solution,0.022705, correct,0.022705, number,0.017700, initial,0.013733, function,0.012146, result,0.012146, product,0.012146, equation,0.009460, value,0.009460, sum,0.009460, options,0.007355, maximum,0.006500, final,0.006104, situation,0.006104, key,0.005737
0,10, capital,4.6808, of,0.337891,ization,0.181641, letters,0.103516, city,0.103516, letter,0.045898,isation,0.012329, cities,0.010254,izes,0.006592, cost,0.005157, is,0.003998,",",0.002747, and,0.002747, at,0.002594, one,0.002426, limit,0.002426, budget,0.002426, pi,0.002151, ',0.002151, has,0.002014, in,0.002014
0,11, of,8.8986, the,0.204102, France,0.075195, Paris,0.054932, a,0.032227, each,0.025146, this,0.016724, $\,0.015259, Egypt,0.006989, which,0.006989, \,0.006775, Python,0.006775, Belgium,0.006561, Ber,0.006165,"
",0.005981, :,0.005981, Bosnia,0.005463, Madrid,0.005127, Poland,0.004974, Ukraine,0.004242, Morocco,0.004120
0,12, Germany,1.8439, is,0.757812,",",0.070312, has,0.037598,".
",0.022827,:,0.016724,".

",0.013855,"
",0.013855, was,0.008911,.,0.006531,",
",0.005768,...,0.003723, (,0.002899,"

",0.002411, lies,0.002258, -,0.001762,'s,0.001762, in,0.001656,?,0.001457, and,0.001457, can,0.000885
0,13, is,6.2457, Berlin,0.195312, in,0.081055, known,0.071777, ______,0.071777, \,0.063477, the,0.046387, __,0.026367, a,0.023315,"
",0.023315, called,0.018188, ____,0.015503, located,0.014587,:,0.014587, **,0.012085, Germany,0.010315, represented,0.009399,...,0.008057, at,0.007568, [,0.007111,":
",0.006470
1,0,Important,9.6062, ensuring,0.175781, ensure,0.120605, &,0.026855, /,0.023682,"
",0.020996,"

",0.013550, Ensure,0.008728,;,0.006378,1,0.006012, -,0.005280, ensures,0.004120, Ens,0.004120, for,0.003876, pour,0.003632, etc,0.003418,/,0.003204, Note,0.003021, if,0.003021, and,0.003021, ',0.002838
1,1,:,7.7926, The,0.114258, I,0.047607, Let,0.030762, We,0.030762, If,0.030762, ,0.030762, Please,0.025513, It,0.023926, In,0.023926, Note,0.021118, This,0.017456, For,0.017456,"**
",0.015442, When,0.014526,**,0.013611, the,0.013611, To,0.013611, There,0.012817, Only,0.010620, You,0.010620
1,2, only,6.5765, the,0.207031, ,0.110840, one,0.097656, a,0.076172, certain,0.033936, three,0.021851, if,0.018066, some,0.018066, two,0.018066, when,0.015015, $,0.010986, four,0.010986, in,0.009705, consider,0.007080, for,0.006653, an,0.006653, use,0.006653, non,0.006256, considering,0.005890, those,0.005890
1,3, reply,0.7834, with,0.867188, if,0.103516, to,0.015869, when,0.005157, ',0.001472, in,0.000790, correctly,0.000614, is,0.000614, by,0.000374," """,0.000351, once,0.000290, and,0.000256, on,0.000226, without,0.000188,"
",0.000176, for,0.000166, (,0.000155, via,0.000155, WITH,0.000146,",",0.000146
1,4, with,5.4010, a,0.174805," """,0.099609, {,0.087891, the,0.077637, ,0.072754, \,0.068359, -,0.068359, strings,0.039062, ',0.039062, *,0.039062, numbers,0.018433, <,0.016235, **,0.009827, your,0.005615, T,0.004944, (,0.003860, string,0.003860, commas,0.003616, yes,0.003403, [,0.003006
1,5, a,4.5846, question,0.200195,),0.146484, statement,0.106934, number,0.106934, single,0.094238, string,0.078125, yes,0.036865, ,0.025391, specific,0.023926, confirmation,0.012756, message,0.009338, final,0.007751, topic,0.006042, definitive,0.005341, code,0.005341, phrase,0.004425, simple,0.004425, colon,0.003433, username,0.003235, -,0.002365
1,6, single,1.6946, word,0.722656, number,0.142578, digit,0.043457, character,0.014099, numerical,0.013245,-word,0.010315, letter,0.009705, string,0.009705,-digit,0.005890, integer,0.002167, sentence,0.001907, keyword,0.001793,",",0.001587,word,0.001312, numeric,0.001236, verb,0.001022, quote,0.000748, term,0.000702,-letter,0.000702,-character,0.000515
1,7, token,2.6633,",",0.433594, (,0.231445,.,0.131836,:,0.075195,!,0.021606, in,0.019043, and,0.014832, -,0.012268, answer,0.011536, of,0.010193,".
",0.003754,"
",0.001999,;,0.001999,".

",0.001770," """,0.001297, at,0.001297, ,0.001144, number,0.000946,":
",0.000889, to,0.000786
1,8,".
",5.7683,What,0.185547,Please,0.087891,The,0.087891,Okay,0.053223,Maybe,0.047119,Got,0.044189,I,0.039062,Yes,0.036621,:,0.023682,Which,0.020874,Alright,0.018433,Question,0.017334,To,0.015259,OK,0.014343,Certainly,0.010498,This,0.009827,After,0.008179,Take,0.008179,Sure,0.008179,Your,0.007660
1,9,The,7.8236, answer,0.147461, problem,0.101562, question,0.074219, following,0.027344, first,0.024170, solution,0.022705, correct,0.022705, number,0.017700, initial,0.013733, function,0.012146, result,0.012146, product,0.012146, equation,0.009460, value,0.009460, sum,0.009460, options,0.007355, maximum,0.006500, final,0.006104, situation,0.006104, key,0.005737
1,10, capital,4.6808, of,0.337891,ization,0.181641, letters,0.103516, city,0.103516, letter,0.045898,isation,0.012329, cities,0.010254,izes,0.006592, cost,0.005157, is,0.003998,",",0.002747, and,0.002747, at,0.002594, one,0.002426, limit,0.002426, budget,0.002426, pi,0.002151, ',0.002151, has,0.002014, in,0.002014
1,11, of,8.8986, the,0.204102, France,0.075195, Paris,0.054932, a,0.032227, each,0.025146, this,0.016724, $\,0.015259, Egypt,0.006989, which,0.006989, \,0.006775, Python,0.006775, Belgium,0.006561, Ber,0.006165,"
",0.005981, :,0.005981, Bosnia,0.005463, Madrid,0.005127, Poland,0.004974, Ukraine,0.004242, Morocco,0.004120
1,12, France,1.6390, is,0.781250,",",0.082520, has,0.034424,:,0.018433, was,0.016235,".
",0.008667,"
",0.005615,".

",0.005615, in,0.003403,.,0.003006, and,0.003006, (,0.002487, became,0.002060,...,0.001816,",
",0.001511,"...
",0.001328, being,0.001328, -,0.001106,'s,0.001106, will,0.001038
1,13, is,6.1948, Paris,0.090820, the,0.080566, in,0.066406, a,0.062500, **,0.055176, ____,0.051758, known,0.048828, represented,0.045654, \,0.040283,...,0.035645,"...
",0.033447, __,0.026123, ______,0.021606, either,0.019043, located,0.016846,"...

",0.015869,:,0.013123, [,0.010864, which,0.009583,____,0.009033
2,0,Important,9.6062, ensuring,0.175781, ensure,0.120605, &,0.026855, /,0.023682,"
",0.020996,"

",0.013550, Ensure,0.008728,;,0.006378,1,0.006012, -,0.005280, ensures,0.004120, Ens,0.004120, for,0.003876, pour,0.003632, etc,0.003418,/,0.003204, Note,0.003021, if,0.003021, and,0.003021, ',0.002838
2,1,:,7.7926, The,0.114258, I,0.047607, Let,0.030762, We,0.030762, If,0.030762, ,0.030762, Please,0.025513, It,0.023926, In,0.023926, Note,0.021118, This,0.017456, For,0.017456,"**
",0.015442, When,0.014526,**,0.013611, the,0.013611, To,0.013611, There,0.012817, Only,0.010620, You,0.010620
2,2, only,6.5765, the,0.207031, ,0.110840, one,0.097656, a,0.076172, certain,0.033936, three,0.021851, if,0.018066, some,0.018066, two,0.018066, when,0.015015, $,0.010986, four,0.010986, in,0.009705, consider,0.007080, for,0.006653, an,0.006653, use,0.006653, non,0.006256, considering,0.005890, those,0.005890
2,3, reply,0.7834, with,0.867188, if,0.103516, to,0.015869, when,0.005157, ',0.001472, in,0.000790, correctly,0.000614, is,0.000614, by,0.000374," """,0.000351, once,0.000290, and,0.000256, on,0.000226, without,0.000188,"
",0.000176, for,0.000166, (,0.000155, via,0.000155, WITH,0.000146,",",0.000146
2,4, with,5.4010, a,0.174805," """,0.099609, {,0.087891, the,0.077637, ,0.072754, \,0.068359, -,0.068359, strings,0.039062, ',0.039062, *,0.039062, numbers,0.018433, <,0.016235, **,0.009827, your,0.005615, T,0.004944, (,0.003860, string,0.003860, commas,0.003616, yes,0.003403, [,0.003006
2,5, a,4.5846, question,0.200195,),0.146484, statement,0.106934, number,0.106934, single,0.094238, string,0.078125, yes,0.036865, ,0.025391, specific,0.023926, confirmation,0.012756, message,0.009338, final,0.007751, topic,0.006042, definitive,0.005341, code,0.005341, phrase,0.004425, simple,0.004425, colon,0.003433, username,0.003235, -,0.002365
2,6, single,1.6946, word,0.722656, number,0.142578, digit,0.043457, character,0.014099, numerical,0.013245,-word,0.010315, letter,0.009705, string,0.009705,-digit,0.005890, integer,0.002167, sentence,0.001907, keyword,0.001793,",",0.001587,word,0.001312, numeric,0.001236, verb,0.001022, quote,0.000748, term,0.000702,-letter,0.000702,-character,0.000515
2,7, token,2.6633,",",0.433594, (,0.231445,.,0.131836,:,0.075195,!,0.021606, in,0.019043, and,0.014832, -,0.012268, answer,0.011536, of,0.010193,".
",0.003754,"
",0.001999,;,0.001999,".

",0.001770," """,0.001297, at,0.001297, ,0.001144, number,0.000946,":
",0.000889, to,0.000786
2,8,".
",5.7683,What,0.185547,Please,0.087891,The,0.087891,Okay,0.053223,Maybe,0.047119,Got,0.044189,I,0.039062,Yes,0.036621,:,0.023682,Which,0.020874,Alright,0.018433,Question,0.017334,To,0.015259,OK,0.014343,Certainly,0.010498,This,0.009827,After,0.008179,Take,0.008179,Sure,0.008179,Your,0.007660
2,9,The,7.8236, answer,0.147461, problem,0.101562, question,0.074219, following,0.027344, first,0.024170, solution,0.022705, correct,0.022705, number,0.017700, initial,0.013733, function,0.012146, result,0.012146, product,0.012146, equation,0.009460, value,0.009460, sum,0.009460, options,0.007355, maximum,0.006500, final,0.006104, situation,0.006104, key,0.005737
2,10, capital,4.6808, of,0.337891,ization,0.181641, letters,0.103516, city,0.103516, letter,0.045898,isation,0.012329, cities,0.010254,izes,0.006592, cost,0.005157, is,0.003998,",",0.002747, and,0.002747, at,0.002594, one,0.002426, limit,0.002426, budget,0.002426, pi,0.002151, ',0.002151, has,0.002014, in,0.002014
2,11, of,8.8986, the,0.204102, France,0.075195, Paris,0.054932, a,0.032227, each,0.025146, this,0.016724, $\,0.015259, Egypt,0.006989, which,0.006989, \,0.006775, Python,0.006775, Belgium,0.006561, Ber,0.006165,"
",0.005981, :,0.005981, Bosnia,0.005463, Madrid,0.005127, Poland,0.004974, Ukraine,0.004242, Morocco,0.004120
2,12, Japan,1.6645, is,0.777344,",",0.092773, has,0.038818,".
",0.009827,'s,0.007629, was,0.007172,".

",0.006744,:,0.004333,"
",0.004089,...,0.003830,.,0.003830, lies,0.002640, (,0.001816, and,0.001701, will,0.001411,?,0.001411, in,0.001328,!,0.001167,"...
",0.001099, being,0.001030
2,13, is,5.6872, Tokyo,0.118164, in,0.098145, located,0.091797, the,0.091797, known,0.081055, ______,0.059326, \,0.043457, represented,0.036133, __,0.031738, **,0.023315, a,0.023315, called,0.018066, at,0.015991,"...
",0.011719, Kyoto,0.010315,...,0.009705, _,0.008545,"
",0.008057, Tok,0.008057, [,0.007538
3,0,Important,9.6062, ensuring,0.175781, ensure,0.120605, &,0.026855, /,0.023682,"
",0.020996,"

",0.013550, Ensure,0.008728,;,0.006378,1,0.006012, -,0.005280, ensures,0.004120, Ens,0.004120, for,0.003876, pour,0.003632, etc,0.003418,/,0.003204, Note,0.003021, if,0.003021, and,0.003021, ',0.002838
3,1,:,7.7926, The,0.114258, I,0.047607, Let,0.030762, We,0.030762, If,0.030762, ,0.030762, Please,0.025513, It,0.023926, In,0.023926, Note,0.021118, This,0.017456, For,0.017456,"**
",0.015442, When,0.014526,**,0.013611, the,0.013611, To,0.013611, There,0.012817, Only,0.010620, You,0.010620
3,2, only,6.5765, the,0.207031, ,0.110840, one,0.097656, a,0.076172, certain,0.033936, three,0.021851, if,0.018066, some,0.018066, two,0.018066, when,0.015015, $,0.010986, four,0.010986, in,0.009705, consider,0.007080, for,0.006653, an,0.006653, use,0.006653, non,0.006256, considering,0.005890, those,0.005890
3,3, reply,0.7834, with,0.867188, if,0.103516, to,0.015869, when,0.005157, ',0.001472, in,0.000790, correctly,0.000614, is,0.000614, by,0.000374," """,0.000351, once,0.000290, and,0.000256, on,0.000226, without,0.000188,"
",0.000176, for,0.000166, (,0.000155, via,0.000155, WITH,0.000146,",",0.000146
3,4, with,5.4010, a,0.174805," """,0.099609, {,0.087891, the,0.077637, ,0.072754, \,0.068359, -,0.068359, strings,0.039062, ',0.039062, *,0.039062, numbers,0.018433, <,0.016235, **,0.009827, your,0.005615, T,0.004944, (,0.003860, string,0.003860, commas,0.003616, yes,0.003403, [,0.003006
3,5, a,4.5846, question,0.200195,),0.146484, statement,0.106934, number,0.106934, single,0.094238, string,0.078125, yes,0.036865, ,0.025391, specific,0.023926, confirmation,0.012756, message,0.009338, final,0.007751, topic,0.006042, definitive,0.005341, code,0.005341, phrase,0.004425, simple,0.004425, colon,0.003433, username,0.003235, -,0.002365
3,6, single,1.6946, word,0.722656, number,0.142578, digit,0.043457, character,0.014099, numerical,0.013245,-word,0.010315, letter,0.009705, string,0.009705,-digit,0.005890, integer,0.002167, sentence,0.001907, keyword,0.001793,",",0.001587,word,0.001312, numeric,0.001236, verb,0.001022, quote,0.000748, term,0.000702,-letter,0.000702,-character,0.000515
3,7, token,2.6633,",",0.433594, (,0.231445,.,0.131836,:,0.075195,!,0.021606, in,0.019043, and,0.014832, -,0.012268, answer,0.011536, of,0.010193,".
",0.003754,"
",0.001999,;,0.001999,".

",0.001770," """,0.001297, at,0.001297, ,0.001144, number,0.000946,":
",0.000889, to,0.000786
3,8,".
",5.7683,What,0.185547,Please,0.087891,The,0.087891,Okay,0.053223,Maybe,0.047119,Got,0.044189,I,0.039062,Yes,0.036621,:,0.023682,Which,0.020874,Alright,0.018433,Question,0.017334,To,0.015259,OK,0.014343,Certainly,0.010498,This,0.009827,After,0.008179,Take,0.008179,Sure,0.008179,Your,0.007660
3,9,The,7.8236, answer,0.147461, problem,0.101562, question,0.074219, following,0.027344, first,0.024170, solution,0.022705, correct,0.022705, number,0.017700, initial,0.013733, function,0.012146, result,0.012146, product,0.012146, equation,0.009460, value,0.009460, sum,0.009460, options,0.007355, maximum,0.006500, final,0.006104, situation,0.006104, key,0.005737
3,10, capital,4.6808, of,0.337891,ization,0.181641, letters,0.103516, city,0.103516, letter,0.045898,isation,0.012329, cities,0.010254,izes,0.006592, cost,0.005157, is,0.003998,",",0.002747, and,0.002747, at,0.002594, one,0.002426, limit,0.002426, budget,0.002426, pi,0.002151, ',0.002151, has,0.002014, in,0.002014
3,11, of,8.8986, the,0.204102, France,0.075195, Paris,0.054932, a,0.032227, each,0.025146, this,0.016724, $\,0.015259, Egypt,0.006989, which,0.006989, \,0.006775, Python,0.006775, Belgium,0.006561, Ber,0.006165,"
",0.005981, :,0.005981, Bosnia,0.005463, Madrid,0.005127, Poland,0.004974, Ukraine,0.004242, Morocco,0.004120
3,12, Italy,1.7747, is,0.765625,",",0.080566,".
",0.024658,".

",0.018066, has,0.016968,:,0.014954, was,0.010925,"
",0.009033,.,0.004852, lies,0.004547,'s,0.004028, (,0.003555,"?
",0.003326,",
",0.002945,...,0.002762,?,0.002151,"?

",0.002151,"...
",0.002014, in,0.001015,"

",0.000896
3,13, is,6.2947, in,0.255859, **,0.047363,"...
",0.044434, the,0.041748,:,0.041748, a,0.039307, represented,0.034668, __,0.028687, \,0.026978,...,0.017456, obtained,0.014465, Pal,0.011963,":
",0.011963, :,0.011230, ______,0.011230, located,0.010559, ,0.009949,…,0.009949, known,0.009338, ____,0.008789
4,0,Important,9.6062, ensuring,0.175781, ensure,0.120605, &,0.026855, /,0.023682,"
",0.020996,"

",0.013550, Ensure,0.008728,;,0.006378,1,0.006012, -,0.005280, ensures,0.004120, Ens,0.004120, for,0.003876, pour,0.003632, etc,0.003418,/,0.003204, Note,0.003021, if,0.003021, and,0.003021, ',0.002838
4,1,:,7.7926, The,0.114258, I,0.047607, Let,0.030762, We,0.030762, If,0.030762, ,0.030762, Please,0.025513, It,0.023926, In,0.023926, Note,0.021118, This,0.017456, For,0.017456,"**
",0.015442, When,0.014526,**,0.013611, the,0.013611, To,0.013611, There,0.012817, Only,0.010620, You,0.010620
4,2, only,6.5765, the,0.207031, ,0.110840, one,0.097656, a,0.076172, certain,0.033936, three,0.021851, if,0.018066, some,0.018066, two,0.018066, when,0.015015, $,0.010986, four,0.010986, in,0.009705, consider,0.007080, for,0.006653, an,0.006653, use,0.006653, non,0.006256, considering,0.005890, those,0.005890
4,3, reply,0.7834, with,0.867188, if,0.103516, to,0.015869, when,0.005157, ',0.001472, in,0.000790, correctly,0.000614, is,0.000614, by,0.000374," """,0.000351, once,0.000290, and,0.000256, on,0.000226, without,0.000188,"
",0.000176, for,0.000166, (,0.000155, via,0.000155, WITH,0.000146,",",0.000146
4,4, with,5.4010, a,0.174805," """,0.099609, {,0.087891, the,0.077637, ,0.072754, \,0.068359, -,0.068359, strings,0.039062, ',0.039062, *,0.039062, numbers,0.018433, <,0.016235, **,0.009827, your,0.005615, T,0.004944, (,0.003860, string,0.003860, commas,0.003616, yes,0.003403, [,0.003006
4,5, a,4.5846, question,0.200195,),0.146484, statement,0.106934, number,0.106934, single,0.094238, string,0.078125, yes,0.036865, ,0.025391, specific,0.023926, confirmation,0.012756, message,0.009338, final,0.007751, topic,0.006042, definitive,0.005341, code,0.005341, phrase,0.004425, simple,0.004425, colon,0.003433, username,0.003235, -,0.002365
4,6, single,1.6946, word,0.722656, number,0.142578, digit,0.043457, character,0.014099, numerical,0.013245,-word,0.010315, letter,0.009705, string,0.009705,-digit,0.005890, integer,0.002167, sentence,0.001907, keyword,0.001793,",",0.001587,word,0.001312, numeric,0.001236, verb,0.001022, quote,0.000748, term,0.000702,-letter,0.000702,-character,0.000515
4,7, token,2.6633,",",0.433594, (,0.231445,.,0.131836,:,0.075195,!,0.021606, in,0.019043, and,0.014832, -,0.012268, answer,0.011536, of,0.010193,".
",0.003754,"
",0.001999,;,0.001999,".

",0.001770," """,0.001297, at,0.001297, ,0.001144, number,0.000946,":
",0.000889, to,0.000786
4,8,".
",5.7683,What,0.185547,Please,0.087891,The,0.087891,Okay,0.053223,Maybe,0.047119,Got,0.044189,I,0.039062,Yes,0.036621,:,0.023682,Which,0.020874,Alright,0.018433,Question,0.017334,To,0.015259,OK,0.014343,Certainly,0.010498,This,0.009827,After,0.008179,Take,0.008179,Sure,0.008179,Your,0.007660
4,9,The,7.8236, answer,0.147461, problem,0.101562, question,0.074219, following,0.027344, first,0.024170, solution,0.022705, correct,0.022705, number,0.017700, initial,0.013733, function,0.012146, result,0.012146, product,0.012146, equation,0.009460, value,0.009460, sum,0.009460, options,0.007355, maximum,0.006500, final,0.006104, situation,0.006104, key,0.005737
4,10, capital,4.6808, of,0.337891,ization,0.181641, letters,0.103516, city,0.103516, letter,0.045898,isation,0.012329, cities,0.010254,izes,0.006592, cost,0.005157, is,0.003998,",",0.002747, and,0.002747, at,0.002594, one,0.002426, limit,0.002426, budget,0.002426, pi,0.002151, ',0.002151, has,0.002014, in,0.002014
4,11, of,8.8986, the,0.204102, France,0.075195, Paris,0.054932, a,0.032227, each,0.025146, this,0.016724, $\,0.015259, Egypt,0.006989, which,0.006989, \,0.006775, Python,0.006775, Belgium,0.006561, Ber,0.006165,"
",0.005981, :,0.005981, Bosnia,0.005463, Madrid,0.005127, Poland,0.004974, Ukraine,0.004242, Morocco,0.004120
4,12, Spain,2.4984, is,0.628906,",",0.158203,".
",0.042725,".

",0.025879, has,0.018921,:,0.011475,.,0.010803,"
",0.006958, in,0.005432, was,0.005432, (,0.005096,'s,0.004791, and,0.004486, must,0.003510, includes,0.003296, will,0.003098,...,0.002899,",
",0.002731, lies,0.002731,?,0.001999
4,13, is,6.7964, Madrid,0.133789, ____,0.071777, \,0.059570, [,0.059570,"...
",0.046387, the,0.038574,...,0.036133, __,0.031982,":
",0.024780, ______,0.023315, ...,0.018188,"...

",0.018188,:,0.018188, **,0.015991,"
",0.014160, either,0.014160, Barcelona,0.013306, (,0.011719, Carlos,0.011353, a,0.011047
5,0,Important,9.6062, ensuring,0.175781, ensure,0.120605, &,0.026855, /,0.023682,"
",0.020996,"

",0.013550, Ensure,0.008728,;,0.006378,1,0.006012, -,0.005280, ensures,0.004120, Ens,0.004120, for,0.003876, pour,0.003632, etc,0.003418,/,0.003204, Note,0.003021, if,0.003021, and,0.003021, ',0.002838
5,1,:,7.7926, The,0.114258, I,0.047607, Let,0.030762, We,0.030762, If,0.030762, ,0.030762, Please,0.025513, It,0.023926, In,0.023926, Note,0.021118, This,0.017456, For,0.017456,"**
",0.015442, When,0.014526,**,0.013611, the,0.013611, To,0.013611, There,0.012817, Only,0.010620, You,0.010620
5,2, only,6.5765, the,0.207031, ,0.110840, one,0.097656, a,0.076172, certain,0.033936, three,0.021851, if,0.018066, some,0.018066, two,0.018066, when,0.015015, $,0.010986, four,0.010986, in,0.009705, consider,0.007080, for,0.006653, an,0.006653, use,0.006653, non,0.006256, considering,0.005890, those,0.005890
5,3, reply,0.7834, with,0.867188, if,0.103516, to,0.015869, when,0.005157, ',0.001472, in,0.000790, correctly,0.000614, is,0.000614, by,0.000374," """,0.000351, once,0.000290, and,0.000256, on,0.000226, without,0.000188,"
",0.000176, for,0.000166, (,0.000155, via,0.000155, WITH,0.000146,",",0.000146
5,4, with,5.4010, a,0.174805," """,0.099609, {,0.087891, the,0.077637, ,0.072754, \,0.068359, -,0.068359, strings,0.039062, ',0.039062, *,0.039062, numbers,0.018433, <,0.016235, **,0.009827, your,0.005615, T,0.004944, (,0.003860, string,0.003860, commas,0.003616, yes,0.003403, [,0.003006
5,5, a,4.5846, question,0.200195,),0.146484, statement,0.106934, number,0.106934, single,0.094238, string,0.078125, yes,0.036865, ,0.025391, specific,0.023926, confirmation,0.012756, message,0.009338, final,0.007751, topic,0.006042, definitive,0.005341, code,0.005341, phrase,0.004425, simple,0.004425, colon,0.003433, username,0.003235, -,0.002365
5,6, single,1.6946, word,0.722656, number,0.142578, digit,0.043457, character,0.014099, numerical,0.013245,-word,0.010315, letter,0.009705, string,0.009705,-digit,0.005890, integer,0.002167, sentence,0.001907, keyword,0.001793,",",0.001587,word,0.001312, numeric,0.001236, verb,0.001022, quote,0.000748, term,0.000702,-letter,0.000702,-character,0.000515
5,7, token,2.6633,",",0.433594, (,0.231445,.,0.131836,:,0.075195,!,0.021606, in,0.019043, and,0.014832, -,0.012268, answer,0.011536, of,0.010193,".
",0.003754,"
",0.001999,;,0.001999,".

",0.001770," """,0.001297, at,0.001297, ,0.001144, number,0.000946,":
",0.000889, to,0.000786
5,8,".
",5.7683,What,0.185547,Please,0.087891,The,0.087891,Okay,0.053223,Maybe,0.047119,Got,0.044189,I,0.039062,Yes,0.036621,:,0.023682,Which,0.020874,Alright,0.018433,Question,0.017334,To,0.015259,OK,0.014343,Certainly,0.010498,This,0.009827,After,0.008179,Take,0.008179,Sure,0.008179,Your,0.007660
5,9,The,7.8236, answer,0.147461, problem,0.101562, question,0.074219, following,0.027344, first,0.024170, solution,0.022705, correct,0.022705, number,0.017700, initial,0.013733, function,0.012146, result,0.012146, product,0.012146, equation,0.009460, value,0.009460, sum,0.009460, options,0.007355, maximum,0.006500, final,0.006104, situation,0.006104, key,0.005737
5,10, capital,4.6808, of,0.337891,ization,0.181641, letters,0.103516, city,0.103516, letter,0.045898,isation,0.012329, cities,0.010254,izes,0.006592, cost,0.005157, is,0.003998,",",0.002747, and,0.002747, at,0.002594, one,0.002426, limit,0.002426, budget,0.002426, pi,0.002151, ',0.002151, has,0.002014, in,0.002014
5,11, of,8.8986, the,0.204102, France,0.075195, Paris,0.054932, a,0.032227, each,0.025146, this,0.016724, $\,0.015259, Egypt,0.006989, which,0.006989, \,0.006775, Python,0.006775, Belgium,0.006561, Ber,0.006165,"
",0.005981, :,0.005981, Bosnia,0.005463, Madrid,0.005127, Poland,0.004974, Ukraine,0.004242, Morocco,0.004120
5,12, Brazil,1.9569, is,0.738281,",",0.087891, was,0.032471, has,0.022217,".
",0.022217,".

",0.013489,.,0.011169,:,0.009277, will,0.005615,"
",0.003632, (,0.003418,...,0.003204,'s,0.003006,?,0.002655,!,0.002197,",
",0.001945, and,0.001831, in,0.001717, must,0.001518, became,0.001427
5,13, is,6.3549, known,0.110840, **,0.086426, in,0.086426, \,0.081055, __,0.059326, the,0.046143, represented,0.038330, Rio,0.033691,"...
",0.029785, made,0.029785, called,0.027954, _,0.018066, a,0.014954, located,0.013245, ______,0.012390,...,0.010315, [,0.009644, :,0.009644, ____,0.007996,",",0.007080
6,0,Important,9.6062, ensuring,0.175781, ensure,0.120605, &,0.026855, /,0.023682,"
",0.020996,"

",0.013550, Ensure,0.008728,;,0.006378,1,0.006012, -,0.005280, ensures,0.004120, Ens,0.004120, for,0.003876, pour,0.003632, etc,0.003418,/,0.003204, Note,0.003021, if,0.003021, and,0.003021, ',0.002838
6,1,:,7.7926, The,0.114258, I,0.047607, Let,0.030762, We,0.030762, If,0.030762, ,0.030762, Please,0.025513, It,0.023926, In,0.023926, Note,0.021118, This,0.017456, For,0.017456,"**
",0.015442, When,0.014526,**,0.013611, the,0.013611, To,0.013611, There,0.012817, Only,0.010620, You,0.010620
6,2, only,6.5765, the,0.207031, ,0.110840, one,0.097656, a,0.076172, certain,0.033936, three,0.021851, if,0.018066, some,0.018066, two,0.018066, when,0.015015, $,0.010986, four,0.010986, in,0.009705, consider,0.007080, for,0.006653, an,0.006653, use,0.006653, non,0.006256, considering,0.005890, those,0.005890
6,3, reply,0.7834, with,0.867188, if,0.103516, to,0.015869, when,0.005157, ',0.001472, in,0.000790, correctly,0.000614, is,0.000614, by,0.000374," """,0.000351, once,0.000290, and,0.000256, on,0.000226, without,0.000188,"
",0.000176, for,0.000166, (,0.000155, via,0.000155, WITH,0.000146,",",0.000146
6,4, with,5.4010, a,0.174805," """,0.099609, {,0.087891, the,0.077637, ,0.072754, \,0.068359, -,0.068359, strings,0.039062, ',0.039062, *,0.039062, numbers,0.018433, <,0.016235, **,0.009827, your,0.005615, T,0.004944, (,0.003860, string,0.003860, commas,0.003616, yes,0.003403, [,0.003006
6,5, a,4.5846, question,0.200195,),0.146484, statement,0.106934, number,0.106934, single,0.094238, string,0.078125, yes,0.036865, ,0.025391, specific,0.023926, confirmation,0.012756, message,0.009338, final,0.007751, topic,0.006042, definitive,0.005341, code,0.005341, phrase,0.004425, simple,0.004425, colon,0.003433, username,0.003235, -,0.002365
6,6, single,1.6946, word,0.722656, number,0.142578, digit,0.043457, character,0.014099, numerical,0.013245,-word,0.010315, letter,0.009705, string,0.009705,-digit,0.005890, integer,0.002167, sentence,0.001907, keyword,0.001793,",",0.001587,word,0.001312, numeric,0.001236, verb,0.001022, quote,0.000748, term,0.000702,-letter,0.000702,-character,0.000515
6,7, token,2.6633,",",0.433594, (,0.231445,.,0.131836,:,0.075195,!,0.021606, in,0.019043, and,0.014832, -,0.012268, answer,0.011536, of,0.010193,".
",0.003754,"
",0.001999,;,0.001999,".

",0.001770," """,0.001297, at,0.001297, ,0.001144, number,0.000946,":
",0.000889, to,0.000786
6,8,".
",5.7683,What,0.185547,Please,0.087891,The,0.087891,Okay,0.053223,Maybe,0.047119,Got,0.044189,I,0.039062,Yes,0.036621,:,0.023682,Which,0.020874,Alright,0.018433,Question,0.017334,To,0.015259,OK,0.014343,Certainly,0.010498,This,0.009827,After,0.008179,Take,0.008179,Sure,0.008179,Your,0.007660
6,9,The,7.8236, answer,0.147461, problem,0.101562, question,0.074219, following,0.027344, first,0.024170, solution,0.022705, correct,0.022705, number,0.017700, initial,0.013733, function,0.012146, result,0.012146, product,0.012146, equation,0.009460, value,0.009460, sum,0.009460, options,0.007355, maximum,0.006500, final,0.006104, situation,0.006104, key,0.005737
6,10, capital,4.6808, of,0.337891,ization,0.181641, letters,0.103516, city,0.103516, letter,0.045898,isation,0.012329, cities,0.010254,izes,0.006592, cost,0.005157, is,0.003998,",",0.002747, and,0.002747, at,0.002594, one,0.002426, limit,0.002426, budget,0.002426, pi,0.002151, ',0.002151, has,0.002014, in,0.002014
6,11, of,8.8986, the,0.204102, France,0.075195, Paris,0.054932, a,0.032227, each,0.025146, this,0.016724, $\,0.015259, Egypt,0.006989, which,0.006989, \,0.006775, Python,0.006775, Belgium,0.006561, Ber,0.006165,"
",0.005981, :,0.005981, Bosnia,0.005463, Madrid,0.005127, Poland,0.004974, Ukraine,0.004242, Morocco,0.004120
6,12, Russia,1.9014, is,0.718750,",",0.125000, has,0.040527, was,0.013977,:,0.012329,".
",0.010925,".

",0.008484,.,0.007996, and,0.007050,"
",0.007050, (,0.005829,'s,0.004547, in,0.003998,",
",0.002289, -,0.002014, lies,0.001221, will,0.001015,"

",0.001015, with,0.000896,),0.000839
6,13, is,6.2890, in,0.107422, Moscow,0.107422, ______,0.100586, the,0.088867, \,0.044678, called,0.032715, a,0.027100,":
",0.027100,",",0.023926, __,0.023926, named,0.018677, (,0.017456, [,0.016479, **,0.014526,"
",0.013611,"...
",0.012024, Vol,0.011292, known,0.011292,:,0.011292,":

",0.011292
7,0,Important,9.6062, ensuring,0.175781, ensure,0.120605, &,0.026855, /,0.023682,"
",0.020996,"

",0.013550, Ensure,0.008728,;,0.006378,1,0.006012, -,0.005280, ensures,0.004120, Ens,0.004120, for,0.003876, pour,0.003632, etc,0.003418,/,0.003204, Note,0.003021, if,0.003021, and,0.003021, ',0.002838
7,1,:,7.7926, The,0.114258, I,0.047607, Let,0.030762, We,0.030762, If,0.030762, ,0.030762, Please,0.025513, It,0.023926, In,0.023926, Note,0.021118, This,0.017456, For,0.017456,"**
",0.015442, When,0.014526,**,0.013611, the,0.013611, To,0.013611, There,0.012817, Only,0.010620, You,0.010620
7,2, only,6.5765, the,0.207031, ,0.110840, one,0.097656, a,0.076172, certain,0.033936, three,0.021851, if,0.018066, some,0.018066, two,0.018066, when,0.015015, $,0.010986, four,0.010986, in,0.009705, consider,0.007080, for,0.006653, an,0.006653, use,0.006653, non,0.006256, considering,0.005890, those,0.005890
7,3, reply,0.7834, with,0.867188, if,0.103516, to,0.015869, when,0.005157, ',0.001472, in,0.000790, correctly,0.000614, is,0.000614, by,0.000374," """,0.000351, once,0.000290, and,0.000256, on,0.000226, without,0.000188,"
",0.000176, for,0.000166, (,0.000155, via,0.000155, WITH,0.000146,",",0.000146
7,4, with,5.4010, a,0.174805," """,0.099609, {,0.087891, the,0.077637, ,0.072754, \,0.068359, -,0.068359, strings,0.039062, ',0.039062, *,0.039062, numbers,0.018433, <,0.016235, **,0.009827, your,0.005615, T,0.004944, (,0.003860, string,0.003860, commas,0.003616, yes,0.003403, [,0.003006
7,5, a,4.5846, question,0.200195,),0.146484, statement,0.106934, number,0.106934, single,0.094238, string,0.078125, yes,0.036865, ,0.025391, specific,0.023926, confirmation,0.012756, message,0.009338, final,0.007751, topic,0.006042, definitive,0.005341, code,0.005341, phrase,0.004425, simple,0.004425, colon,0.003433, username,0.003235, -,0.002365
7,6, single,1.6946, word,0.722656, number,0.142578, digit,0.043457, character,0.014099, numerical,0.013245,-word,0.010315, letter,0.009705, string,0.009705,-digit,0.005890, integer,0.002167, sentence,0.001907, keyword,0.001793,",",0.001587,word,0.001312, numeric,0.001236, verb,0.001022, quote,0.000748, term,0.000702,-letter,0.000702,-character,0.000515
7,7, token,2.6633,",",0.433594, (,0.231445,.,0.131836,:,0.075195,!,0.021606, in,0.019043, and,0.014832, -,0.012268, answer,0.011536, of,0.010193,".
",0.003754,"
",0.001999,;,0.001999,".

",0.001770," """,0.001297, at,0.001297, ,0.001144, number,0.000946,":
",0.000889, to,0.000786
7,8,".
",5.7683,What,0.185547,Please,0.087891,The,0.087891,Okay,0.053223,Maybe,0.047119,Got,0.044189,I,0.039062,Yes,0.036621,:,0.023682,Which,0.020874,Alright,0.018433,Question,0.017334,To,0.015259,OK,0.014343,Certainly,0.010498,This,0.009827,After,0.008179,Take,0.008179,Sure,0.008179,Your,0.007660
7,9,The,7.8236, answer,0.147461, problem,0.101562, question,0.074219, following,0.027344, first,0.024170, solution,0.022705, correct,0.022705, number,0.017700, initial,0.013733, function,0.012146, result,0.012146, product,0.012146, equation,0.009460, value,0.009460, sum,0.009460, options,0.007355, maximum,0.006500, final,0.006104, situation,0.006104, key,0.005737
7,10, capital,4.6808, of,0.337891,ization,0.181641, letters,0.103516, city,0.103516, letter,0.045898,isation,0.012329, cities,0.010254,izes,0.006592, cost,0.005157, is,0.003998,",",0.002747, and,0.002747, at,0.002594, one,0.002426, limit,0.002426, budget,0.002426, pi,0.002151, ',0.002151, has,0.002014, in,0.002014
7,11, of,8.8986, the,0.204102, France,0.075195, Paris,0.054932, a,0.032227, each,0.025146, this,0.016724, $\,0.015259, Egypt,0.006989, which,0.006989, \,0.006775, Python,0.006775, Belgium,0.006561, Ber,0.006165,"
",0.005981, :,0.005981, Bosnia,0.005463, Madrid,0.005127, Poland,0.004974, Ukraine,0.004242, Morocco,0.004120
7,12, China,1.4120, is,0.816406,",",0.075684, has,0.035889,'s,0.012390, will,0.005829,".
",0.005493,:,0.005493,".

",0.004028, lies,0.002945,.,0.002594, and,0.002594, was,0.002441,"
",0.001900,...,0.001671, (,0.001572, in,0.001152, must,0.000843,!,0.000843, -,0.000744, became,0.000656
7,13, is,6.6425, ______,0.127930, \,0.099609, the,0.050049, **,0.044189, New,0.036621, Beijing,0.034424, __,0.034424, Sh,0.032227, [,0.030396, represented,0.028564, (,0.026855, located,0.023682, a,0.019653, in,0.018433, known,0.018433,____,0.018433, ____,0.017334,":
",0.012634,"
",0.011902, Xi,0.009277
8,0,Important,9.6062, ensuring,0.175781, ensure,0.120605, &,0.026855, /,0.023682,"
",0.020996,"

",0.013550, Ensure,0.008728,;,0.006378,1,0.006012, -,0.005280, ensures,0.004120, Ens,0.004120, for,0.003876, pour,0.003632, etc,0.003418,/,0.003204, Note,0.003021, if,0.003021, and,0.003021, ',0.002838
8,1,:,7.7926, The,0.114258, I,0.047607, Let,0.030762, We,0.030762, If,0.030762, ,0.030762, Please,0.025513, It,0.023926, In,0.023926, Note,0.021118, This,0.017456, For,0.017456,"**
",0.015442, When,0.014526,**,0.013611, the,0.013611, To,0.013611, There,0.012817, Only,0.010620, You,0.010620
8,2, only,6.5765, the,0.207031, ,0.110840, one,0.097656, a,0.076172, certain,0.033936, three,0.021851, if,0.018066, some,0.018066, two,0.018066, when,0.015015, $,0.010986, four,0.010986, in,0.009705, consider,0.007080, for,0.006653, an,0.006653, use,0.006653, non,0.006256, considering,0.005890, those,0.005890
8,3, reply,0.7834, with,0.867188, if,0.103516, to,0.015869, when,0.005157, ',0.001472, in,0.000790, correctly,0.000614, is,0.000614, by,0.000374," """,0.000351, once,0.000290, and,0.000256, on,0.000226, without,0.000188,"
",0.000176, for,0.000166, (,0.000155, via,0.000155, WITH,0.000146,",",0.000146
8,4, with,5.4010, a,0.174805," """,0.099609, {,0.087891, the,0.077637, ,0.072754, \,0.068359, -,0.068359, strings,0.039062, ',0.039062, *,0.039062, numbers,0.018433, <,0.016235, **,0.009827, your,0.005615, T,0.004944, (,0.003860, string,0.003860, commas,0.003616, yes,0.003403, [,0.003006
8,5, a,4.5846, question,0.200195,),0.146484, statement,0.106934, number,0.106934, single,0.094238, string,0.078125, yes,0.036865, ,0.025391, specific,0.023926, confirmation,0.012756, message,0.009338, final,0.007751, topic,0.006042, definitive,0.005341, code,0.005341, phrase,0.004425, simple,0.004425, colon,0.003433, username,0.003235, -,0.002365
8,6, single,1.6946, word,0.722656, number,0.142578, digit,0.043457, character,0.014099, numerical,0.013245,-word,0.010315, letter,0.009705, string,0.009705,-digit,0.005890, integer,0.002167, sentence,0.001907, keyword,0.001793,",",0.001587,word,0.001312, numeric,0.001236, verb,0.001022, quote,0.000748, term,0.000702,-letter,0.000702,-character,0.000515
8,7, token,2.6633,",",0.433594, (,0.231445,.,0.131836,:,0.075195,!,0.021606, in,0.019043, and,0.014832, -,0.012268, answer,0.011536, of,0.010193,".
",0.003754,"
",0.001999,;,0.001999,".

",0.001770," """,0.001297, at,0.001297, ,0.001144, number,0.000946,":
",0.000889, to,0.000786
8,8,".
",5.7683,What,0.185547,Please,0.087891,The,0.087891,Okay,0.053223,Maybe,0.047119,Got,0.044189,I,0.039062,Yes,0.036621,:,0.023682,Which,0.020874,Alright,0.018433,Question,0.017334,To,0.015259,OK,0.014343,Certainly,0.010498,This,0.009827,After,0.008179,Take,0.008179,Sure,0.008179,Your,0.007660
8,9,The,7.8236, answer,0.147461, problem,0.101562, question,0.074219, following,0.027344, first,0.024170, solution,0.022705, correct,0.022705, number,0.017700, initial,0.013733, function,0.012146, result,0.012146, product,0.012146, equation,0.009460, value,0.009460, sum,0.009460, options,0.007355, maximum,0.006500, final,0.006104, situation,0.006104, key,0.005737
8,10, capital,4.6808, of,0.337891,ization,0.181641, letters,0.103516, city,0.103516, letter,0.045898,isation,0.012329, cities,0.010254,izes,0.006592, cost,0.005157, is,0.003998,",",0.002747, and,0.002747, at,0.002594, one,0.002426, limit,0.002426, budget,0.002426, pi,0.002151, ',0.002151, has,0.002014, in,0.002014
8,11, of,8.8986, the,0.204102, France,0.075195, Paris,0.054932, a,0.032227, each,0.025146, this,0.016724, $\,0.015259, Egypt,0.006989, which,0.006989, \,0.006775, Python,0.006775, Belgium,0.006561, Ber,0.006165,"
",0.005981, :,0.005981, Bosnia,0.005463, Madrid,0.005127, Poland,0.004974, Ukraine,0.004242, Morocco,0.004120
8,12, Australia,1.7973, is,0.769531,",",0.071289, has,0.031738, was,0.031738,".
",0.010986, lies,0.007538, and,0.007080,:,0.006653,".

",0.005859,'s,0.005188,"
",0.003342, will,0.002945, (,0.002945,?,0.002151, in,0.002151, must,0.001907, remains,0.001793,.,0.001579,"...
",0.001480,...,0.001480
8,13, is,5.7917, \,0.182617, __,0.125977, **,0.092285, the,0.076172, called,0.028076, Canberra,0.026367, in,0.026367,"...
",0.024780,":
",0.023315, ____,0.023315, ______,0.020508, New,0.020508,":

",0.019287,"
",0.015015, a,0.012451,________,0.011719, _,0.010315, known,0.009705, Capital,0.009094,"...

",0.008057
9,0,Important,9.6062, ensuring,0.175781, ensure,0.120605, &,0.026855, /,0.023682,"
",0.020996,"

",0.013550, Ensure,0.008728,;,0.006378,1,0.006012, -,0.005280, ensures,0.004120, Ens,0.004120, for,0.003876, pour,0.003632, etc,0.003418,/,0.003204, Note,0.003021, if,0.003021, and,0.003021, ',0.002838
9,1,:,7.7926, The,0.114258, I,0.047607, Let,0.030762, We,0.030762, If,0.030762, ,0.030762, Please,0.025513, It,0.023926, In,0.023926, Note,0.021118, This,0.017456, For,0.017456,"**
",0.015442, When,0.014526,**,0.013611, the,0.013611, To,0.013611, There,0.012817, Only,0.010620, You,0.010620
9,2, only,6.5765, the,0.207031, ,0.110840, one,0.097656, a,0.076172, certain,0.033936, three,0.021851, if,0.018066, some,0.018066, two,0.018066, when,0.015015, $,0.010986, four,0.010986, in,0.009705, consider,0.007080, for,0.006653, an,0.006653, use,0.006653, non,0.006256, considering,0.005890, those,0.005890
9,3, reply,0.7834, with,0.867188, if,0.103516, to,0.015869, when,0.005157, ',0.001472, in,0.000790, correctly,0.000614, is,0.000614, by,0.000374," """,0.000351, once,0.000290, and,0.000256, on,0.000226, without,0.000188,"
",0.000176, for,0.000166, (,0.000155, via,0.000155, WITH,0.000146,",",0.000146
9,4, with,5.4010, a,0.174805," """,0.099609, {,0.087891, the,0.077637, ,0.072754, \,0.068359, -,0.068359, strings,0.039062, ',0.039062, *,0.039062, numbers,0.018433, <,0.016235, **,0.009827, your,0.005615, T,0.004944, (,0.003860, string,0.003860, commas,0.003616, yes,0.003403, [,0.003006
9,5, a,4.5846, question,0.200195,),0.146484, statement,0.106934, number,0.106934, single,0.094238, string,0.078125, yes,0.036865, ,0.025391, specific,0.023926, confirmation,0.012756, message,0.009338, final,0.007751, topic,0.006042, definitive,0.005341, code,0.005341, phrase,0.004425, simple,0.004425, colon,0.003433, username,0.003235, -,0.002365
9,6, single,1.6946, word,0.722656, number,0.142578, digit,0.043457, character,0.014099, numerical,0.013245,-word,0.010315, letter,0.009705, string,0.009705,-digit,0.005890, integer,0.002167, sentence,0.001907, keyword,0.001793,",",0.001587,word,0.001312, numeric,0.001236, verb,0.001022, quote,0.000748, term,0.000702,-letter,0.000702,-character,0.000515
9,7, token,2.6633,",",0.433594, (,0.231445,.,0.131836,:,0.075195,!,0.021606, in,0.019043, and,0.014832, -,0.012268, answer,0.011536, of,0.010193,".
",0.003754,"
",0.001999,;,0.001999,".

",0.001770," """,0.001297, at,0.001297, ,0.001144, number,0.000946,":
",0.000889, to,0.000786
9,8,".
",5.7683,What,0.185547,Please,0.087891,The,0.087891,Okay,0.053223,Maybe,0.047119,Got,0.044189,I,0.039062,Yes,0.036621,:,0.023682,Which,0.020874,Alright,0.018433,Question,0.017334,To,0.015259,OK,0.014343,Certainly,0.010498,This,0.009827,After,0.008179,Take,0.008179,Sure,0.008179,Your,0.007660
9,9,The,7.8236, answer,0.147461, problem,0.101562, question,0.074219, following,0.027344, first,0.024170, solution,0.022705, correct,0.022705, number,0.017700, initial,0.013733, function,0.012146, result,0.012146, product,0.012146, equation,0.009460, value,0.009460, sum,0.009460, options,0.007355, maximum,0.006500, final,0.006104, situation,0.006104, key,0.005737
9,10, capital,4.6808, of,0.337891,ization,0.181641, letters,0.103516, city,0.103516, letter,0.045898,isation,0.012329, cities,0.010254,izes,0.006592, cost,0.005157, is,0.003998,",",0.002747, and,0.002747, at,0.002594, one,0.002426, limit,0.002426, budget,0.002426, pi,0.002151, ',0.002151, has,0.002014, in,0.002014
9,11, of,8.8986, the,0.204102, France,0.075195, Paris,0.054932, a,0.032227, each,0.025146, this,0.016724, $\,0.015259, Egypt,0.006989, which,0.006989, \,0.006775, Python,0.006775, Belgium,0.006561, Ber,0.006165,"
",0.005981, :,0.005981, Bosnia,0.005463, Madrid,0.005127, Poland,0.004974, Ukraine,0.004242, Morocco,0.004120
9,12, Canada,2.3310, is,0.699219,",",0.107422, has,0.027100,".
",0.016479,".

",0.013672,:,0.013672,.,0.007782, (,0.006042,'s,0.006042,"
",0.006042, was,0.005341, will,0.005035,?,0.004730, in,0.004425, becomes,0.003235,},0.002853, and,0.002853,",
",0.002853,],0.002365,),0.002365
9,13, is,5.8026, __,0.131836, in,0.109375, \,0.075195, ______,0.066406, **,0.051758, represented,0.048584, the,0.042725, known,0.040283,________,0.029419, a,0.029419, ____,0.022949, called,0.016724,"...
",0.016724, located,0.016724, [,0.015747,":
",0.013916, :,0.013062,...,0.013062,":

",0.012268,"
",0.012268
10,0,Important,9.6062, ensuring,0.175781, ensure,0.120605, &,0.026855, /,0.023682,"
",0.020996,"

",0.013550, Ensure,0.008728,;,0.006378,1,0.006012, -,0.005280, ensures,0.004120, Ens,0.004120, for,0.003876, pour,0.003632, etc,0.003418,/,0.003204, Note,0.003021, if,0.003021, and,0.003021, ',0.002838
10,1,:,7.7926, The,0.114258, I,0.047607, Let,0.030762, We,0.030762, If,0.030762, ,0.030762, Please,0.025513, It,0.023926, In,0.023926, Note,0.021118, This,0.017456, For,0.017456,"**
",0.015442, When,0.014526,**,0.013611, the,0.013611, To,0.013611, There,0.012817, Only,0.010620, You,0.010620
10,2, only,6.5765, the,0.207031, ,0.110840, one,0.097656, a,0.076172, certain,0.033936, three,0.021851, if,0.018066, some,0.018066, two,0.018066, when,0.015015, $,0.010986, four,0.010986, in,0.009705, consider,0.007080, for,0.006653, an,0.006653, use,0.006653, non,0.006256, considering,0.005890, those,0.005890
10,3, reply,0.7834, with,0.867188, if,0.103516, to,0.015869, when,0.005157, ',0.001472, in,0.000790, correctly,0.000614, is,0.000614, by,0.000374," """,0.000351, once,0.000290, and,0.000256, on,0.000226, without,0.000188,"
",0.000176, for,0.000166, (,0.000155, via,0.000155, WITH,0.000146,",",0.000146
10,4, with,5.4010, a,0.174805," """,0.099609, {,0.087891, the,0.077637, ,0.072754, \,0.068359, -,0.068359, strings,0.039062, ',0.039062, *,0.039062, numbers,0.018433, <,0.016235, **,0.009827, your,0.005615, T,0.004944, (,0.003860, string,0.003860, commas,0.003616, yes,0.003403, [,0.003006
10,5, a,4.5846, question,0.200195,),0.146484, statement,0.106934, number,0.106934, single,0.094238, string,0.078125, yes,0.036865, ,0.025391, specific,0.023926, confirmation,0.012756, message,0.009338, final,0.007751, topic,0.006042, definitive,0.005341, code,0.005341, phrase,0.004425, simple,0.004425, colon,0.003433, username,0.003235, -,0.002365
10,6, single,1.6946, word,0.722656, number,0.142578, digit,0.043457, character,0.014099, numerical,0.013245,-word,0.010315, letter,0.009705, string,0.009705,-digit,0.005890, integer,0.002167, sentence,0.001907, keyword,0.001793,",",0.001587,word,0.001312, numeric,0.001236, verb,0.001022, quote,0.000748, term,0.000702,-letter,0.000702,-character,0.000515
10,7, token,2.6633,",",0.433594, (,0.231445,.,0.131836,:,0.075195,!,0.021606, in,0.019043, and,0.014832, -,0.012268, answer,0.011536, of,0.010193,".
",0.003754,"
",0.001999,;,0.001999,".

",0.001770," """,0.001297, at,0.001297, ,0.001144, number,0.000946,":
",0.000889, to,0.000786
10,8,".
",5.7683,What,0.185547,Please,0.087891,The,0.087891,Okay,0.053223,Maybe,0.047119,Got,0.044189,I,0.039062,Yes,0.036621,:,0.023682,Which,0.020874,Alright,0.018433,Question,0.017334,To,0.015259,OK,0.014343,Certainly,0.010498,This,0.009827,After,0.008179,Take,0.008179,Sure,0.008179,Your,0.007660
10,9,The,7.8236, answer,0.147461, problem,0.101562, question,0.074219, following,0.027344, first,0.024170, solution,0.022705, correct,0.022705, number,0.017700, initial,0.013733, function,0.012146, result,0.012146, product,0.012146, equation,0.009460, value,0.009460, sum,0.009460, options,0.007355, maximum,0.006500, final,0.006104, situation,0.006104, key,0.005737
10,10, capital,4.6808, of,0.337891,ization,0.181641, letters,0.103516, city,0.103516, letter,0.045898,isation,0.012329, cities,0.010254,izes,0.006592, cost,0.005157, is,0.003998,",",0.002747, and,0.002747, at,0.002594, one,0.002426, limit,0.002426, budget,0.002426, pi,0.002151, ',0.002151, has,0.002014, in,0.002014
10,11, of,8.8986, the,0.204102, France,0.075195, Paris,0.054932, a,0.032227, each,0.025146, this,0.016724, $\,0.015259, Egypt,0.006989, which,0.006989, \,0.006775, Python,0.006775, Belgium,0.006561, Ber,0.006165,"
",0.005981, :,0.005981, Bosnia,0.005463, Madrid,0.005127, Poland,0.004974, Ukraine,0.004242, Morocco,0.004120
10,12, Egypt,1.7781, is,0.761719,",",0.103027, was,0.029541, has,0.014893,:,0.010193,".
",0.008484,.,0.007019,".

",0.005829, became,0.003998,"
",0.003525,'s,0.003311, ______,0.003311,...,0.002136,",
",0.002014,"...
",0.001778, (,0.001671, and,0.001564, could,0.001564, __,0.001381, had,0.000950
10,13, is,6.6172, __,0.088379, represented,0.078125, known,0.073242, located,0.057129, in,0.057129, the,0.050293, ____,0.044434, ______,0.032471,"...
",0.028687,____,0.026978, \,0.026978, a,0.026978,________,0.019653, called,0.019653, **,0.019653, (,0.017334, under,0.015320, at,0.009277, [,0.008728,":
",0.007721
11,0,Important,9.6062, ensuring,0.175781, ensure,0.120605, &,0.026855, /,0.023682,"
",0.020996,"

",0.013550, Ensure,0.008728,;,0.006378,1,0.006012, -,0.005280, ensures,0.004120, Ens,0.004120, for,0.003876, pour,0.003632, etc,0.003418,/,0.003204, Note,0.003021, if,0.003021, and,0.003021, ',0.002838
11,1,:,7.7926, The,0.114258, I,0.047607, Let,0.030762, We,0.030762, If,0.030762, ,0.030762, Please,0.025513, It,0.023926, In,0.023926, Note,0.021118, This,0.017456, For,0.017456,"**
",0.015442, When,0.014526,**,0.013611, the,0.013611, To,0.013611, There,0.012817, Only,0.010620, You,0.010620
11,2, only,6.5765, the,0.207031, ,0.110840, one,0.097656, a,0.076172, certain,0.033936, three,0.021851, if,0.018066, some,0.018066, two,0.018066, when,0.015015, $,0.010986, four,0.010986, in,0.009705, consider,0.007080, for,0.006653, an,0.006653, use,0.006653, non,0.006256, considering,0.005890, those,0.005890
11,3, reply,0.7834, with,0.867188, if,0.103516, to,0.015869, when,0.005157, ',0.001472, in,0.000790, correctly,0.000614, is,0.000614, by,0.000374," """,0.000351, once,0.000290, and,0.000256, on,0.000226, without,0.000188,"
",0.000176, for,0.000166, (,0.000155, via,0.000155, WITH,0.000146,",",0.000146
11,4, with,5.4010, a,0.174805," """,0.099609, {,0.087891, the,0.077637, ,0.072754, \,0.068359, -,0.068359, strings,0.039062, ',0.039062, *,0.039062, numbers,0.018433, <,0.016235, **,0.009827, your,0.005615, T,0.004944, (,0.003860, string,0.003860, commas,0.003616, yes,0.003403, [,0.003006
11,5, a,4.5846, question,0.200195,),0.146484, statement,0.106934, number,0.106934, single,0.094238, string,0.078125, yes,0.036865, ,0.025391, specific,0.023926, confirmation,0.012756, message,0.009338, final,0.007751, topic,0.006042, definitive,0.005341, code,0.005341, phrase,0.004425, simple,0.004425, colon,0.003433, username,0.003235, -,0.002365
11,6, single,1.6946, word,0.722656, number,0.142578, digit,0.043457, character,0.014099, numerical,0.013245,-word,0.010315, letter,0.009705, string,0.009705,-digit,0.005890, integer,0.002167, sentence,0.001907, keyword,0.001793,",",0.001587,word,0.001312, numeric,0.001236, verb,0.001022, quote,0.000748, term,0.000702,-letter,0.000702,-character,0.000515
11,7, token,2.6633,",",0.433594, (,0.231445,.,0.131836,:,0.075195,!,0.021606, in,0.019043, and,0.014832, -,0.012268, answer,0.011536, of,0.010193,".
",0.003754,"
",0.001999,;,0.001999,".

",0.001770," """,0.001297, at,0.001297, ,0.001144, number,0.000946,":
",0.000889, to,0.000786
11,8,".
",5.7683,What,0.185547,Please,0.087891,The,0.087891,Okay,0.053223,Maybe,0.047119,Got,0.044189,I,0.039062,Yes,0.036621,:,0.023682,Which,0.020874,Alright,0.018433,Question,0.017334,To,0.015259,OK,0.014343,Certainly,0.010498,This,0.009827,After,0.008179,Take,0.008179,Sure,0.008179,Your,0.007660
11,9,The,7.8236, answer,0.147461, problem,0.101562, question,0.074219, following,0.027344, first,0.024170, solution,0.022705, correct,0.022705, number,0.017700, initial,0.013733, function,0.012146, result,0.012146, product,0.012146, equation,0.009460, value,0.009460, sum,0.009460, options,0.007355, maximum,0.006500, final,0.006104, situation,0.006104, key,0.005737
11,10, capital,4.6808, of,0.337891,ization,0.181641, letters,0.103516, city,0.103516, letter,0.045898,isation,0.012329, cities,0.010254,izes,0.006592, cost,0.005157, is,0.003998,",",0.002747, and,0.002747, at,0.002594, one,0.002426, limit,0.002426, budget,0.002426, pi,0.002151, ',0.002151, has,0.002014, in,0.002014
11,11, of,8.8986, the,0.204102, France,0.075195, Paris,0.054932, a,0.032227, each,0.025146, this,0.016724, $\,0.015259, Egypt,0.006989, which,0.006989, \,0.006775, Python,0.006775, Belgium,0.006561, Ber,0.006165,"
",0.005981, :,0.005981, Bosnia,0.005463, Madrid,0.005127, Poland,0.004974, Ukraine,0.004242, Morocco,0.004120
11,12, India,2.4806, is,0.621094, has,0.138672,",",0.074219,'s,0.057617, was,0.012085,:,0.006897, will,0.004456,".
",0.004181, being,0.003250, and,0.003052, on,0.002701, recently,0.002380,".

",0.002380, had,0.002380,"
",0.002243,.,0.002243,’s,0.002106, in,0.002106,"?
",0.001968, (,0.001968
11,13, is,6.0174, New,0.174805, ______,0.120117, in,0.093750,________,0.060547, the,0.053223, known,0.032227, __,0.030396, \,0.030396, located,0.030396, a,0.025146,____,0.017334,":
",0.017334,"
",0.011902, **,0.010498, ____,0.009888, represented,0.009277,":

",0.008728,...,0.008179,"...
",0.007690, situated,0.006378
