prompt_idx,token_pos,token_text,cos_000_to_001,cos_001_to_002,cos_002_to_003,cos_003_to_004,cos_004_to_005,cos_005_to_006,cos_006_to_007,cos_007_to_008,cos_008_to_009,cos_009_to_010,cos_010_to_011,cos_011_to_012,cos_012_to_013,cos_013_to_014,cos_014_to_015,cos_015_to_016,cos_016_to_017,cos_017_to_018,cos_018_to_019,cos_019_to_020,cos_020_to_021,cos_021_to_022,cos_022_to_023,cos_023_to_024,cos_024_to_025,cos_025_to_026,cos_026_to_027,cos_027_to_028
0,0,Important,0.0798230767250061,0.15123608708381653,0.9860776662826538,0.9999720454216003,0.999966561794281,0.9999637007713318,0.9999905824661255,0.9999776482582092,0.9999814629554749,0.9999902844429016,0.9999905824661255,0.9999885559082031,0.9999922513961792,0.9999886155128479,0.9999943971633911,0.9999960660934448,0.9999923706054688,0.9999912977218628,0.9999930262565613,0.9999940395355225,0.999984085559845,0.9999773502349854,0.9999804496765137,0.9999614953994751,0.9998542666435242,0.9987234473228455,0.9398521184921265,0.15871970355510712
0,1,:,0.017548076808452606,0.8751569390296936,0.7975193858146667,0.8693740963935852,0.8279072642326355,0.9316962957382202,0.9008286595344543,0.9063360691070557,0.9276695847511292,0.9272447824478149,0.939592182636261,0.9353768825531006,0.9597817659378052,0.9609920978546143,0.9494770765304565,0.9776061773300171,0.9807078242301941,0.979572594165802,0.9682579040527344,0.9377188682556152,0.955985426902771,0.9553331732749939,0.9696673154830933,0.9628906846046448,0.9778151512145996,0.9787696003913879,0.9659942984580994,0.2900492250919342
0,2, only,0.04647893086075783,0.8912884593009949,0.8779606819152832,0.9190365076065063,0.8688341975212097,0.9312477111816406,0.9133932590484619,0.9023202657699585,0.9252665042877197,0.9324492812156677,0.9427021741867065,0.9232141971588135,0.9399981498718262,0.9381852746009827,0.9507317543029785,0.9641104936599731,0.9745340347290039,0.9547325968742371,0.9534228444099426,0.9412179589271545,0.9708144068717957,0.9470040202140808,0.9729112982749939,0.9734892845153809,0.9837002158164978,0.9815747141838074,0.9790801405906677,0.22865647077560425
0,3, reply,0.05381046235561371,0.8522305488586426,0.8676373958587646,0.8989092111587524,0.8469362258911133,0.9276244044303894,0.8920120000839233,0.9062343239784241,0.9309957027435303,0.9324368834495544,0.9409917593002319,0.9372210502624512,0.9558252692222595,0.9491180777549744,0.9546602368354797,0.9543634057044983,0.9631409645080566,0.9417210817337036,0.9429990649223328,0.940425455570221,0.9512770771980286,0.924970805644989,0.9533713459968567,0.9477401375770569,0.9493069648742676,0.9622876048088074,0.9634168148040771,0.4525819718837738
0,4, with,-0.017877040430903435,0.8732396364212036,0.8314738869667053,0.8375486731529236,0.7353730797767639,0.9022377133369446,0.8263416290283203,0.823126494884491,0.841378927230835,0.859338641166687,0.8724855780601501,0.8907398581504822,0.9212964177131653,0.9258121252059937,0.9331191182136536,0.9345452785491943,0.9531342387199402,0.9433860778808594,0.9290194511413574,0.925588071346283,0.9214154481887817,0.900375247001648,0.9428803324699402,0.9473811388015747,0.9545692205429077,0.9580525159835815,0.9456652402877808,0.5172712802886963
0,5, a,-0.10429508984088898,0.9057645797729492,0.883236825466156,0.8526750802993774,0.8469671010971069,0.8959760069847107,0.8852220177650452,0.9064403772354126,0.9255039095878601,0.9227912425994873,0.9370695352554321,0.8774206042289734,0.9254789352416992,0.9348807334899902,0.9546451568603516,0.9509732723236084,0.9641011953353882,0.957831859588623,0.9392616748809814,0.92513507604599,0.9258977174758911,0.9187442660331726,0.9187853932380676,0.9255813956260681,0.9213241934776306,0.9407531023025513,0.9140293002128601,0.642943799495697
0,6, single,0.06541876494884491,0.8897979855537415,0.8842771053314209,0.8969497680664062,0.8121032118797302,0.872136652469635,0.8534658551216125,0.8636711835861206,0.9073981642723083,0.8905876874923706,0.9223261475563049,0.8777114748954773,0.9174503684043884,0.9236626625061035,0.9470189809799194,0.9262804985046387,0.9401340484619141,0.9514353275299072,0.9285457730293274,0.9004630446434021,0.9150628447532654,0.8935846090316772,0.920261800289154,0.9391176104545593,0.9309026598930359,0.9425457119941711,0.9034881591796875,0.568554699420929
0,7, token,0.025381743907928467,0.9033998250961304,0.8727590441703796,0.8480579257011414,0.7594964504241943,0.9121946692466736,0.8629055023193359,0.8532955646514893,0.8442468047142029,0.8828510642051697,0.9122352600097656,0.9038714170455933,0.9300872683525085,0.9197701215744019,0.9409918785095215,0.9499812126159668,0.9536570906639099,0.9493700265884399,0.9434969425201416,0.9128522872924805,0.9271466732025146,0.9081586599349976,0.9334154725074768,0.920769453048706,0.90455162525177,0.9335079789161682,0.9257351756095886,0.5934197306632996
0,8,".
",0.0008783959201537073,0.9027118682861328,0.8651097416877747,0.8876004219055176,0.8878477215766907,0.9146981835365295,0.9211572408676147,0.9222937226295471,0.9076070785522461,0.8999454975128174,0.8928587436676025,0.9026536345481873,0.9399512410163879,0.9046629667282104,0.9416189789772034,0.9484075903892517,0.9535571932792664,0.9493013620376587,0.9330191016197205,0.9043984413146973,0.9082408547401428,0.8979272246360779,0.9295183420181274,0.9271818995475769,0.9344250559806824,0.9293273091316223,0.9276037812232971,0.4522790014743805
0,9,The,-0.01228980254381895,0.9100719094276428,0.8887019753456116,0.9023123383522034,0.8391440510749817,0.8929218649864197,0.8678918480873108,0.9063125848770142,0.9102742075920105,0.9003401398658752,0.9127676486968994,0.9163815379142761,0.942777693271637,0.918971598148346,0.9519697427749634,0.9563431739807129,0.9677383303642273,0.9661475419998169,0.9551497101783752,0.9237179160118103,0.960724413394928,0.9486005306243896,0.9723322987556458,0.9778435230255127,0.9864367842674255,0.9856457710266113,0.978176474571228,0.2469426840543747
0,10, dog,-0.0016439935425296426,0.9340774416923523,0.794890820980072,0.9396512508392334,0.912545919418335,0.9194952845573425,0.9372603893280029,0.9384230375289917,0.9536420702934265,0.944682240486145,0.9582807421684265,0.9539598822593689,0.9706741571426392,0.9518467783927917,0.9639673829078674,0.9674586057662964,0.9794340133666992,0.9760855436325073,0.9677770733833313,0.9425644874572754,0.9754736423492432,0.9536512494087219,0.9640637040138245,0.9541486501693726,0.9507596492767334,0.97270268201828,0.9621197581291199,0.47763368487358093
0,11, is,-0.02277815341949463,0.9126799702644348,0.9002636075019836,0.9078570008277893,0.8598816394805908,0.9074838161468506,0.8835765719413757,0.8924198150634766,0.880587637424469,0.9045770764350891,0.9306535720825195,0.9360411167144775,0.9571684002876282,0.9456731081008911,0.9662507176399231,0.9613397121429443,0.9708433151245117,0.9736433029174805,0.9670689702033997,0.9628263115882874,0.9657769203186035,0.950045645236969,0.9460368752479553,0.9475678205490112,0.9430452585220337,0.9638526439666748,0.9499708414077759,0.5468601584434509
0,12, running,0.030366791412234306,0.9163258075714111,0.9083641767501831,0.8953325748443604,0.7610539793968201,0.8600072860717773,0.9114230871200562,0.8911699056625366,0.9086317420005798,0.9228358864784241,0.9432806968688965,0.9237603545188904,0.9606249928474426,0.9452861547470093,0.9634737372398376,0.9628623723983765,0.9747931957244873,0.9710960388183594,0.9655118584632874,0.9613526463508606,0.9580097198486328,0.9386721849441528,0.9466758966445923,0.9558361172676086,0.9486863017082214,0.9608170986175537,0.942065954208374,0.5082724690437317
0,13, in,-0.07811912894248962,0.9089563488960266,0.9082365036010742,0.8893115520477295,0.7490136623382568,0.8598377108573914,0.8506930470466614,0.8684048652648926,0.8738997578620911,0.897419273853302,0.9392955303192139,0.9373636841773987,0.9588115811347961,0.9370140433311462,0.9672145247459412,0.9627360105514526,0.9736338257789612,0.9683547019958496,0.9518923759460449,0.9497741460800171,0.9337533712387085,0.926293671131134,0.9355839490890503,0.9359788298606873,0.9366201758384705,0.9615570902824402,0.9504822492599487,0.5092231631278992
0,14, the,-0.12972313165664673,0.9302166104316711,0.9098196625709534,0.9042215347290039,0.8407308459281921,0.8925464749336243,0.8854048848152161,0.8762702345848083,0.9043428301811218,0.9123104214668274,0.9473327398300171,0.9460862278938293,0.9630727767944336,0.9362635016441345,0.9649131894111633,0.971019983291626,0.9799878001213074,0.9762013554573059,0.9595970511436462,0.9502618312835693,0.9442021250724792,0.9366863965988159,0.927278995513916,0.9351599216461182,0.9457826614379883,0.9562076330184937,0.956978976726532,0.5471349358558655
1,0,Important,0.0798230767250061,0.15123608708381653,0.9860776662826538,0.9999720454216003,0.999966561794281,0.9999637007713318,0.9999905824661255,0.9999776482582092,0.9999814629554749,0.9999902844429016,0.9999905824661255,0.9999885559082031,0.9999922513961792,0.9999886155128479,0.9999943971633911,0.9999960660934448,0.9999923706054688,0.9999912977218628,0.9999930262565613,0.9999940395355225,0.999984085559845,0.9999773502349854,0.9999804496765137,0.9999614953994751,0.9998542666435242,0.9987234473228455,0.9398521184921265,0.15871970355510712
1,1,:,0.017548076808452606,0.8751569390296936,0.7975193858146667,0.8693740963935852,0.8279072642326355,0.9316962957382202,0.9008286595344543,0.9063360691070557,0.9276695847511292,0.9272447824478149,0.939592182636261,0.9353768825531006,0.9597817659378052,0.9609920978546143,0.9494770765304565,0.9776061773300171,0.9807078242301941,0.979572594165802,0.9682579040527344,0.9377188682556152,0.955985426902771,0.9553331732749939,0.9696673154830933,0.9628906846046448,0.9778151512145996,0.9787696003913879,0.9659942984580994,0.2900492250919342
1,2, only,0.04647893086075783,0.8912884593009949,0.8779606819152832,0.9190365076065063,0.8688341975212097,0.9312477111816406,0.9133932590484619,0.9023202657699585,0.9252665042877197,0.9324492812156677,0.9427021741867065,0.9232141971588135,0.9399981498718262,0.9381852746009827,0.9507317543029785,0.9641104936599731,0.9745340347290039,0.9547325968742371,0.9534228444099426,0.9412179589271545,0.9708144068717957,0.9470040202140808,0.9729112982749939,0.9734892845153809,0.9837002158164978,0.9815747141838074,0.9790801405906677,0.22865647077560425
1,3, reply,0.05381046235561371,0.8522305488586426,0.8676373958587646,0.8989092111587524,0.8469362258911133,0.9276244044303894,0.8920120000839233,0.9062343239784241,0.9309957027435303,0.9324368834495544,0.9409917593002319,0.9372210502624512,0.9558252692222595,0.9491180777549744,0.9546602368354797,0.9543634057044983,0.9631409645080566,0.9417210817337036,0.9429990649223328,0.940425455570221,0.9512770771980286,0.924970805644989,0.9533713459968567,0.9477401375770569,0.9493069648742676,0.9622876048088074,0.9634168148040771,0.4525819718837738
1,4, with,-0.017877040430903435,0.8732396364212036,0.8314738869667053,0.8375486731529236,0.7353730797767639,0.9022377133369446,0.8263416290283203,0.823126494884491,0.841378927230835,0.859338641166687,0.8724855780601501,0.8907398581504822,0.9212964177131653,0.9258121252059937,0.9331191182136536,0.9345452785491943,0.9531342387199402,0.9433860778808594,0.9290194511413574,0.925588071346283,0.9214154481887817,0.900375247001648,0.9428803324699402,0.9473811388015747,0.9545692205429077,0.9580525159835815,0.9456652402877808,0.5172712802886963
1,5, a,-0.10429508984088898,0.9057645797729492,0.883236825466156,0.8526750802993774,0.8469671010971069,0.8959760069847107,0.8852220177650452,0.9064403772354126,0.9255039095878601,0.9227912425994873,0.9370695352554321,0.8774206042289734,0.9254789352416992,0.9348807334899902,0.9546451568603516,0.9509732723236084,0.9641011953353882,0.957831859588623,0.9392616748809814,0.92513507604599,0.9258977174758911,0.9187442660331726,0.9187853932380676,0.9255813956260681,0.9213241934776306,0.9407531023025513,0.9140293002128601,0.642943799495697
1,6, single,0.06541876494884491,0.8897979855537415,0.8842771053314209,0.8969497680664062,0.8121032118797302,0.872136652469635,0.8534658551216125,0.8636711835861206,0.9073981642723083,0.8905876874923706,0.9223261475563049,0.8777114748954773,0.9174503684043884,0.9236626625061035,0.9470189809799194,0.9262804985046387,0.9401340484619141,0.9514353275299072,0.9285457730293274,0.9004630446434021,0.9150628447532654,0.8935846090316772,0.920261800289154,0.9391176104545593,0.9309026598930359,0.9425457119941711,0.9034881591796875,0.568554699420929
1,7, token,0.025381743907928467,0.9033998250961304,0.8727590441703796,0.8480579257011414,0.7594964504241943,0.9121946692466736,0.8629055023193359,0.8532955646514893,0.8442468047142029,0.8828510642051697,0.9122352600097656,0.9038714170455933,0.9300872683525085,0.9197701215744019,0.9409918785095215,0.9499812126159668,0.9536570906639099,0.9493700265884399,0.9434969425201416,0.9128522872924805,0.9271466732025146,0.9081586599349976,0.9334154725074768,0.920769453048706,0.90455162525177,0.9335079789161682,0.9257351756095886,0.5934197306632996
1,8,".
",0.0008783959201537073,0.9027118682861328,0.8651097416877747,0.8876004219055176,0.8878477215766907,0.9146981835365295,0.9211572408676147,0.9222937226295471,0.9076070785522461,0.8999454975128174,0.8928587436676025,0.9026536345481873,0.9399512410163879,0.9046629667282104,0.9416189789772034,0.9484075903892517,0.9535571932792664,0.9493013620376587,0.9330191016197205,0.9043984413146973,0.9082408547401428,0.8979272246360779,0.9295183420181274,0.9271818995475769,0.9344250559806824,0.9293273091316223,0.9276037812232971,0.4522790014743805
1,9,The,-0.01228980254381895,0.9100719094276428,0.8887019753456116,0.9023123383522034,0.8391440510749817,0.8929218649864197,0.8678918480873108,0.9063125848770142,0.9102742075920105,0.9003401398658752,0.9127676486968994,0.9163815379142761,0.942777693271637,0.918971598148346,0.9519697427749634,0.9563431739807129,0.9677383303642273,0.9661475419998169,0.9551497101783752,0.9237179160118103,0.960724413394928,0.9486005306243896,0.9723322987556458,0.9778435230255127,0.9864367842674255,0.9856457710266113,0.978176474571228,0.2469426840543747
1,10, cat,0.03829913213849068,0.9220108389854431,0.8753864169120789,0.9088224768638611,0.8339256644248962,0.9052527546882629,0.901974081993103,0.8946827054023743,0.9323408007621765,0.9198843240737915,0.9436157941818237,0.9443422555923462,0.9666303396224976,0.9537938833236694,0.9650481343269348,0.966166079044342,0.9811373949050903,0.9784128665924072,0.9706185460090637,0.9642139077186584,0.9761009812355042,0.9462178349494934,0.9680771231651306,0.9537891745567322,0.9629659652709961,0.969237208366394,0.9642661213874817,0.4425453841686249
1,11, is,-0.010838905349373817,0.9100648760795593,0.9025022387504578,0.8923224806785583,0.8006080389022827,0.8952409029006958,0.8677182793617249,0.8770745396614075,0.8781545758247375,0.9053130149841309,0.9268309473991394,0.9348622560501099,0.9502494931221008,0.9366155862808228,0.9582981467247009,0.9539301991462708,0.9707372784614563,0.9715560674667358,0.9641568660736084,0.9626500010490417,0.9614438414573669,0.948806881904602,0.9499445557594299,0.9414435625076294,0.9564508199691772,0.9656109809875488,0.9456185698509216,0.5313557386398315
1,12, sleeping,0.03363572061061859,0.9231643080711365,0.8099154829978943,0.9240772724151611,0.7998180389404297,0.8874683380126953,0.9096314311027527,0.8894649744033813,0.9222787022590637,0.9258293509483337,0.930402398109436,0.930010199546814,0.9517418742179871,0.9452837109565735,0.9610908627510071,0.9663344025611877,0.9789710640907288,0.9739981889724731,0.9644574522972107,0.9474465847015381,0.9609362483024597,0.9431784749031067,0.9525027275085449,0.9443598389625549,0.9442175626754761,0.9676598310470581,0.9455903172492981,0.5146908760070801
1,13, on,-0.012483867816627026,0.8847610950469971,0.817675769329071,0.8388786315917969,0.6979407668113708,0.8125784993171692,0.8437580466270447,0.832905650138855,0.8574951887130737,0.8390290141105652,0.9055559039115906,0.9131813645362854,0.9370818138122559,0.9018739461898804,0.9333926439285278,0.9397439956665039,0.9595595598220825,0.9599850177764893,0.9455456733703613,0.9359540939331055,0.9293898344039917,0.9137855768203735,0.9201750755310059,0.9348822832107544,0.9324761033058167,0.9554281830787659,0.9606602191925049,0.5199263095855713
1,14, the,-0.12255393713712692,0.9232805371284485,0.8978646397590637,0.8857930302619934,0.7984330058097839,0.853411853313446,0.8698155879974365,0.8582092523574829,0.8716257810592651,0.8924981951713562,0.925832986831665,0.8968765735626221,0.9324973821640015,0.9325599074363708,0.9603754281997681,0.9599242806434631,0.9710492491722107,0.968349814414978,0.9436402320861816,0.9223539233207703,0.9363638758659363,0.9294920563697815,0.9059484601020813,0.9183647632598877,0.9130064249038696,0.9512978196144104,0.9448973536491394,0.5702055096626282
2,0,Important,0.0798230767250061,0.15123608708381653,0.9860776662826538,0.9999720454216003,0.999966561794281,0.9999637007713318,0.9999905824661255,0.9999776482582092,0.9999814629554749,0.9999902844429016,0.9999905824661255,0.9999885559082031,0.9999922513961792,0.9999886155128479,0.9999943971633911,0.9999960660934448,0.9999923706054688,0.9999912977218628,0.9999930262565613,0.9999940395355225,0.999984085559845,0.9999773502349854,0.9999804496765137,0.9999614953994751,0.9998542666435242,0.9987234473228455,0.9398521184921265,0.15871970355510712
2,1,:,0.017548076808452606,0.8751569390296936,0.7975193858146667,0.8693740963935852,0.8279072642326355,0.9316962957382202,0.9008286595344543,0.9063360691070557,0.9276695847511292,0.9272447824478149,0.939592182636261,0.9353768825531006,0.9597817659378052,0.9609920978546143,0.9494770765304565,0.9776061773300171,0.9807078242301941,0.979572594165802,0.9682579040527344,0.9377188682556152,0.955985426902771,0.9553331732749939,0.9696673154830933,0.9628906846046448,0.9778151512145996,0.9787696003913879,0.9659942984580994,0.2900492250919342
2,2, only,0.04647893086075783,0.8912884593009949,0.8779606819152832,0.9190365076065063,0.8688341975212097,0.9312477111816406,0.9133932590484619,0.9023202657699585,0.9252665042877197,0.9324492812156677,0.9427021741867065,0.9232141971588135,0.9399981498718262,0.9381852746009827,0.9507317543029785,0.9641104936599731,0.9745340347290039,0.9547325968742371,0.9534228444099426,0.9412179589271545,0.9708144068717957,0.9470040202140808,0.9729112982749939,0.9734892845153809,0.9837002158164978,0.9815747141838074,0.9790801405906677,0.22865647077560425
2,3, reply,0.05381046235561371,0.8522305488586426,0.8676373958587646,0.8989092111587524,0.8469362258911133,0.9276244044303894,0.8920120000839233,0.9062343239784241,0.9309957027435303,0.9324368834495544,0.9409917593002319,0.9372210502624512,0.9558252692222595,0.9491180777549744,0.9546602368354797,0.9543634057044983,0.9631409645080566,0.9417210817337036,0.9429990649223328,0.940425455570221,0.9512770771980286,0.924970805644989,0.9533713459968567,0.9477401375770569,0.9493069648742676,0.9622876048088074,0.9634168148040771,0.4525819718837738
2,4, with,-0.017877040430903435,0.8732396364212036,0.8314738869667053,0.8375486731529236,0.7353730797767639,0.9022377133369446,0.8263416290283203,0.823126494884491,0.841378927230835,0.859338641166687,0.8724855780601501,0.8907398581504822,0.9212964177131653,0.9258121252059937,0.9331191182136536,0.9345452785491943,0.9531342387199402,0.9433860778808594,0.9290194511413574,0.925588071346283,0.9214154481887817,0.900375247001648,0.9428803324699402,0.9473811388015747,0.9545692205429077,0.9580525159835815,0.9456652402877808,0.5172712802886963
2,5, a,-0.10429508984088898,0.9057645797729492,0.883236825466156,0.8526750802993774,0.8469671010971069,0.8959760069847107,0.8852220177650452,0.9064403772354126,0.9255039095878601,0.9227912425994873,0.9370695352554321,0.8774206042289734,0.9254789352416992,0.9348807334899902,0.9546451568603516,0.9509732723236084,0.9641011953353882,0.957831859588623,0.9392616748809814,0.92513507604599,0.9258977174758911,0.9187442660331726,0.9187853932380676,0.9255813956260681,0.9213241934776306,0.9407531023025513,0.9140293002128601,0.642943799495697
2,6, single,0.06541876494884491,0.8897979855537415,0.8842771053314209,0.8969497680664062,0.8121032118797302,0.872136652469635,0.8534658551216125,0.8636711835861206,0.9073981642723083,0.8905876874923706,0.9223261475563049,0.8777114748954773,0.9174503684043884,0.9236626625061035,0.9470189809799194,0.9262804985046387,0.9401340484619141,0.9514353275299072,0.9285457730293274,0.9004630446434021,0.9150628447532654,0.8935846090316772,0.920261800289154,0.9391176104545593,0.9309026598930359,0.9425457119941711,0.9034881591796875,0.568554699420929
2,7, token,0.025381743907928467,0.9033998250961304,0.8727590441703796,0.8480579257011414,0.7594964504241943,0.9121946692466736,0.8629055023193359,0.8532955646514893,0.8442468047142029,0.8828510642051697,0.9122352600097656,0.9038714170455933,0.9300872683525085,0.9197701215744019,0.9409918785095215,0.9499812126159668,0.9536570906639099,0.9493700265884399,0.9434969425201416,0.9128522872924805,0.9271466732025146,0.9081586599349976,0.9334154725074768,0.920769453048706,0.90455162525177,0.9335079789161682,0.9257351756095886,0.5934197306632996
2,8,".
",0.0008783959201537073,0.9027118682861328,0.8651097416877747,0.8876004219055176,0.8878477215766907,0.9146981835365295,0.9211572408676147,0.9222937226295471,0.9076070785522461,0.8999454975128174,0.8928587436676025,0.9026536345481873,0.9399512410163879,0.9046629667282104,0.9416189789772034,0.9484075903892517,0.9535571932792664,0.9493013620376587,0.9330191016197205,0.9043984413146973,0.9082408547401428,0.8979272246360779,0.9295183420181274,0.9271818995475769,0.9344250559806824,0.9293273091316223,0.9276037812232971,0.4522790014743805
2,9,The,-0.01228980254381895,0.9100719094276428,0.8887019753456116,0.9023123383522034,0.8391440510749817,0.8929218649864197,0.8678918480873108,0.9063125848770142,0.9102742075920105,0.9003401398658752,0.9127676486968994,0.9163815379142761,0.942777693271637,0.918971598148346,0.9519697427749634,0.9563431739807129,0.9677383303642273,0.9661475419998169,0.9551497101783752,0.9237179160118103,0.960724413394928,0.9486005306243896,0.9723322987556458,0.9778435230255127,0.9864367842674255,0.9856457710266113,0.978176474571228,0.2469426840543747
2,10, bird,-0.02408512867987156,0.9389379024505615,0.8042288422584534,0.9654024243354797,0.911578357219696,0.9339191913604736,0.9340648651123047,0.9314395189285278,0.9523529410362244,0.9430164098739624,0.9639723300933838,0.956515908241272,0.96907639503479,0.9544541239738464,0.9701915383338928,0.9710002541542053,0.981042742729187,0.9773971438407898,0.9663177728652954,0.9580173492431641,0.9767283797264099,0.9559561610221863,0.9668853282928467,0.952528178691864,0.9570833444595337,0.9705271124839783,0.9575149416923523,0.4840131103992462
2,11, is,-0.036518361419439316,0.9157248735427856,0.8879290223121643,0.9133914709091187,0.8779871463775635,0.8965311050415039,0.8874515295028687,0.910196840763092,0.8845623731613159,0.8924742937088013,0.9233261346817017,0.9349249601364136,0.951292097568512,0.937518298625946,0.9592494964599609,0.9602710604667664,0.96767657995224,0.9716102480888367,0.9644979238510132,0.9603908658027649,0.9657666087150574,0.9521414637565613,0.96010822057724,0.949076235294342,0.9458999633789062,0.9713758230209351,0.9575187563896179,0.5052297115325928
2,12, flying,-0.007868253625929356,0.8916146755218506,0.8412627577781677,0.9197187423706055,0.7943242788314819,0.8857598900794983,0.8979969620704651,0.9037120342254639,0.8929759860038757,0.9003167152404785,0.9401959776878357,0.9366143941879272,0.9603868722915649,0.9469997882843018,0.9581354856491089,0.9618135094642639,0.9769673347473145,0.9751741290092468,0.9648909568786621,0.9567539095878601,0.9677934646606445,0.9408383369445801,0.941136360168457,0.9474016427993774,0.9617692828178406,0.9718004465103149,0.9615288972854614,0.46203505992889404
2,13, over,0.03430907428264618,0.912630558013916,0.8853079080581665,0.8807318210601807,0.7506958842277527,0.8806134462356567,0.8430454730987549,0.8542323708534241,0.8679640889167786,0.8789243102073669,0.8965566754341125,0.935347855091095,0.9430187940597534,0.9406319856643677,0.954895555973053,0.9455359578132629,0.9701423645019531,0.9583346843719482,0.9512633681297302,0.943577229976654,0.9483626484870911,0.9234476685523987,0.9452370405197144,0.9434530735015869,0.9566041231155396,0.9673834443092346,0.9615528583526611,0.519270122051239
2,14, the,-0.08957953751087189,0.9263932108879089,0.9048715829849243,0.8955589532852173,0.8034212589263916,0.8913110494613647,0.87575763463974,0.8791269659996033,0.9050162434577942,0.910992443561554,0.9279385209083557,0.9211669564247131,0.9582244157791138,0.9410600066184998,0.9630811810493469,0.9605676531791687,0.9768325090408325,0.9690869450569153,0.9521806240081787,0.9373255372047424,0.943420946598053,0.9412204027175903,0.9372929930686951,0.9443599581718445,0.9509766697883606,0.9578466415405273,0.9590955972671509,0.5232155919075012
3,0,Important,0.0798230767250061,0.15123608708381653,0.9860776662826538,0.9999720454216003,0.999966561794281,0.9999637007713318,0.9999905824661255,0.9999776482582092,0.9999814629554749,0.9999902844429016,0.9999905824661255,0.9999885559082031,0.9999922513961792,0.9999886155128479,0.9999943971633911,0.9999960660934448,0.9999923706054688,0.9999912977218628,0.9999930262565613,0.9999940395355225,0.999984085559845,0.9999773502349854,0.9999804496765137,0.9999614953994751,0.9998542666435242,0.9987234473228455,0.9398521184921265,0.15871970355510712
3,1,:,0.017548076808452606,0.8751569390296936,0.7975193858146667,0.8693740963935852,0.8279072642326355,0.9316962957382202,0.9008286595344543,0.9063360691070557,0.9276695847511292,0.9272447824478149,0.939592182636261,0.9353768825531006,0.9597817659378052,0.9609920978546143,0.9494770765304565,0.9776061773300171,0.9807078242301941,0.979572594165802,0.9682579040527344,0.9377188682556152,0.955985426902771,0.9553331732749939,0.9696673154830933,0.9628906846046448,0.9778151512145996,0.9787696003913879,0.9659942984580994,0.2900492250919342
3,2, only,0.04647893086075783,0.8912884593009949,0.8779606819152832,0.9190365076065063,0.8688341975212097,0.9312477111816406,0.9133932590484619,0.9023202657699585,0.9252665042877197,0.9324492812156677,0.9427021741867065,0.9232141971588135,0.9399981498718262,0.9381852746009827,0.9507317543029785,0.9641104936599731,0.9745340347290039,0.9547325968742371,0.9534228444099426,0.9412179589271545,0.9708144068717957,0.9470040202140808,0.9729112982749939,0.9734892845153809,0.9837002158164978,0.9815747141838074,0.9790801405906677,0.22865647077560425
3,3, reply,0.05381046235561371,0.8522305488586426,0.8676373958587646,0.8989092111587524,0.8469362258911133,0.9276244044303894,0.8920120000839233,0.9062343239784241,0.9309957027435303,0.9324368834495544,0.9409917593002319,0.9372210502624512,0.9558252692222595,0.9491180777549744,0.9546602368354797,0.9543634057044983,0.9631409645080566,0.9417210817337036,0.9429990649223328,0.940425455570221,0.9512770771980286,0.924970805644989,0.9533713459968567,0.9477401375770569,0.9493069648742676,0.9622876048088074,0.9634168148040771,0.4525819718837738
3,4, with,-0.017877040430903435,0.8732396364212036,0.8314738869667053,0.8375486731529236,0.7353730797767639,0.9022377133369446,0.8263416290283203,0.823126494884491,0.841378927230835,0.859338641166687,0.8724855780601501,0.8907398581504822,0.9212964177131653,0.9258121252059937,0.9331191182136536,0.9345452785491943,0.9531342387199402,0.9433860778808594,0.9290194511413574,0.925588071346283,0.9214154481887817,0.900375247001648,0.9428803324699402,0.9473811388015747,0.9545692205429077,0.9580525159835815,0.9456652402877808,0.5172712802886963
3,5, a,-0.10429508984088898,0.9057645797729492,0.883236825466156,0.8526750802993774,0.8469671010971069,0.8959760069847107,0.8852220177650452,0.9064403772354126,0.9255039095878601,0.9227912425994873,0.9370695352554321,0.8774206042289734,0.9254789352416992,0.9348807334899902,0.9546451568603516,0.9509732723236084,0.9641011953353882,0.957831859588623,0.9392616748809814,0.92513507604599,0.9258977174758911,0.9187442660331726,0.9187853932380676,0.9255813956260681,0.9213241934776306,0.9407531023025513,0.9140293002128601,0.642943799495697
3,6, single,0.06541876494884491,0.8897979855537415,0.8842771053314209,0.8969497680664062,0.8121032118797302,0.872136652469635,0.8534658551216125,0.8636711835861206,0.9073981642723083,0.8905876874923706,0.9223261475563049,0.8777114748954773,0.9174503684043884,0.9236626625061035,0.9470189809799194,0.9262804985046387,0.9401340484619141,0.9514353275299072,0.9285457730293274,0.9004630446434021,0.9150628447532654,0.8935846090316772,0.920261800289154,0.9391176104545593,0.9309026598930359,0.9425457119941711,0.9034881591796875,0.568554699420929
3,7, token,0.025381743907928467,0.9033998250961304,0.8727590441703796,0.8480579257011414,0.7594964504241943,0.9121946692466736,0.8629055023193359,0.8532955646514893,0.8442468047142029,0.8828510642051697,0.9122352600097656,0.9038714170455933,0.9300872683525085,0.9197701215744019,0.9409918785095215,0.9499812126159668,0.9536570906639099,0.9493700265884399,0.9434969425201416,0.9128522872924805,0.9271466732025146,0.9081586599349976,0.9334154725074768,0.920769453048706,0.90455162525177,0.9335079789161682,0.9257351756095886,0.5934197306632996
3,8,".
",0.0008783959201537073,0.9027118682861328,0.8651097416877747,0.8876004219055176,0.8878477215766907,0.9146981835365295,0.9211572408676147,0.9222937226295471,0.9076070785522461,0.8999454975128174,0.8928587436676025,0.9026536345481873,0.9399512410163879,0.9046629667282104,0.9416189789772034,0.9484075903892517,0.9535571932792664,0.9493013620376587,0.9330191016197205,0.9043984413146973,0.9082408547401428,0.8979272246360779,0.9295183420181274,0.9271818995475769,0.9344250559806824,0.9293273091316223,0.9276037812232971,0.4522790014743805
3,9,The,-0.01228980254381895,0.9100719094276428,0.8887019753456116,0.9023123383522034,0.8391440510749817,0.8929218649864197,0.8678918480873108,0.9063125848770142,0.9102742075920105,0.9003401398658752,0.9127676486968994,0.9163815379142761,0.942777693271637,0.918971598148346,0.9519697427749634,0.9563431739807129,0.9677383303642273,0.9661475419998169,0.9551497101783752,0.9237179160118103,0.960724413394928,0.9486005306243896,0.9723322987556458,0.9778435230255127,0.9864367842674255,0.9856457710266113,0.978176474571228,0.2469426840543747
3,10, child,0.04026148095726967,0.9082231521606445,0.8370917439460754,0.9173622727394104,0.7835450172424316,0.887691855430603,0.898384690284729,0.9034906625747681,0.9367631673812866,0.9417976140975952,0.9475931525230408,0.9400812983512878,0.9641687870025635,0.9490604996681213,0.9647271037101746,0.9711949825286865,0.9807885885238647,0.9777904748916626,0.9699579477310181,0.9534357786178589,0.9729291796684265,0.9549604654312134,0.9717240929603577,0.9524438977241516,0.9779382348060608,0.978532612323761,0.9703999161720276,0.3573482632637024
3,11, is,-0.032531749457120895,0.913385272026062,0.9115304350852966,0.8962224125862122,0.8295941948890686,0.896142303943634,0.8961242437362671,0.8800472617149353,0.8799653053283691,0.9019574522972107,0.92530757188797,0.9310547113418579,0.9575919508934021,0.9405936002731323,0.9650415182113647,0.9674420356750488,0.9742894768714905,0.9741876721382141,0.966501772403717,0.9622312784194946,0.9624156355857849,0.9479128122329712,0.957336962223053,0.9673848152160645,0.9681913256645203,0.9729078412055969,0.9553924798965454,0.4522988796234131
3,12, playing,0.06266176700592041,0.9186939597129822,0.8985150456428528,0.9048796892166138,0.7229024171829224,0.8882163763046265,0.8873046040534973,0.8775987029075623,0.8785079121589661,0.9152876138687134,0.9321507811546326,0.9293359518051147,0.9520853161811829,0.9370741844177246,0.9623277187347412,0.968148946762085,0.9771174788475037,0.9757522940635681,0.9583175182342529,0.9426828026771545,0.949993908405304,0.9153738617897034,0.9430315494537354,0.946999728679657,0.9477769136428833,0.9476695656776428,0.9489806294441223,0.5196886658668518
3,13, in,-0.08082688599824905,0.9223307371139526,0.8994880318641663,0.8846495151519775,0.7418968677520752,0.8417590856552124,0.8325200080871582,0.8610373139381409,0.8732120990753174,0.8882960677146912,0.9080567359924316,0.9326105713844299,0.9549862146377563,0.9303239583969116,0.9614371657371521,0.9644066095352173,0.9729870557785034,0.9707891941070557,0.9520001411437988,0.9550907611846924,0.949993908405304,0.9271835088729858,0.9444494843482971,0.9418401718139648,0.9559122323989868,0.9650371670722961,0.9672641754150391,0.46388015151023865
3,14, the,-0.1330723613500595,0.9353142380714417,0.9212483167648315,0.9023284316062927,0.8496779203414917,0.8745759129524231,0.8874248266220093,0.8817518353462219,0.9057323932647705,0.922643780708313,0.9281315207481384,0.9319225549697876,0.9569624066352844,0.9321430921554565,0.9642536640167236,0.9709653258323669,0.9802473783493042,0.9759134650230408,0.957624614238739,0.9496250152587891,0.9563176035881042,0.9406448006629944,0.938337504863739,0.949658989906311,0.9649330973625183,0.9671368598937988,0.9694244861602783,0.4725843369960785
4,0,Important,0.0798230767250061,0.15123608708381653,0.9860776662826538,0.9999720454216003,0.999966561794281,0.9999637007713318,0.9999905824661255,0.9999776482582092,0.9999814629554749,0.9999902844429016,0.9999905824661255,0.9999885559082031,0.9999922513961792,0.9999886155128479,0.9999943971633911,0.9999960660934448,0.9999923706054688,0.9999912977218628,0.9999930262565613,0.9999940395355225,0.999984085559845,0.9999773502349854,0.9999804496765137,0.9999614953994751,0.9998542666435242,0.9987234473228455,0.9398521184921265,0.15871970355510712
4,1,:,0.017548076808452606,0.8751569390296936,0.7975193858146667,0.8693740963935852,0.8279072642326355,0.9316962957382202,0.9008286595344543,0.9063360691070557,0.9276695847511292,0.9272447824478149,0.939592182636261,0.9353768825531006,0.9597817659378052,0.9609920978546143,0.9494770765304565,0.9776061773300171,0.9807078242301941,0.979572594165802,0.9682579040527344,0.9377188682556152,0.955985426902771,0.9553331732749939,0.9696673154830933,0.9628906846046448,0.9778151512145996,0.9787696003913879,0.9659942984580994,0.2900492250919342
4,2, only,0.04647893086075783,0.8912884593009949,0.8779606819152832,0.9190365076065063,0.8688341975212097,0.9312477111816406,0.9133932590484619,0.9023202657699585,0.9252665042877197,0.9324492812156677,0.9427021741867065,0.9232141971588135,0.9399981498718262,0.9381852746009827,0.9507317543029785,0.9641104936599731,0.9745340347290039,0.9547325968742371,0.9534228444099426,0.9412179589271545,0.9708144068717957,0.9470040202140808,0.9729112982749939,0.9734892845153809,0.9837002158164978,0.9815747141838074,0.9790801405906677,0.22865647077560425
4,3, reply,0.05381046235561371,0.8522305488586426,0.8676373958587646,0.8989092111587524,0.8469362258911133,0.9276244044303894,0.8920120000839233,0.9062343239784241,0.9309957027435303,0.9324368834495544,0.9409917593002319,0.9372210502624512,0.9558252692222595,0.9491180777549744,0.9546602368354797,0.9543634057044983,0.9631409645080566,0.9417210817337036,0.9429990649223328,0.940425455570221,0.9512770771980286,0.924970805644989,0.9533713459968567,0.9477401375770569,0.9493069648742676,0.9622876048088074,0.9634168148040771,0.4525819718837738
4,4, with,-0.017877040430903435,0.8732396364212036,0.8314738869667053,0.8375486731529236,0.7353730797767639,0.9022377133369446,0.8263416290283203,0.823126494884491,0.841378927230835,0.859338641166687,0.8724855780601501,0.8907398581504822,0.9212964177131653,0.9258121252059937,0.9331191182136536,0.9345452785491943,0.9531342387199402,0.9433860778808594,0.9290194511413574,0.925588071346283,0.9214154481887817,0.900375247001648,0.9428803324699402,0.9473811388015747,0.9545692205429077,0.9580525159835815,0.9456652402877808,0.5172712802886963
4,5, a,-0.10429508984088898,0.9057645797729492,0.883236825466156,0.8526750802993774,0.8469671010971069,0.8959760069847107,0.8852220177650452,0.9064403772354126,0.9255039095878601,0.9227912425994873,0.9370695352554321,0.8774206042289734,0.9254789352416992,0.9348807334899902,0.9546451568603516,0.9509732723236084,0.9641011953353882,0.957831859588623,0.9392616748809814,0.92513507604599,0.9258977174758911,0.9187442660331726,0.9187853932380676,0.9255813956260681,0.9213241934776306,0.9407531023025513,0.9140293002128601,0.642943799495697
4,6, single,0.06541876494884491,0.8897979855537415,0.8842771053314209,0.8969497680664062,0.8121032118797302,0.872136652469635,0.8534658551216125,0.8636711835861206,0.9073981642723083,0.8905876874923706,0.9223261475563049,0.8777114748954773,0.9174503684043884,0.9236626625061035,0.9470189809799194,0.9262804985046387,0.9401340484619141,0.9514353275299072,0.9285457730293274,0.9004630446434021,0.9150628447532654,0.8935846090316772,0.920261800289154,0.9391176104545593,0.9309026598930359,0.9425457119941711,0.9034881591796875,0.568554699420929
4,7, token,0.025381743907928467,0.9033998250961304,0.8727590441703796,0.8480579257011414,0.7594964504241943,0.9121946692466736,0.8629055023193359,0.8532955646514893,0.8442468047142029,0.8828510642051697,0.9122352600097656,0.9038714170455933,0.9300872683525085,0.9197701215744019,0.9409918785095215,0.9499812126159668,0.9536570906639099,0.9493700265884399,0.9434969425201416,0.9128522872924805,0.9271466732025146,0.9081586599349976,0.9334154725074768,0.920769453048706,0.90455162525177,0.9335079789161682,0.9257351756095886,0.5934197306632996
4,8,".
",0.0008783959201537073,0.9027118682861328,0.8651097416877747,0.8876004219055176,0.8878477215766907,0.9146981835365295,0.9211572408676147,0.9222937226295471,0.9076070785522461,0.8999454975128174,0.8928587436676025,0.9026536345481873,0.9399512410163879,0.9046629667282104,0.9416189789772034,0.9484075903892517,0.9535571932792664,0.9493013620376587,0.9330191016197205,0.9043984413146973,0.9082408547401428,0.8979272246360779,0.9295183420181274,0.9271818995475769,0.9344250559806824,0.9293273091316223,0.9276037812232971,0.4522790014743805
4,9,The,-0.01228980254381895,0.9100719094276428,0.8887019753456116,0.9023123383522034,0.8391440510749817,0.8929218649864197,0.8678918480873108,0.9063125848770142,0.9102742075920105,0.9003401398658752,0.9127676486968994,0.9163815379142761,0.942777693271637,0.918971598148346,0.9519697427749634,0.9563431739807129,0.9677383303642273,0.9661475419998169,0.9551497101783752,0.9237179160118103,0.960724413394928,0.9486005306243896,0.9723322987556458,0.9778435230255127,0.9864367842674255,0.9856457710266113,0.978176474571228,0.2469426840543747
4,10, car,-0.0006759160896763206,0.891835629940033,0.8542369604110718,0.9192265868186951,0.7819131016731262,0.8915842175483704,0.8952993154525757,0.8994138836860657,0.926440417766571,0.9341080188751221,0.9561421871185303,0.9437837600708008,0.9672492146492004,0.9496927261352539,0.963233470916748,0.9739007949829102,0.9821317195892334,0.9776857495307922,0.9685959219932556,0.9576913118362427,0.9790799021720886,0.9610162377357483,0.96331387758255,0.9620758891105652,0.9687581062316895,0.9688835144042969,0.9676684737205505,0.4425331950187683
4,11, is,-0.02025310881435871,0.916591465473175,0.8974577784538269,0.8768609166145325,0.8398036360740662,0.8904635906219482,0.8831927180290222,0.8935433030128479,0.886620283126831,0.8919654488563538,0.9372762441635132,0.9342862963676453,0.9539214372634888,0.9400877356529236,0.9612517356872559,0.962437093257904,0.972872793674469,0.9753969311714172,0.9680019617080688,0.9676745533943176,0.9651538729667664,0.9481491446495056,0.9609897136688232,0.9617996215820312,0.9679307341575623,0.971235990524292,0.9578155875205994,0.4228348731994629
4,12, driving,0.047180645167827606,0.9146673083305359,0.8388595581054688,0.8907174468040466,0.8090254068374634,0.8740425705909729,0.889406681060791,0.885543167591095,0.9100818037986755,0.9115261435508728,0.9398273229598999,0.9464361071586609,0.9611758589744568,0.943943202495575,0.968129575252533,0.9723682403564453,0.9772111177444458,0.9761249423027039,0.9655768871307373,0.9555130004882812,0.972515344619751,0.9370539784431458,0.960612952709198,0.9632445573806763,0.964784562587738,0.9762687087059021,0.9727107286453247,0.4080365002155304
4,13, on,-0.014248947612941265,0.8955243825912476,0.8814733028411865,0.8559836149215698,0.7535637021064758,0.8044754266738892,0.8320900797843933,0.8800608515739441,0.8788847327232361,0.8934832811355591,0.9296280741691589,0.9362081289291382,0.957353949546814,0.9378982782363892,0.9665979743003845,0.9705971479415894,0.9782155752182007,0.9725614190101624,0.9558036923408508,0.9541052579879761,0.9576191902160645,0.9316521883010864,0.9463282823562622,0.9354873299598694,0.9543213248252869,0.948937177658081,0.9526569843292236,0.5145447850227356
4,14, the,-0.11920354515314102,0.9332826137542725,0.9149159789085388,0.8489136695861816,0.8544148206710815,0.8664371967315674,0.8697987198829651,0.9031619429588318,0.9057065844535828,0.9289233684539795,0.9502905607223511,0.9330063462257385,0.9567174911499023,0.9288399815559387,0.9547399282455444,0.966721773147583,0.9809552431106567,0.9768640995025635,0.9563280344009399,0.9514055252075195,0.9664832949638367,0.9430525898933411,0.9333805441856384,0.9337953329086304,0.9548547267913818,0.9526094198226929,0.9566082954406738,0.48301824927330017
5,0,Important,0.0798230767250061,0.15123608708381653,0.9860776662826538,0.9999720454216003,0.999966561794281,0.9999637007713318,0.9999905824661255,0.9999776482582092,0.9999814629554749,0.9999902844429016,0.9999905824661255,0.9999885559082031,0.9999922513961792,0.9999886155128479,0.9999943971633911,0.9999960660934448,0.9999923706054688,0.9999912977218628,0.9999930262565613,0.9999940395355225,0.999984085559845,0.9999773502349854,0.9999804496765137,0.9999614953994751,0.9998542666435242,0.9987234473228455,0.9398521184921265,0.15871970355510712
5,1,:,0.017548076808452606,0.8751569390296936,0.7975193858146667,0.8693740963935852,0.8279072642326355,0.9316962957382202,0.9008286595344543,0.9063360691070557,0.9276695847511292,0.9272447824478149,0.939592182636261,0.9353768825531006,0.9597817659378052,0.9609920978546143,0.9494770765304565,0.9776061773300171,0.9807078242301941,0.979572594165802,0.9682579040527344,0.9377188682556152,0.955985426902771,0.9553331732749939,0.9696673154830933,0.9628906846046448,0.9778151512145996,0.9787696003913879,0.9659942984580994,0.2900492250919342
5,2, only,0.04647893086075783,0.8912884593009949,0.8779606819152832,0.9190365076065063,0.8688341975212097,0.9312477111816406,0.9133932590484619,0.9023202657699585,0.9252665042877197,0.9324492812156677,0.9427021741867065,0.9232141971588135,0.9399981498718262,0.9381852746009827,0.9507317543029785,0.9641104936599731,0.9745340347290039,0.9547325968742371,0.9534228444099426,0.9412179589271545,0.9708144068717957,0.9470040202140808,0.9729112982749939,0.9734892845153809,0.9837002158164978,0.9815747141838074,0.9790801405906677,0.22865647077560425
5,3, reply,0.05381046235561371,0.8522305488586426,0.8676373958587646,0.8989092111587524,0.8469362258911133,0.9276244044303894,0.8920120000839233,0.9062343239784241,0.9309957027435303,0.9324368834495544,0.9409917593002319,0.9372210502624512,0.9558252692222595,0.9491180777549744,0.9546602368354797,0.9543634057044983,0.9631409645080566,0.9417210817337036,0.9429990649223328,0.940425455570221,0.9512770771980286,0.924970805644989,0.9533713459968567,0.9477401375770569,0.9493069648742676,0.9622876048088074,0.9634168148040771,0.4525819718837738
5,4, with,-0.017877040430903435,0.8732396364212036,0.8314738869667053,0.8375486731529236,0.7353730797767639,0.9022377133369446,0.8263416290283203,0.823126494884491,0.841378927230835,0.859338641166687,0.8724855780601501,0.8907398581504822,0.9212964177131653,0.9258121252059937,0.9331191182136536,0.9345452785491943,0.9531342387199402,0.9433860778808594,0.9290194511413574,0.925588071346283,0.9214154481887817,0.900375247001648,0.9428803324699402,0.9473811388015747,0.9545692205429077,0.9580525159835815,0.9456652402877808,0.5172712802886963
5,5, a,-0.10429508984088898,0.9057645797729492,0.883236825466156,0.8526750802993774,0.8469671010971069,0.8959760069847107,0.8852220177650452,0.9064403772354126,0.9255039095878601,0.9227912425994873,0.9370695352554321,0.8774206042289734,0.9254789352416992,0.9348807334899902,0.9546451568603516,0.9509732723236084,0.9641011953353882,0.957831859588623,0.9392616748809814,0.92513507604599,0.9258977174758911,0.9187442660331726,0.9187853932380676,0.9255813956260681,0.9213241934776306,0.9407531023025513,0.9140293002128601,0.642943799495697
5,6, single,0.06541876494884491,0.8897979855537415,0.8842771053314209,0.8969497680664062,0.8121032118797302,0.872136652469635,0.8534658551216125,0.8636711835861206,0.9073981642723083,0.8905876874923706,0.9223261475563049,0.8777114748954773,0.9174503684043884,0.9236626625061035,0.9470189809799194,0.9262804985046387,0.9401340484619141,0.9514353275299072,0.9285457730293274,0.9004630446434021,0.9150628447532654,0.8935846090316772,0.920261800289154,0.9391176104545593,0.9309026598930359,0.9425457119941711,0.9034881591796875,0.568554699420929
5,7, token,0.025381743907928467,0.9033998250961304,0.8727590441703796,0.8480579257011414,0.7594964504241943,0.9121946692466736,0.8629055023193359,0.8532955646514893,0.8442468047142029,0.8828510642051697,0.9122352600097656,0.9038714170455933,0.9300872683525085,0.9197701215744019,0.9409918785095215,0.9499812126159668,0.9536570906639099,0.9493700265884399,0.9434969425201416,0.9128522872924805,0.9271466732025146,0.9081586599349976,0.9334154725074768,0.920769453048706,0.90455162525177,0.9335079789161682,0.9257351756095886,0.5934197306632996
5,8,".
",0.0008783959201537073,0.9027118682861328,0.8651097416877747,0.8876004219055176,0.8878477215766907,0.9146981835365295,0.9211572408676147,0.9222937226295471,0.9076070785522461,0.8999454975128174,0.8928587436676025,0.9026536345481873,0.9399512410163879,0.9046629667282104,0.9416189789772034,0.9484075903892517,0.9535571932792664,0.9493013620376587,0.9330191016197205,0.9043984413146973,0.9082408547401428,0.8979272246360779,0.9295183420181274,0.9271818995475769,0.9344250559806824,0.9293273091316223,0.9276037812232971,0.4522790014743805
5,9,The,-0.01228980254381895,0.9100719094276428,0.8887019753456116,0.9023123383522034,0.8391440510749817,0.8929218649864197,0.8678918480873108,0.9063125848770142,0.9102742075920105,0.9003401398658752,0.9127676486968994,0.9163815379142761,0.942777693271637,0.918971598148346,0.9519697427749634,0.9563431739807129,0.9677383303642273,0.9661475419998169,0.9551497101783752,0.9237179160118103,0.960724413394928,0.9486005306243896,0.9723322987556458,0.9778435230255127,0.9864367842674255,0.9856457710266113,0.978176474571228,0.2469426840543747
5,10, book,0.03681974112987518,0.9239597320556641,0.8739125728607178,0.9345538020133972,0.8365168571472168,0.9131979942321777,0.8987321853637695,0.8980237245559692,0.9284886717796326,0.9286342859268188,0.9531079530715942,0.9360026717185974,0.9601717591285706,0.9483048915863037,0.9649948477745056,0.9659106135368347,0.9757435321807861,0.9740554094314575,0.9641326069831848,0.9449132084846497,0.9587140083312988,0.9593440890312195,0.9616098999977112,0.9598909616470337,0.9720289707183838,0.9715555906295776,0.9747301936149597,0.4083828926086426
5,11, is,-0.04002813622355461,0.9165591597557068,0.8927748799324036,0.8741255402565002,0.8362432718276978,0.9005711078643799,0.8803451061248779,0.8915825486183167,0.8853277564048767,0.8822722434997559,0.9311631917953491,0.9343277215957642,0.9590948224067688,0.9441643357276917,0.9666343331336975,0.9664058685302734,0.9722575545310974,0.9734820127487183,0.9652194380760193,0.9665360450744629,0.9653003811836243,0.9478535652160645,0.9608914256095886,0.9670727849006653,0.9712492227554321,0.9719266891479492,0.9722551703453064,0.3655272126197815
5,12, sitting,0.030675170943140984,0.9245991110801697,0.7495108842849731,0.909046471118927,0.8694806694984436,0.9084402918815613,0.9223569631576538,0.8992503881454468,0.906911313533783,0.9048758149147034,0.9365308284759521,0.9320735931396484,0.9553042650222778,0.9397086501121521,0.9668872356414795,0.9618650674819946,0.9706705212593079,0.9646416306495667,0.9569429159164429,0.957228422164917,0.960558295249939,0.9218676090240479,0.9477566480636597,0.96161288022995,0.9490553140640259,0.9677276611328125,0.958730161190033,0.48168760538101196
5,13, on,-0.024400608614087105,0.9199237823486328,0.8846893906593323,0.8228915929794312,0.7674608826637268,0.8547438979148865,0.782581627368927,0.8179521560668945,0.8387288451194763,0.8611721396446228,0.9279758334159851,0.9442977905273438,0.9586994051933289,0.9465252161026001,0.9668031930923462,0.9633509516716003,0.9781126976013184,0.9739474654197693,0.960119903087616,0.958179771900177,0.9527970552444458,0.9308927655220032,0.9353904724121094,0.9543007612228394,0.9503876566886902,0.9570118188858032,0.9577130675315857,0.4687860310077667
5,14, the,-0.12435099482536316,0.9299828410148621,0.9172707200050354,0.8582546710968018,0.8313302993774414,0.8766555786132812,0.8601345419883728,0.887539267539978,0.9037898182868958,0.9153712391853333,0.9432048797607422,0.9391074180603027,0.9549060463905334,0.9371695518493652,0.9596534967422485,0.9615152478218079,0.9804043769836426,0.9778921604156494,0.9573394060134888,0.9501126408576965,0.947712242603302,0.9358596205711365,0.9200689196586609,0.9404296278953552,0.9406269788742065,0.9528722167015076,0.9458994269371033,0.5376235842704773
6,0,Important,0.0798230767250061,0.15123608708381653,0.9860776662826538,0.9999720454216003,0.999966561794281,0.9999637007713318,0.9999905824661255,0.9999776482582092,0.9999814629554749,0.9999902844429016,0.9999905824661255,0.9999885559082031,0.9999922513961792,0.9999886155128479,0.9999943971633911,0.9999960660934448,0.9999923706054688,0.9999912977218628,0.9999930262565613,0.9999940395355225,0.999984085559845,0.9999773502349854,0.9999804496765137,0.9999614953994751,0.9998542666435242,0.9987234473228455,0.9398521184921265,0.15871970355510712
6,1,:,0.017548076808452606,0.8751569390296936,0.7975193858146667,0.8693740963935852,0.8279072642326355,0.9316962957382202,0.9008286595344543,0.9063360691070557,0.9276695847511292,0.9272447824478149,0.939592182636261,0.9353768825531006,0.9597817659378052,0.9609920978546143,0.9494770765304565,0.9776061773300171,0.9807078242301941,0.979572594165802,0.9682579040527344,0.9377188682556152,0.955985426902771,0.9553331732749939,0.9696673154830933,0.9628906846046448,0.9778151512145996,0.9787696003913879,0.9659942984580994,0.2900492250919342
6,2, only,0.04647893086075783,0.8912884593009949,0.8779606819152832,0.9190365076065063,0.8688341975212097,0.9312477111816406,0.9133932590484619,0.9023202657699585,0.9252665042877197,0.9324492812156677,0.9427021741867065,0.9232141971588135,0.9399981498718262,0.9381852746009827,0.9507317543029785,0.9641104936599731,0.9745340347290039,0.9547325968742371,0.9534228444099426,0.9412179589271545,0.9708144068717957,0.9470040202140808,0.9729112982749939,0.9734892845153809,0.9837002158164978,0.9815747141838074,0.9790801405906677,0.22865647077560425
6,3, reply,0.05381046235561371,0.8522305488586426,0.8676373958587646,0.8989092111587524,0.8469362258911133,0.9276244044303894,0.8920120000839233,0.9062343239784241,0.9309957027435303,0.9324368834495544,0.9409917593002319,0.9372210502624512,0.9558252692222595,0.9491180777549744,0.9546602368354797,0.9543634057044983,0.9631409645080566,0.9417210817337036,0.9429990649223328,0.940425455570221,0.9512770771980286,0.924970805644989,0.9533713459968567,0.9477401375770569,0.9493069648742676,0.9622876048088074,0.9634168148040771,0.4525819718837738
6,4, with,-0.017877040430903435,0.8732396364212036,0.8314738869667053,0.8375486731529236,0.7353730797767639,0.9022377133369446,0.8263416290283203,0.823126494884491,0.841378927230835,0.859338641166687,0.8724855780601501,0.8907398581504822,0.9212964177131653,0.9258121252059937,0.9331191182136536,0.9345452785491943,0.9531342387199402,0.9433860778808594,0.9290194511413574,0.925588071346283,0.9214154481887817,0.900375247001648,0.9428803324699402,0.9473811388015747,0.9545692205429077,0.9580525159835815,0.9456652402877808,0.5172712802886963
6,5, a,-0.10429508984088898,0.9057645797729492,0.883236825466156,0.8526750802993774,0.8469671010971069,0.8959760069847107,0.8852220177650452,0.9064403772354126,0.9255039095878601,0.9227912425994873,0.9370695352554321,0.8774206042289734,0.9254789352416992,0.9348807334899902,0.9546451568603516,0.9509732723236084,0.9641011953353882,0.957831859588623,0.9392616748809814,0.92513507604599,0.9258977174758911,0.9187442660331726,0.9187853932380676,0.9255813956260681,0.9213241934776306,0.9407531023025513,0.9140293002128601,0.642943799495697
6,6, single,0.06541876494884491,0.8897979855537415,0.8842771053314209,0.8969497680664062,0.8121032118797302,0.872136652469635,0.8534658551216125,0.8636711835861206,0.9073981642723083,0.8905876874923706,0.9223261475563049,0.8777114748954773,0.9174503684043884,0.9236626625061035,0.9470189809799194,0.9262804985046387,0.9401340484619141,0.9514353275299072,0.9285457730293274,0.9004630446434021,0.9150628447532654,0.8935846090316772,0.920261800289154,0.9391176104545593,0.9309026598930359,0.9425457119941711,0.9034881591796875,0.568554699420929
6,7, token,0.025381743907928467,0.9033998250961304,0.8727590441703796,0.8480579257011414,0.7594964504241943,0.9121946692466736,0.8629055023193359,0.8532955646514893,0.8442468047142029,0.8828510642051697,0.9122352600097656,0.9038714170455933,0.9300872683525085,0.9197701215744019,0.9409918785095215,0.9499812126159668,0.9536570906639099,0.9493700265884399,0.9434969425201416,0.9128522872924805,0.9271466732025146,0.9081586599349976,0.9334154725074768,0.920769453048706,0.90455162525177,0.9335079789161682,0.9257351756095886,0.5934197306632996
6,8,".
",0.0008783959201537073,0.9027118682861328,0.8651097416877747,0.8876004219055176,0.8878477215766907,0.9146981835365295,0.9211572408676147,0.9222937226295471,0.9076070785522461,0.8999454975128174,0.8928587436676025,0.9026536345481873,0.9399512410163879,0.9046629667282104,0.9416189789772034,0.9484075903892517,0.9535571932792664,0.9493013620376587,0.9330191016197205,0.9043984413146973,0.9082408547401428,0.8979272246360779,0.9295183420181274,0.9271818995475769,0.9344250559806824,0.9293273091316223,0.9276037812232971,0.4522790014743805
6,9,The,-0.01228980254381895,0.9100719094276428,0.8887019753456116,0.9023123383522034,0.8391440510749817,0.8929218649864197,0.8678918480873108,0.9063125848770142,0.9102742075920105,0.9003401398658752,0.9127676486968994,0.9163815379142761,0.942777693271637,0.918971598148346,0.9519697427749634,0.9563431739807129,0.9677383303642273,0.9661475419998169,0.9551497101783752,0.9237179160118103,0.960724413394928,0.9486005306243896,0.9723322987556458,0.9778435230255127,0.9864367842674255,0.9856457710266113,0.978176474571228,0.2469426840543747
6,10, flower,0.05916069820523262,0.9199737906455994,0.7963947653770447,0.9373005628585815,0.8344871401786804,0.9113169312477112,0.9045093655586243,0.905822217464447,0.9385837316513062,0.9441480040550232,0.9629796743392944,0.9537503123283386,0.9678069353103638,0.9561936855316162,0.97181636095047,0.9750906229019165,0.9824665784835815,0.9769260287284851,0.9685563445091248,0.9549211859703064,0.981106698513031,0.9500638842582703,0.9720607399940491,0.9415034651756287,0.9678412079811096,0.9797137379646301,0.972834587097168,0.3995765745639801
6,11, is,-0.04783300310373306,0.9208357930183411,0.9079990983009338,0.8948809504508972,0.8396788239479065,0.8876471519470215,0.8888421654701233,0.895613968372345,0.8840346336364746,0.8891857266426086,0.9222638607025146,0.9415245056152344,0.9478526711463928,0.9349339604377747,0.9571436643600464,0.9613451361656189,0.970394492149353,0.9725567102432251,0.965250551700592,0.9649455547332764,0.9677146673202515,0.952528715133667,0.9578429460525513,0.9516503810882568,0.9662042260169983,0.9734713435173035,0.9656594395637512,0.43534743785858154
6,12, growing,0.04247841611504555,0.9239920973777771,0.8332363367080688,0.9205182194709778,0.7881203889846802,0.8829377293586731,0.901356041431427,0.9021213054656982,0.8965460658073425,0.9236043095588684,0.9303547143936157,0.9379004240036011,0.9502021074295044,0.9399443864822388,0.9634621739387512,0.96115642786026,0.9756529927253723,0.9669830799102783,0.9525813460350037,0.9485797882080078,0.9572939276695251,0.9319448471069336,0.925510585308075,0.9616770148277283,0.9594167470932007,0.9706428050994873,0.9590203762054443,0.4388126730918884
6,13, in,-0.06001799553632736,0.9185317158699036,0.8779979944229126,0.8564199209213257,0.7160274386405945,0.833695113658905,0.8495224714279175,0.8608621954917908,0.8772806525230408,0.8504372835159302,0.8869122862815857,0.9142531156539917,0.9361442923545837,0.8858113288879395,0.912778913974762,0.9513633847236633,0.9676494002342224,0.9644709229469299,0.9440619349479675,0.9522137641906738,0.9454659223556519,0.9177875518798828,0.9528144001960754,0.9489549994468689,0.9625946283340454,0.9718449711799622,0.9632216095924377,0.3584918975830078
6,14, the,-0.13493527472019196,0.9381915330886841,0.8986806273460388,0.8820302486419678,0.8303256630897522,0.8678027391433716,0.8753674030303955,0.8835210204124451,0.8814857006072998,0.8897157907485962,0.9146124124526978,0.9260131120681763,0.9525079131126404,0.921152651309967,0.9471814632415771,0.9668918251991272,0.9794117212295532,0.9751139283180237,0.9507530927658081,0.9497042894363403,0.9540203213691711,0.9468689560890198,0.9564347267150879,0.9570538997650146,0.9701618552207947,0.9744585752487183,0.9694374203681946,0.32765570282936096
7,0,Important,0.0798230767250061,0.15123608708381653,0.9860776662826538,0.9999720454216003,0.999966561794281,0.9999637007713318,0.9999905824661255,0.9999776482582092,0.9999814629554749,0.9999902844429016,0.9999905824661255,0.9999885559082031,0.9999922513961792,0.9999886155128479,0.9999943971633911,0.9999960660934448,0.9999923706054688,0.9999912977218628,0.9999930262565613,0.9999940395355225,0.999984085559845,0.9999773502349854,0.9999804496765137,0.9999614953994751,0.9998542666435242,0.9987234473228455,0.9398521184921265,0.15871970355510712
7,1,:,0.017548076808452606,0.8751569390296936,0.7975193858146667,0.8693740963935852,0.8279072642326355,0.9316962957382202,0.9008286595344543,0.9063360691070557,0.9276695847511292,0.9272447824478149,0.939592182636261,0.9353768825531006,0.9597817659378052,0.9609920978546143,0.9494770765304565,0.9776061773300171,0.9807078242301941,0.979572594165802,0.9682579040527344,0.9377188682556152,0.955985426902771,0.9553331732749939,0.9696673154830933,0.9628906846046448,0.9778151512145996,0.9787696003913879,0.9659942984580994,0.2900492250919342
7,2, only,0.04647893086075783,0.8912884593009949,0.8779606819152832,0.9190365076065063,0.8688341975212097,0.9312477111816406,0.9133932590484619,0.9023202657699585,0.9252665042877197,0.9324492812156677,0.9427021741867065,0.9232141971588135,0.9399981498718262,0.9381852746009827,0.9507317543029785,0.9641104936599731,0.9745340347290039,0.9547325968742371,0.9534228444099426,0.9412179589271545,0.9708144068717957,0.9470040202140808,0.9729112982749939,0.9734892845153809,0.9837002158164978,0.9815747141838074,0.9790801405906677,0.22865647077560425
7,3, reply,0.05381046235561371,0.8522305488586426,0.8676373958587646,0.8989092111587524,0.8469362258911133,0.9276244044303894,0.8920120000839233,0.9062343239784241,0.9309957027435303,0.9324368834495544,0.9409917593002319,0.9372210502624512,0.9558252692222595,0.9491180777549744,0.9546602368354797,0.9543634057044983,0.9631409645080566,0.9417210817337036,0.9429990649223328,0.940425455570221,0.9512770771980286,0.924970805644989,0.9533713459968567,0.9477401375770569,0.9493069648742676,0.9622876048088074,0.9634168148040771,0.4525819718837738
7,4, with,-0.017877040430903435,0.8732396364212036,0.8314738869667053,0.8375486731529236,0.7353730797767639,0.9022377133369446,0.8263416290283203,0.823126494884491,0.841378927230835,0.859338641166687,0.8724855780601501,0.8907398581504822,0.9212964177131653,0.9258121252059937,0.9331191182136536,0.9345452785491943,0.9531342387199402,0.9433860778808594,0.9290194511413574,0.925588071346283,0.9214154481887817,0.900375247001648,0.9428803324699402,0.9473811388015747,0.9545692205429077,0.9580525159835815,0.9456652402877808,0.5172712802886963
7,5, a,-0.10429508984088898,0.9057645797729492,0.883236825466156,0.8526750802993774,0.8469671010971069,0.8959760069847107,0.8852220177650452,0.9064403772354126,0.9255039095878601,0.9227912425994873,0.9370695352554321,0.8774206042289734,0.9254789352416992,0.9348807334899902,0.9546451568603516,0.9509732723236084,0.9641011953353882,0.957831859588623,0.9392616748809814,0.92513507604599,0.9258977174758911,0.9187442660331726,0.9187853932380676,0.9255813956260681,0.9213241934776306,0.9407531023025513,0.9140293002128601,0.642943799495697
7,6, single,0.06541876494884491,0.8897979855537415,0.8842771053314209,0.8969497680664062,0.8121032118797302,0.872136652469635,0.8534658551216125,0.8636711835861206,0.9073981642723083,0.8905876874923706,0.9223261475563049,0.8777114748954773,0.9174503684043884,0.9236626625061035,0.9470189809799194,0.9262804985046387,0.9401340484619141,0.9514353275299072,0.9285457730293274,0.9004630446434021,0.9150628447532654,0.8935846090316772,0.920261800289154,0.9391176104545593,0.9309026598930359,0.9425457119941711,0.9034881591796875,0.568554699420929
7,7, token,0.025381743907928467,0.9033998250961304,0.8727590441703796,0.8480579257011414,0.7594964504241943,0.9121946692466736,0.8629055023193359,0.8532955646514893,0.8442468047142029,0.8828510642051697,0.9122352600097656,0.9038714170455933,0.9300872683525085,0.9197701215744019,0.9409918785095215,0.9499812126159668,0.9536570906639099,0.9493700265884399,0.9434969425201416,0.9128522872924805,0.9271466732025146,0.9081586599349976,0.9334154725074768,0.920769453048706,0.90455162525177,0.9335079789161682,0.9257351756095886,0.5934197306632996
7,8,".
",0.0008783959201537073,0.9027118682861328,0.8651097416877747,0.8876004219055176,0.8878477215766907,0.9146981835365295,0.9211572408676147,0.9222937226295471,0.9076070785522461,0.8999454975128174,0.8928587436676025,0.9026536345481873,0.9399512410163879,0.9046629667282104,0.9416189789772034,0.9484075903892517,0.9535571932792664,0.9493013620376587,0.9330191016197205,0.9043984413146973,0.9082408547401428,0.8979272246360779,0.9295183420181274,0.9271818995475769,0.9344250559806824,0.9293273091316223,0.9276037812232971,0.4522790014743805
7,9,The,-0.01228980254381895,0.9100719094276428,0.8887019753456116,0.9023123383522034,0.8391440510749817,0.8929218649864197,0.8678918480873108,0.9063125848770142,0.9102742075920105,0.9003401398658752,0.9127676486968994,0.9163815379142761,0.942777693271637,0.918971598148346,0.9519697427749634,0.9563431739807129,0.9677383303642273,0.9661475419998169,0.9551497101783752,0.9237179160118103,0.960724413394928,0.9486005306243896,0.9723322987556458,0.9778435230255127,0.9864367842674255,0.9856457710266113,0.978176474571228,0.2469426840543747
7,10, student,-0.011266815476119518,0.9304574131965637,0.9095450639724731,0.8938450813293457,0.8739198446273804,0.9227262735366821,0.9121673703193665,0.9147642254829407,0.9194386005401611,0.9265895485877991,0.9365296363830566,0.9278697371482849,0.9541458487510681,0.9396713972091675,0.9573025703430176,0.9571408033370972,0.9710702300071716,0.9669828414916992,0.961191713809967,0.944705605506897,0.9649908542633057,0.9508817791938782,0.966439425945282,0.9587438702583313,0.9750343561172485,0.9818525910377502,0.9710055589675903,0.3445281386375427
7,11, is,-0.029447145760059357,0.9206381440162659,0.876613438129425,0.8647124767303467,0.8431617617607117,0.9034364819526672,0.8733800649642944,0.8909323215484619,0.895813524723053,0.9092371463775635,0.9236538410186768,0.9197763204574585,0.9504911303520203,0.9222743511199951,0.9596493244171143,0.9635719656944275,0.9712164998054504,0.9707827568054199,0.9634165167808533,0.9567722678184509,0.9617738127708435,0.9482904672622681,0.9618812799453735,0.9707596302032471,0.9703412652015686,0.9735366106033325,0.9621196985244751,0.4070196747779846
7,12, studying,0.023011373355984688,0.9166384339332581,0.8486908674240112,0.8382309079170227,0.851446270942688,0.922120213508606,0.8979533314704895,0.8950925469398499,0.9099128842353821,0.9178986549377441,0.9373031854629517,0.924819827079773,0.9484940767288208,0.933982789516449,0.9573829174041748,0.9678271412849426,0.9758664965629578,0.9748507738113403,0.9619992971420288,0.9412528276443481,0.9565700888633728,0.9358010292053223,0.966711163520813,0.9742838144302368,0.9759121537208557,0.9766525030136108,0.9728004336357117,0.3554942011833191
7,13, in,-0.06807416677474976,0.906635046005249,0.879680871963501,0.8448609709739685,0.746928334236145,0.8085741996765137,0.8611500859260559,0.8670371770858765,0.8743005990982056,0.9032393097877502,0.9261741042137146,0.922733724117279,0.9334481954574585,0.8868494033813477,0.9356820583343506,0.9566605687141418,0.9650687575340271,0.9626777172088623,0.9441319108009338,0.9429931640625,0.9378027319908142,0.9148382544517517,0.9446381330490112,0.961257815361023,0.9564559459686279,0.9601408243179321,0.956931471824646,0.481293261051178
7,14, the,-0.14028246700763702,0.9298404455184937,0.8903892636299133,0.8692673444747925,0.7889634370803833,0.856331467628479,0.8833238482475281,0.8956111073493958,0.9090122580528259,0.9211848974227905,0.9435635805130005,0.9284144639968872,0.9528523087501526,0.9209715723991394,0.9568828344345093,0.9594727158546448,0.9736071228981018,0.9673319458961487,0.9466515183448792,0.9398567080497742,0.9386386871337891,0.9343894124031067,0.9316012859344482,0.9471843838691711,0.9573975205421448,0.9612440466880798,0.9631113409996033,0.5109764337539673
