prompt_idx,token_pos,token_text,layer_000,layer_001,layer_002,layer_003,layer_004,layer_005,layer_006,layer_007,layer_008,layer_009,layer_010,layer_011,layer_012,layer_013,layer_014,layer_015,layer_016,layer_017,layer_018,layer_019,layer_020,layer_021,layer_022,layer_023,layer_024,layer_025,layer_026,layer_027,layer_028,layer_029,layer_030,layer_031,layer_032,layer_033,layer_034,layer_035,layer_036,layer_037,layer_038,layer_039,layer_040,layer_041,layer_042,layer_043,layer_044,layer_045,layer_046,layer_047,layer_048,layer_049,layer_050,layer_051,layer_052,layer_053,layer_054,layer_055,layer_056,layer_057,layer_058,layer_059,layer_060,layer_061,layer_062,layer_063,layer_064
0,0,3,1.5578317642211914,67.39019775390625,99.01714324951172,126.39836120605469,142.9734649658203,12161.7060546875,21912.291015625,24993.095703125,25069.7734375,25147.498046875,25185.55078125,25415.837890625,25415.97265625,25493.486328125,25570.513671875,25647.40625,25729.607421875,25807.279296875,25845.46875,25845.638671875,25927.09765625,26004.62890625,26004.876953125,26086.271484375,26126.548828125,26126.60546875,26127.337890625,26127.19921875,26167.50390625,26207.330078125,26247.576171875,26248.470703125,26327.625,26407.130859375,26486.146484375,26526.732421875,26739.75390625,26780.09375,26898.23828125,27298.53125,27464.166015625,27543.03515625,27700.2890625,27891.99609375,27889.244140625,27887.826171875,27887.404296875,27887.02734375,27886.00390625,27885.0546875,27881.81640625,27879.7265625,27879.583984375,27876.671875,27874.05859375,27872.904296875,27871.28125,27711.73046875,27551.623046875,27383.33203125,26849.1640625,21119.65625,19520.646484375,16446.73828125,123.80387115478516
0,1, +,1.6827943325042725,60.959930419921875,78.2035140991211,87.83953094482422,98.08184814453125,110.81723022460938,121.76576232910156,131.74026489257812,144.39279174804688,160.0997314453125,182.2951202392578,196.01541137695312,216.81631469726562,222.08653259277344,238.7726593017578,250.66067504882812,250.91610717773438,257.6961975097656,264.83526611328125,268.0616455078125,273.0471496582031,272.6927795410156,270.74298095703125,271.73065185546875,273.614501953125,273.85357666015625,275.5838623046875,280.80377197265625,281.8347473144531,289.8101501464844,298.63848876953125,302.93353271484375,315.1285095214844,329.9935302734375,345.131103515625,353.8403625488281,359.44189453125,358.3765563964844,355.89483642578125,360.521728515625,369.9554138183594,377.4480895996094,367.9112854003906,369.6321105957031,377.0995788574219,403.9565734863281,417.2551574707031,432.83526611328125,460.2785949707031,498.62591552734375,542.162841796875,563.1177978515625,627.6829223632812,670.41845703125,701.0712890625,751.7881469726562,824.1122436523438,892.0361938476562,938.3355712890625,994.2234497070312,1088.8905029296875,1211.905517578125,1441.6536865234375,2186.5244140625,178.54681396484375
0,2, ,1.3829126358032227,50.290306091308594,74.21543884277344,85.42244720458984,91.64447021484375,101.20975494384766,112.56501007080078,124.56796264648438,135.62586975097656,145.36822509765625,159.59091186523438,171.1439971923828,184.48190307617188,187.00657653808594,186.47537231445312,185.3811492919922,183.1141357421875,196.03707885742188,199.85569763183594,202.07687377929688,202.31900024414062,208.51345825195312,211.71726989746094,214.68130493164062,215.3788604736328,217.21075439453125,219.90611267089844,226.12388610839844,235.1593780517578,236.56846618652344,234.1676788330078,236.81988525390625,242.19256591796875,258.47161865234375,269.85552978515625,279.3069152832031,278.7787780761719,279.82904052734375,278.418212890625,280.72674560546875,292.01873779296875,309.8203430175781,305.1451110839844,307.8052673339844,322.3676452636719,354.3956604003906,375.87939453125,394.87396240234375,415.6836853027344,442.1924133300781,499.19903564453125,519.3035888671875,585.7835693359375,623.9348754882812,654.4306030273438,684.430908203125,735.6813354492188,807.37158203125,851.4204711914062,920.1109008789062,1017.7060546875,1112.15673828125,1438.7642822265625,2388.252197265625,186.5179443359375
0,3,4,1.5843249559402466,50.83250427246094,65.53981018066406,73.60057067871094,84.33357238769531,100.92630767822266,110.57254028320312,122.51829528808594,136.13990783691406,148.80581665039062,164.6955108642578,178.646484375,185.7653045654297,189.01951599121094,189.3665771484375,200.6100616455078,198.24057006835938,209.9669952392578,211.85467529296875,217.850341796875,225.4517822265625,233.2745361328125,238.03761291503906,237.81605529785156,239.3818359375,245.84666442871094,251.80809020996094,253.3344268798828,260.77020263671875,258.9478759765625,260.4073181152344,266.0995178222656,275.553466796875,287.6650695800781,295.1622314453125,301.8075866699219,304.6968994140625,300.82318115234375,307.73828125,309.666259765625,319.87841796875,342.56414794921875,332.4992370605469,333.86932373046875,354.4556579589844,385.47021484375,404.8818359375,427.39434814453125,457.39337158203125,498.23443603515625,528.6768798828125,567.5953369140625,658.2774047851562,692.5952758789062,734.7705688476562,781.0773315429688,857.82421875,936.0137329101562,1003.785888671875,1082.903564453125,1193.5435791015625,1355.604736328125,1555.714111328125,2452.010498046875,196.68666076660156
0,4, =,1.6369329690933228,49.66773986816406,65.61192321777344,72.4487075805664,81.4017562866211,94.85464477539062,110.7197265625,120.37808990478516,127.2299575805664,143.97023010253906,159.0659942626953,171.44906616210938,181.95274353027344,183.21778869628906,182.53823852539062,183.30543518066406,183.41940307617188,196.1161651611328,202.53981018066406,205.35699462890625,211.4704132080078,221.66065979003906,227.8013153076172,231.18743896484375,228.7642059326172,233.6069793701172,233.9290771484375,236.93798828125,242.8315887451172,246.98004150390625,247.50108337402344,245.81961059570312,251.4825897216797,259.0164794921875,266.832763671875,280.3255920410156,280.8974609375,286.6478271484375,291.6529541015625,295.13031005859375,305.4317626953125,326.78118896484375,316.5190124511719,323.3649597167969,332.6128845214844,377.6868591308594,397.1553649902344,420.6338195800781,454.4410705566406,496.17401123046875,555.6994018554688,576.6553955078125,620.56005859375,668.8351440429688,695.7723388671875,737.7136840820312,817.3553466796875,880.8601684570312,932.391845703125,1008.2134399414062,1084.9539794921875,1237.2974853515625,1403.713623046875,2203.320068359375,176.5494842529297
1,0,5,1.5811514854431152,70.09561157226562,97.21829986572266,120.9853286743164,129.94288635253906,13688.6630859375,23481.251953125,26521.169921875,26597.689453125,26675.263671875,26713.216796875,26943.138671875,26943.25,27020.587890625,27058.69140625,27096.634765625,27140.076171875,27140.158203125,27139.615234375,27139.8203125,27144.005859375,27144.302734375,27144.5546875,27147.345703125,27148.751953125,27148.83203125,27149.626953125,27149.44140625,27150.8359375,27151.373046875,27152.53515625,27153.36328125,27154.189453125,27156.123046875,27234.517578125,27236.4140625,27409.18359375,27409.890625,27564.51953125,27964.849609375,28129.84375,28284.859375,28440.203125,28630.7578125,28626.3359375,28624.88671875,28623.736328125,28623.2734375,28622.15234375,28621.1484375,28617.6640625,28616.01953125,28615.91015625,28612.99609375,28610.7890625,28609.5,28607.8671875,28449.990234375,28290.19921875,28045.900390625,27488.923828125,21297.68359375,19595.7421875,16377.5302734375,137.59584045410156
1,1, +,1.6827943325042725,63.0506591796875,80.70945739746094,89.37716674804688,98.22118377685547,110.26195526123047,118.93476867675781,127.51367950439453,141.58616638183594,158.0116729736328,180.45945739746094,193.6274871826172,207.22439575195312,217.8838348388672,228.20355224609375,234.47897338867188,233.4711456298828,240.51551818847656,243.8914031982422,248.41380310058594,256.2944030761719,256.7040100097656,255.8756103515625,258.5718688964844,260.6157531738281,261.086181640625,263.02642822265625,272.2825927734375,278.9543151855469,285.72705078125,290.72607421875,295.849853515625,309.2608642578125,325.766357421875,338.2286071777344,347.9820556640625,358.1750183105469,357.05291748046875,356.20172119140625,361.4599609375,375.17047119140625,381.35015869140625,371.40185546875,375.0863342285156,384.1293029785156,411.6705627441406,427.7857360839844,441.9559020996094,475.80889892578125,514.8435668945312,560.88671875,579.8793334960938,642.0834350585938,683.0545043945312,721.0675659179688,770.7512817382812,842.0631103515625,909.7496337890625,956.3800659179688,1012.8125610351562,1092.0595703125,1220.9166259765625,1444.886962890625,2188.745361328125,187.4019775390625
1,2, ,1.3829126358032227,51.070579528808594,74.52349090576172,85.54544830322266,91.78656768798828,100.81392669677734,111.31764221191406,123.13815307617188,134.34286499023438,144.64865112304688,159.39956665039062,170.53656005859375,183.4351043701172,187.20196533203125,186.0338897705078,185.03944396972656,182.7866668701172,194.99473571777344,197.27879333496094,201.66114807128906,201.84426879882812,205.3890838623047,209.4197540283203,213.50396728515625,213.62249755859375,215.96250915527344,218.5128173828125,226.66575622558594,235.3602294921875,236.7516326904297,234.55987548828125,236.86659240722656,241.46627807617188,258.74346923828125,269.0333251953125,279.4455261230469,279.25372314453125,279.9579162597656,279.14959716796875,281.3027038574219,292.8590393066406,312.4677734375,306.9000549316406,309.6703796386719,324.05877685546875,355.9420166015625,379.94757080078125,397.1872863769531,419.6331481933594,448.59710693359375,506.8634033203125,528.0853881835938,591.76171875,625.95654296875,660.4812622070312,693.8784790039062,744.4232788085938,812.7122192382812,859.6286010742188,931.422119140625,1021.3710327148438,1126.70068359375,1439.3671875,2402.953857421875,186.8551788330078
1,3,2,1.4177995920181274,49.61006546020508,65.3794937133789,72.99380493164062,82.53506469726562,97.9565658569336,107.28104400634766,120.90973663330078,130.60231018066406,147.28677368164062,164.19046020507812,179.26193237304688,189.13458251953125,190.8418731689453,185.29588317871094,183.85350036621094,182.45777893066406,200.9794158935547,203.42918395996094,207.9246368408203,215.32974243164062,217.5371856689453,223.39820861816406,224.02484130859375,226.7855987548828,231.40203857421875,233.45562744140625,236.8084259033203,243.61581420898438,243.70806884765625,241.35061645507812,242.0636749267578,252.37469482421875,262.2607116699219,269.0472717285156,276.5995788574219,281.0526123046875,277.7066955566406,285.0182189941406,288.21319580078125,297.8005065917969,321.6833190917969,311.0338439941406,313.5780944824219,338.1495666503906,374.18438720703125,392.18389892578125,409.0060729980469,449.2762451171875,487.46697998046875,521.6326904296875,562.325927734375,645.7656860351562,678.5099487304688,725.5936279296875,774.965576171875,845.5790405273438,909.4100952148438,982.256591796875,1052.2122802734375,1167.0467529296875,1315.5462646484375,1544.2105712890625,2428.131103515625,204.7282257080078
1,4, =,1.6369329690933228,49.669620513916016,65.28935241699219,71.90607452392578,80.7948226928711,93.61511993408203,109.21700286865234,117.5582275390625,125.48543548583984,145.1459503173828,159.42022705078125,172.46005249023438,183.29763793945312,186.33963012695312,184.99830627441406,185.73960876464844,189.0830535888672,203.48666381835938,210.1714630126953,215.41407775878906,220.9573974609375,229.36880493164062,236.71519470214844,240.0154266357422,238.0029296875,244.38572692871094,245.5732879638672,248.86062622070312,254.14614868164062,257.83636474609375,255.31275939941406,252.23141479492188,257.19000244140625,273.0608215332031,282.1028747558594,289.7693786621094,292.6419372558594,296.7864990234375,303.3001403808594,307.9928894042969,317.5965881347656,351.51739501953125,335.76214599609375,337.17169189453125,349.779541015625,393.2596435546875,410.8846740722656,427.06787109375,469.1745300292969,503.7554016113281,560.477783203125,588.083251953125,634.51123046875,674.159912109375,702.4036865234375,745.5927124023438,826.2427978515625,896.4837036132812,947.0624389648438,1017.5975952148438,1091.19873046875,1233.2506103515625,1422.1444091796875,2250.968017578125,180.0355987548828
2,0,1,1.4903733730316162,62.59090805053711,97.48533630371094,123.78477478027344,127.12179565429688,13033.5,22655.52734375,25696.787109375,25773.330078125,25850.94921875,25889.05078125,26119.21875,26119.341796875,26196.810546875,26273.771484375,26350.609375,26432.90234375,26510.517578125,26548.759765625,26548.9609375,26630.166015625,26707.62109375,26707.845703125,26789.037109375,26829.359375,26829.41015625,26830.15234375,26830.0078125,26870.37109375,26871.1484375,26872.279296875,26873.1640625,26913.171875,26914.544921875,26993.052734375,26994.484375,27167.46875,27168.314453125,27246.59765625,27645.8359375,27811.34765625,27889.740234375,28046.138671875,28237.0078125,28233.30859375,28231.837890625,28230.8359375,28230.421875,28229.349609375,28228.376953125,28225.0,28222.826171875,28222.6484375,28219.197265625,28216.453125,28215.1875,28213.548828125,28054.630859375,27893.939453125,27726.197265625,27167.58984375,21226.19140625,19579.583984375,16394.28125,137.90570068359375
2,1,4,1.5843249559402466,55.70002746582031,67.2429428100586,79.31672668457031,83.15757751464844,93.3817367553711,103.6139144897461,112.35636138916016,133.65322875976562,151.23484802246094,178.47189331054688,202.28170776367188,207.46127319335938,217.529296875,227.394287109375,236.91029357910156,237.93043518066406,246.24819946289062,253.33209228515625,255.6273193359375,267.8050537109375,272.4212646484375,268.54449462890625,269.9848937988281,272.2001647949219,270.54052734375,272.2215576171875,277.164794921875,278.9759826660156,283.04327392578125,288.7685546875,298.215576171875,310.09130859375,324.85626220703125,336.07965087890625,338.1320495605469,350.69482421875,353.9252624511719,346.3014831542969,357.27655029296875,363.9950256347656,362.6056213378906,358.45831298828125,360.3908386230469,371.0034484863281,391.54827880859375,417.151123046875,443.65618896484375,468.1971435546875,498.3131408691406,538.4703979492188,574.3272094726562,629.604248046875,662.5194091796875,703.0311889648438,745.1400756835938,789.2200317382812,844.039306640625,881.9762573242188,938.587890625,1000.1005859375,1095.0316162109375,1361.200927734375,2346.607177734375,170.62374877929688
2,2, /,1.7907534837722778,64.96269226074219,78.5192642211914,86.01432037353516,96.94967651367188,106.43946075439453,113.87694549560547,127.3925552368164,160.56385803222656,175.07766723632812,192.93357849121094,201.688720703125,212.945556640625,216.60714721679688,226.78970336914062,230.8131866455078,232.77023315429688,245.31622314453125,248.72622680664062,252.4329071044922,254.1444091796875,256.5396728515625,258.6469421386719,261.7445068359375,260.64166259765625,262.4523620605469,265.83367919921875,269.8570556640625,273.8330993652344,281.68695068359375,286.2297058105469,291.07537841796875,296.7488098144531,308.9658203125,318.5237121582031,322.4862976074219,326.5275573730469,325.5003662109375,325.8758239746094,327.1272888183594,333.31793212890625,350.274658203125,346.2444152832031,350.67938232421875,362.8380126953125,394.7170715332031,415.7526550292969,426.7930603027344,465.77142333984375,491.86285400390625,547.5762939453125,573.1181640625,631.6737060546875,665.5372924804688,707.9615478515625,746.3637084960938,812.6827392578125,866.895751953125,913.1644287109375,960.1621704101562,1031.1544189453125,1134.3157958984375,1378.8865966796875,2132.235107421875,175.42759704589844
2,3, ,1.3829126358032227,48.646915435791016,70.57618713378906,82.74931335449219,91.53534698486328,102.79605102539062,116.18008422851562,126.42134094238281,135.8131561279297,150.10609436035156,165.03958129882812,176.439208984375,191.12374877929688,192.90428161621094,196.5755615234375,193.0772247314453,192.74124145507812,200.53244018554688,204.01715087890625,206.06329345703125,205.36004638671875,209.51101684570312,211.78292846679688,215.33511352539062,215.07492065429688,217.9549102783203,219.20399475097656,223.08302307128906,228.15719604492188,229.85757446289062,228.45973205566406,228.97393798828125,232.02110290527344,244.63925170898438,257.3293151855469,268.568115234375,271.3874816894531,272.1050720214844,271.73162841796875,275.11572265625,292.4992980957031,306.3438720703125,302.71502685546875,305.8491516113281,313.5150451660156,338.44244384765625,346.6969909667969,354.9794616699219,380.8748474121094,412.0234375,449.552734375,467.38238525390625,515.8588256835938,558.9481201171875,587.2922973632812,628.0006713867188,660.4033203125,696.322509765625,737.2099609375,796.29833984375,877.6787719726562,973.4219970703125,1277.42431640625,2109.967041015625,169.8019561767578
2,4,2,1.4177995920181274,47.02793884277344,62.50101852416992,71.22640228271484,81.3155746459961,97.71295166015625,115.16545867919922,122.32951354980469,129.5039825439453,143.500732421875,160.06063842773438,174.25807189941406,185.302001953125,188.3273162841797,192.8747100830078,194.82510375976562,192.34503173828125,199.7040252685547,206.78317260742188,216.94406127929688,218.46531677246094,222.96636962890625,224.37387084960938,228.72476196289062,229.4329833984375,234.51840209960938,236.26145935058594,239.9140167236328,243.68673706054688,243.8345184326172,242.8822784423828,244.0751495361328,249.34791564941406,270.0379638671875,278.5340576171875,285.0838317871094,291.2554931640625,291.99676513671875,292.7801818847656,297.272705078125,305.5762023925781,323.9203796386719,313.9040832519531,315.9930114746094,334.95855712890625,358.13055419921875,375.236083984375,382.1328430175781,409.90631103515625,455.3630065917969,481.4718322753906,518.0877075195312,583.94970703125,615.5365600585938,644.1443481445312,685.67138671875,733.6525268554688,788.25,860.44140625,920.451904296875,1016.0806274414062,1146.6485595703125,1380.79931640625,2324.1640625,205.4969940185547
2,5, =,1.6369329690933228,49.356319427490234,64.12506103515625,70.97403717041016,80.81884765625,95.10186004638672,110.6944580078125,122.52608489990234,129.87600708007812,153.45526123046875,168.9833526611328,177.00601196289062,188.52024841308594,192.21005249023438,192.99559020996094,195.84963989257812,198.21702575683594,207.56251525878906,215.34742736816406,219.92311096191406,229.44847106933594,237.00177001953125,240.4385528564453,241.7610321044922,242.1097412109375,249.65415954589844,251.08279418945312,255.63302612304688,263.1609191894531,268.0567321777344,266.6687316894531,261.50457763671875,261.6274108886719,267.5915832519531,277.561767578125,285.71630859375,289.683349609375,294.3519592285156,299.05303955078125,307.1198425292969,322.3791809082031,353.5907897949219,340.8968200683594,343.78057861328125,356.5535888671875,391.863037109375,405.4209899902344,414.1456604003906,447.59246826171875,474.9381103515625,533.0836791992188,551.5458374023438,610.3937377929688,669.075927734375,702.349853515625,748.0167846679688,841.4525756835938,924.5816040039062,973.8330688476562,1038.2845458984375,1102.395263671875,1245.118408203125,1426.8348388671875,2237.76416015625,170.73037719726562
3,0,1,1.4903733730316162,62.59090805053711,97.48533630371094,123.78477478027344,127.12179565429688,13033.5,22655.52734375,25696.787109375,25773.330078125,25850.94921875,25889.05078125,26119.21875,26119.341796875,26196.810546875,26273.771484375,26350.609375,26432.90234375,26510.517578125,26548.759765625,26548.9609375,26630.166015625,26707.62109375,26707.845703125,26789.037109375,26829.359375,26829.41015625,26830.15234375,26830.0078125,26870.37109375,26871.1484375,26872.279296875,26873.1640625,26913.171875,26914.544921875,26993.052734375,26994.484375,27167.46875,27168.314453125,27246.59765625,27645.8359375,27811.34765625,27889.740234375,28046.138671875,28237.0078125,28233.30859375,28231.837890625,28230.8359375,28230.421875,28229.349609375,28228.376953125,28225.0,28222.826171875,28222.6484375,28219.197265625,28216.453125,28215.1875,28213.548828125,28054.630859375,27893.939453125,27726.197265625,27167.58984375,21226.19140625,19579.583984375,16394.28125,137.90570068359375
3,1,0,1.4186121225357056,50.11061096191406,62.76957321166992,72.927001953125,81.72926330566406,97.94270324707031,111.18634796142578,125.92757415771484,136.66505432128906,149.1959228515625,178.0807342529297,211.7840118408203,222.3300018310547,230.20762634277344,240.25450134277344,248.7656707763672,250.99977111816406,257.02386474609375,263.70709228515625,267.9682312011719,279.4563293457031,284.6125793457031,281.00030517578125,283.90618896484375,285.4382629394531,284.8957824707031,285.693603515625,290.71331787109375,292.7223815917969,295.03680419921875,298.8714599609375,300.07061767578125,316.3105773925781,330.6752624511719,341.1737060546875,345.53228759765625,355.936279296875,359.2959899902344,351.77764892578125,363.06243896484375,370.7424011230469,372.8835144042969,365.146484375,365.20098876953125,376.0562744140625,396.3243713378906,417.08404541015625,443.46600341796875,475.7813415527344,513.7532958984375,552.515380859375,600.0619506835938,656.867919921875,691.0874633789062,727.4559326171875,773.0872192382812,826.8050537109375,882.5177612304688,929.9813232421875,989.4244995117188,1063.728515625,1138.35498046875,1394.6512451171875,2260.284912109375,153.94873046875
3,2, -,1.7903796434402466,54.509490966796875,69.75891876220703,78.1850814819336,87.7757568359375,100.87757873535156,111.444580078125,121.67155456542969,130.77890014648438,144.41455078125,165.5584716796875,172.53712463378906,191.39927673339844,195.30679321289062,204.2611083984375,210.4308319091797,213.56201171875,231.57675170898438,240.73861694335938,243.0658721923828,248.26319885253906,250.43516540527344,250.08340454101562,250.87374877929688,254.75833129882812,258.1091003417969,260.23919677734375,264.8203125,267.7641296386719,277.335693359375,281.5900573730469,285.8916931152344,295.99609375,309.8179016113281,324.92633056640625,336.3241271972656,337.58966064453125,339.42547607421875,337.7868347167969,340.4637756347656,346.357421875,360.6033935546875,351.8099060058594,353.5864562988281,368.3960876464844,397.17657470703125,406.11737060546875,420.3904113769531,452.2746887207031,485.518310546875,522.6779174804688,556.7481689453125,632.1011352539062,663.1588745117188,696.673095703125,757.4093017578125,840.6383666992188,911.2070922851562,963.7474975585938,1022.1547241210938,1119.1494140625,1255.7962646484375,1498.7073974609375,2312.50048828125,192.63153076171875
3,3, ,1.3829126358032227,46.95978927612305,69.62315368652344,82.16043090820312,89.66949462890625,100.38238525390625,111.89537048339844,134.1701202392578,148.97669982910156,159.70506286621094,170.59632873535156,180.75701904296875,192.63063049316406,202.68560791015625,207.72763061523438,201.22183227539062,196.60531616210938,203.73484802246094,206.70530700683594,210.79989624023438,209.81231689453125,214.89605712890625,218.83863830566406,222.21096801757812,222.75656127929688,224.60499572753906,228.29396057128906,231.73182678222656,238.68701171875,244.65713500976562,247.626220703125,246.25079345703125,248.8919219970703,266.3726501464844,278.7008056640625,290.7346496582031,291.71258544921875,290.7720642089844,289.2231140136719,290.3939514160156,300.8076477050781,321.98382568359375,316.7842712402344,314.4155578613281,326.79412841796875,352.8675537109375,372.2493591308594,380.1213073730469,404.32867431640625,433.0802001953125,474.73077392578125,504.68994140625,584.1095581054688,621.0621337890625,653.94140625,689.2400512695312,764.6871948242188,832.6827392578125,877.829833984375,947.8592529296875,1040.8441162109375,1146.6966552734375,1454.72900390625,2380.758056640625,186.3035430908203
3,4,3,1.5578317642211914,46.53532028198242,61.769432067871094,69.53177642822266,79.8812255859375,98.6389389038086,110.3711166381836,116.79464721679688,133.5472869873047,143.3236541748047,158.7787628173828,177.8127899169922,182.4291229248047,190.04457092285156,192.3641357421875,193.21414184570312,190.19744873046875,204.95028686523438,206.3295135498047,211.504638671875,218.8515625,225.22300720214844,229.65313720703125,229.82858276367188,232.6793975830078,236.08401489257812,238.10919189453125,240.6206817626953,242.87222290039062,241.43548583984375,242.9975128173828,242.44981384277344,253.73245239257812,271.649658203125,279.17822265625,288.75543212890625,289.357177734375,289.1065368652344,290.3158874511719,292.0443115234375,301.7501220703125,319.43426513671875,309.0388488769531,311.2398986816406,332.0194396972656,362.02752685546875,379.95086669921875,388.9524841308594,423.1061096191406,460.80157470703125,493.54840087890625,536.1743774414062,625.5764770507812,662.085205078125,703.3388061523438,744.5916748046875,816.19189453125,873.45654296875,944.619873046875,1024.52197265625,1141.5936279296875,1259.831298828125,1517.546142578125,2408.038818359375,177.8882598876953
3,5, =,1.6369329690933228,49.19332504272461,65.41932678222656,71.99005889892578,81.31172180175781,95.4316177368164,109.69307708740234,117.1234359741211,126.430908203125,151.3714141845703,163.84353637695312,175.69212341308594,182.13955688476562,185.54949951171875,188.00408935546875,195.66873168945312,195.5773162841797,203.1356964111328,206.8896484375,213.16419982910156,219.524169921875,226.2892303466797,231.53305053710938,233.59298706054688,235.65142822265625,243.57717895507812,245.43331909179688,245.5500030517578,250.88372802734375,257.05670166015625,253.12921142578125,251.34030151367188,254.89544677734375,269.19171142578125,276.7679748535156,281.663330078125,283.349853515625,286.52532958984375,293.46539306640625,298.6117858886719,311.3172912597656,337.6202697753906,325.7276916503906,330.626220703125,344.2475280761719,386.26873779296875,399.0793762207031,409.8341064453125,452.4744873046875,486.0177001953125,547.39013671875,573.5916748046875,615.9481811523438,670.0950317382812,696.4069213867188,740.6542358398438,819.86767578125,884.6066284179688,938.0913696289062,1007.6989135742188,1076.0301513671875,1233.2823486328125,1384.6341552734375,2200.6494140625,176.9122314453125
4,0,1,1.4903733730316162,62.59090805053711,97.48533630371094,123.78477478027344,127.12179565429688,13033.5,22655.52734375,25696.787109375,25773.330078125,25850.94921875,25889.05078125,26119.21875,26119.341796875,26196.810546875,26273.771484375,26350.609375,26432.90234375,26510.517578125,26548.759765625,26548.9609375,26630.166015625,26707.62109375,26707.845703125,26789.037109375,26829.359375,26829.41015625,26830.15234375,26830.0078125,26870.37109375,26871.1484375,26872.279296875,26873.1640625,26913.171875,26914.544921875,26993.052734375,26994.484375,27167.46875,27168.314453125,27246.59765625,27645.8359375,27811.34765625,27889.740234375,28046.138671875,28237.0078125,28233.30859375,28231.837890625,28230.8359375,28230.421875,28229.349609375,28228.376953125,28225.0,28222.826171875,28222.6484375,28219.197265625,28216.453125,28215.1875,28213.548828125,28054.630859375,27893.939453125,27726.197265625,27167.58984375,21226.19140625,19579.583984375,16394.28125,137.90570068359375
4,1, +,1.6827943325042725,63.151546478271484,80.92347717285156,89.16779327392578,98.70742797851562,111.23968505859375,122.05007934570312,128.12673950195312,138.35324096679688,159.45069885253906,182.55767822265625,195.40939331054688,205.05393981933594,211.93765258789062,221.25189208984375,227.09986877441406,228.84844970703125,233.8804473876953,241.1479034423828,245.740478515625,250.63351440429688,250.849365234375,251.41397094726562,252.4550323486328,254.60328674316406,255.05319213867188,257.5579833984375,266.70465087890625,269.1719970703125,276.047119140625,281.46490478515625,285.0022888183594,297.9424133300781,313.0602722167969,322.50762939453125,331.5364990234375,341.198486328125,338.6584777832031,339.26922607421875,344.62542724609375,354.3496398925781,362.1797180175781,355.43017578125,360.114013671875,368.1145324707031,396.68658447265625,409.1884765625,424.5528564453125,449.6584167480469,487.11968994140625,534.162353515625,554.6671752929688,613.4669799804688,658.6005249023438,698.9619750976562,749.8236694335938,812.0747680664062,876.8363037109375,924.7933349609375,985.1878051757812,1091.587158203125,1217.2510986328125,1464.04052734375,2194.040771484375,185.25674438476562
4,2, ,1.3829126358032227,48.08534622192383,72.88059997558594,83.97174072265625,90.65756225585938,99.85624694824219,110.06270599365234,122.53958892822266,132.6535186767578,143.2528839111328,158.68186950683594,172.2826385498047,182.85848999023438,186.81161499023438,184.874267578125,184.955078125,181.14886474609375,190.54127502441406,192.35911560058594,195.2228546142578,194.97732543945312,201.99942016601562,206.04347229003906,206.4881591796875,207.38294982910156,210.4148712158203,214.02371215820312,221.13853454589844,226.81346130371094,228.0401153564453,227.1835174560547,228.39027404785156,231.8770751953125,242.94773864746094,250.30526733398438,258.8016052246094,260.9726257324219,262.1927490234375,262.0354309082031,263.3364562988281,272.85302734375,290.4766540527344,287.0888977050781,290.86749267578125,307.58209228515625,335.1685485839844,356.28192138671875,375.38763427734375,398.12921142578125,426.7232971191406,493.1376953125,514.436767578125,581.2650146484375,617.143798828125,650.5628662109375,680.5484008789062,742.4970703125,814.0075073242188,859.3570556640625,927.6171264648438,1010.04248046875,1105.342041015625,1440.67626953125,2364.25732421875,192.47706604003906
4,3,6,1.5677939653396606,49.243995666503906,63.995628356933594,71.69737243652344,82.0805892944336,98.47765350341797,106.93864440917969,118.1773910522461,123.98542785644531,138.1554412841797,154.91323852539062,174.48745727539062,185.05638122558594,188.2439422607422,184.25515747070312,187.440673828125,186.74356079101562,195.64028930664062,200.15228271484375,206.50181579589844,212.94869995117188,217.70777893066406,218.64315795898438,217.72088623046875,217.9010009765625,221.6728057861328,226.8087921142578,232.66110229492188,237.90896606445312,239.03489685058594,237.2716064453125,233.64593505859375,251.12579345703125,261.0403747558594,271.7760009765625,278.21807861328125,284.5915832519531,281.80999755859375,284.7366943359375,288.688720703125,301.27362060546875,327.5553283691406,315.3257141113281,315.1616516113281,336.5129089355469,370.20245361328125,392.57476806640625,404.0113830566406,445.2064514160156,482.58758544921875,512.216552734375,553.3078002929688,643.6168823242188,677.7691040039062,716.5988159179688,756.3087158203125,822.78515625,889.4813232421875,959.3024291992188,1033.2362060546875,1139.657470703125,1281.13232421875,1518.4267578125,2400.58447265625,191.8384246826172
4,4, =,1.6369329690933228,49.16823959350586,65.71698760986328,72.19007110595703,81.34815979003906,94.58728790283203,110.26608276367188,119.20895385742188,127.19432830810547,143.91378784179688,157.85006713867188,172.21551513671875,182.5158233642578,184.44876098632812,180.4801788330078,182.58889770507812,180.94772338867188,192.75302124023438,200.4249725341797,207.0227508544922,213.578857421875,223.5410919189453,232.52346801757812,232.3762969970703,228.27854919433594,235.04075622558594,236.6879425048828,238.955078125,242.12364196777344,248.005859375,250.6762237548828,248.04708862304688,253.43975830078125,271.40972900390625,284.7504577636719,292.8927001953125,292.1820373535156,297.30560302734375,303.85711669921875,310.75689697265625,321.4224548339844,352.154541015625,334.9989013671875,336.308837890625,344.8515930175781,386.69927978515625,405.4181823730469,416.749267578125,452.49737548828125,483.3554992675781,541.9602661132812,571.1705322265625,615.3069458007812,663.1239013671875,691.7943115234375,739.0888061523438,830.3162841796875,902.938720703125,954.9812622070312,1031.2373046875,1113.4334716796875,1265.8326416015625,1470.2681884765625,2320.908447265625,182.1501007080078
5,0,The,1.8311065435409546,68.87861633300781,116.99182891845703,147.75498962402344,143.66641235351562,17461.087890625,27347.548828125,30426.33984375,30426.119140625,30579.337890625,30579.0625,30808.470703125,30808.435546875,30884.90234375,30884.5546875,30883.94140625,30887.521484375,30886.98828125,30886.357421875,30886.478515625,30891.03515625,30890.80078125,30890.908203125,30971.341796875,30972.16015625,30972.1953125,30972.958984375,30972.75390625,30974.82421875,30975.947265625,30976.55078125,30976.693359375,30978.046875,30980.52734375,31058.79296875,31060.623046875,31233.2265625,31235.61328125,31389.203125,31788.732421875,31953.708984375,32107.947265625,32262.5859375,32452.70703125,32445.455078125,32444.5078125,32443.880859375,32443.244140625,32442.5625,32442.234375,32437.892578125,32435.361328125,32435.02734375,32431.935546875,32430.166015625,32429.359375,32428.708984375,32270.859375,32111.02734375,31868.087890625,31151.521484375,24363.6328125,22462.380859375,18167.64453125,148.0642547607422
5,1, result,1.7323800325393677,60.888038635253906,69.23925018310547,76.82432556152344,88.84020233154297,110.95426940917969,131.61972045898438,141.88278198242188,157.0201416015625,163.9005889892578,186.74945068359375,211.17970275878906,220.9782257080078,222.38475036621094,225.07745361328125,225.62835693359375,223.26551818847656,223.52960205078125,226.82791137695312,230.36534118652344,233.68353271484375,233.40811157226562,232.9958038330078,232.04559326171875,235.66844177246094,238.1341552734375,240.84519958496094,242.96917724609375,248.7822723388672,250.75770568847656,248.6212158203125,247.73158264160156,258.20001220703125,265.3212585449219,270.55517578125,276.5526123046875,281.9942626953125,284.452880859375,284.33990478515625,293.55047607421875,301.2569885253906,308.2875671386719,304.0429992675781,305.5570983886719,319.00823974609375,347.25604248046875,366.2135314941406,387.0965576171875,434.2120666503906,451.5154724121094,502.9024963378906,537.4608154296875,573.9609375,651.8633422851562,696.2322998046875,724.3446655273438,789.6128540039062,851.138671875,911.8876342773438,964.3763427734375,1073.554443359375,1176.5010986328125,1502.7550048828125,2206.872314453125,217.88595581054688
5,2, of,1.5765060186386108,52.65093994140625,60.229042053222656,63.39939498901367,69.02513885498047,95.19585418701172,110.57832336425781,115.89492797851562,137.54339599609375,147.4522247314453,171.16555786132812,191.7582244873047,204.27249145507812,206.71292114257812,215.74461364746094,223.65289306640625,223.29383850097656,223.31072998046875,228.28036499023438,230.2305908203125,234.03079223632812,237.94248962402344,239.55325317382812,240.2683868408203,240.93173217773438,242.02137756347656,246.27291870117188,249.56785583496094,253.2808074951172,251.0932159423828,249.07000732421875,245.9589080810547,254.9323272705078,261.004638671875,267.12237548828125,271.95574951171875,273.0379638671875,277.7350158691406,278.43408203125,293.17730712890625,296.9575500488281,305.0923156738281,304.9834289550781,308.94256591796875,318.902587890625,343.330078125,354.04644775390625,370.9840087890625,417.0992126464844,448.8409118652344,489.3493957519531,519.47998046875,552.7514038085938,592.928955078125,646.4080810546875,692.8085327148438,747.2362670898438,800.411865234375,879.3919677734375,949.5892944335938,1033.1190185546875,1150.662109375,1447.4876708984375,2025.9404296875,234.54017639160156
5,3, adding,1.5895897150039673,54.91878890991211,61.668121337890625,69.46460723876953,79.07191467285156,91.43195343017578,116.71326446533203,124.81481170654297,136.25396728515625,148.10372924804688,162.70425415039062,179.98902893066406,189.8880157470703,189.5608673095703,189.3583984375,189.73524475097656,191.7714080810547,190.94813537597656,193.19290161132812,196.72854614257812,203.79078674316406,208.52374267578125,214.00216674804688,217.3010711669922,216.3018798828125,217.6360626220703,219.49874877929688,219.54249572753906,220.22543334960938,220.2445831298828,221.01783752441406,227.2352752685547,229.9062042236328,233.35302734375,232.4025115966797,239.957763671875,245.3163299560547,249.5762481689453,254.3790740966797,264.99700927734375,274.3888244628906,284.2293701171875,286.4029846191406,289.54376220703125,301.958740234375,330.74169921875,354.93206787109375,371.29571533203125,398.59686279296875,421.01214599609375,459.40484619140625,484.3380432128906,533.3023681640625,572.9930419921875,619.7685546875,654.4435424804688,700.9729614257812,730.0791015625,786.58056640625,848.5816040039062,924.8670654296875,1018.6527709960938,1252.1494140625,1817.79833984375,227.03314208984375
5,4, ,1.3829126358032227,48.84260940551758,67.04878234863281,77.55091857910156,83.783447265625,94.81945037841797,110.0886459350586,120.3643569946289,127.07367706298828,135.86668395996094,150.48988342285156,161.99790954589844,172.82131958007812,170.69207763671875,171.76568603515625,173.0824737548828,176.0882568359375,172.16441345214844,169.92481994628906,170.440185546875,177.20030212402344,180.887939453125,186.91659545898438,190.34494018554688,189.12347412109375,190.09255981445312,191.7645721435547,191.34393310546875,191.4832305908203,191.23394775390625,191.303955078125,196.7403564453125,195.3790740966797,193.08486938476562,191.41709899902344,201.38172912597656,200.2078094482422,204.47555541992188,205.62677001953125,216.7425079345703,226.23106384277344,239.89346313476562,239.82864379882812,248.286376953125,262.27667236328125,285.9088134765625,302.83819580078125,316.38616943359375,341.4298400878906,366.81103515625,403.12567138671875,432.6825866699219,485.1158142089844,522.0638427734375,548.59375,570.9417114257812,600.0006713867188,634.4165649414062,675.2802734375,726.6429443359375,839.6013793945312,936.5786743164062,1186.062255859375,1928.7056884765625,196.02752685546875
5,5,3,1.5578317642211914,45.3861083984375,56.371150970458984,64.24213409423828,75.30461120605469,89.72667694091797,102.62208557128906,111.9775390625,118.63953399658203,128.68048095703125,148.71107482910156,169.618408203125,176.82826232910156,174.13150024414062,174.8417205810547,173.86769104003906,173.06561279296875,173.65428161621094,173.0068817138672,177.28993225097656,185.39645385742188,184.5289764404297,184.75823974609375,182.5409393310547,183.75914001464844,183.70205688476562,184.88626098632812,186.29061889648438,188.96026611328125,192.10874938964844,187.92364501953125,188.55584716796875,206.16127014160156,214.95779418945312,219.35887145996094,231.87132263183594,231.48312377929688,228.1898193359375,228.94497680664062,237.98007202148438,250.473388671875,259.71173095703125,252.16773986816406,251.8539581298828,264.94970703125,296.87939453125,310.0686340332031,319.5903625488281,352.85272216796875,387.3572692871094,419.9036560058594,452.831298828125,497.6376037597656,523.2057495117188,547.0416870117188,573.9309692382812,603.5865478515625,641.2516479492188,687.8148193359375,740.0066528320312,854.4600830078125,949.6722412109375,1174.1837158203125,1718.5269775390625,194.35845947265625
5,6, and,1.5918916463851929,44.12025451660156,56.61420440673828,64.00386047363281,72.31813049316406,82.94764709472656,92.10637664794922,96.72370910644531,104.8697738647461,112.81660461425781,135.3942413330078,147.01522827148438,158.2939910888672,159.67921447753906,164.9590606689453,165.7842559814453,171.9032745361328,177.033935546875,173.48350524902344,174.00473022460938,181.8907470703125,182.87437438964844,187.60360717773438,194.01715087890625,192.83444213867188,195.23008728027344,196.01919555664062,194.63726806640625,195.55606079101562,196.3375244140625,200.2863311767578,203.45750427246094,210.46380615234375,226.30494689941406,224.11399841308594,230.46932983398438,238.66085815429688,244.37521362304688,254.4536895751953,264.2946472167969,276.9683532714844,282.2049865722656,275.29534912109375,278.3578796386719,288.4808349609375,318.3523254394531,346.8474426269531,352.0608825683594,381.1831359863281,421.6152038574219,461.757080078125,484.58172607421875,518.5679321289062,543.6329956054688,577.3142700195312,604.9931030273438,639.9664916992188,670.8623657226562,715.0253295898438,767.9366455078125,875.2186279296875,1010.6211547851562,1196.8511962890625,1646.2728271484375,209.31198120117188
5,7, ,1.3829126358032227,43.80302047729492,61.724971771240234,71.47289276123047,78.37594604492188,85.27364349365234,93.74884033203125,105.81094360351562,113.35259246826172,121.94662475585938,138.09458923339844,150.13198852539062,159.54612731933594,157.7663116455078,155.48451232910156,159.32672119140625,160.23973083496094,159.5231475830078,158.69618225097656,156.15325927734375,160.46681213378906,165.5159149169922,168.49371337890625,170.64651489257812,171.70083618164062,174.0816192626953,174.37425231933594,173.36219787597656,178.57476806640625,177.3308563232422,177.35281372070312,183.64585876464844,185.56509399414062,186.75201416015625,187.57919311523438,201.31158447265625,207.32521057128906,219.4185791015625,222.78598022460938,234.01226806640625,251.88304138183594,264.08270263671875,256.5053405761719,259.65472412109375,266.849609375,286.95281982421875,306.4693908691406,329.9176330566406,347.1838073730469,380.9949645996094,427.6261901855469,456.97674560546875,500.1340637207031,529.7269897460938,564.318115234375,590.2484130859375,615.9110717773438,648.4458618164062,686.783447265625,726.8748779296875,810.9161987304688,930.1646728515625,1110.6842041015625,1646.7783203125,111.62488555908203
5,8,4,1.5843249559402466,46.88190841674805,58.5377082824707,66.2204818725586,78.9944839477539,93.66814422607422,107.71792602539062,116.10088348388672,123.95630645751953,132.90499877929688,150.11892700195312,164.56275939941406,172.6514434814453,172.59332275390625,172.45120239257812,175.5767059326172,181.02627563476562,189.6520538330078,190.387939453125,196.71560668945312,205.697265625,211.49244689941406,209.98069763183594,209.855712890625,210.4671630859375,210.4901580810547,213.73956298828125,211.82400512695312,217.18112182617188,215.79788208007812,217.5067596435547,223.48709106445312,229.92787170410156,244.7020263671875,254.0338592529297,250.7463836669922,253.6686248779297,256.2611389160156,260.8633117675781,262.3561096191406,275.44232177734375,286.2481689453125,279.128173828125,281.9734802246094,299.8515930175781,331.0576477050781,349.032470703125,361.7929382324219,388.747802734375,419.1275634765625,442.4606018066406,468.06304931640625,526.4230346679688,537.7490234375,565.1146850585938,592.304443359375,645.5370483398438,691.148193359375,740.7332153320312,794.7764282226562,902.9808959960938,1036.62451171875,1268.9967041015625,1940.890869140625,216.61573791503906
5,9, is,1.7586857080459595,45.34762191772461,55.721778869628906,61.36096954345703,69.87076568603516,82.28043365478516,93.9646987915039,99.6551742553711,110.50914001464844,116.7661361694336,136.7626190185547,148.89024353027344,159.90863037109375,158.61228942871094,158.34385681152344,158.36288452148438,168.32627868652344,167.2838897705078,174.4515380859375,174.0598907470703,178.99221801757812,187.44419860839844,191.93516540527344,197.06138610839844,198.34219360351562,199.67257690429688,201.5514678955078,198.84266662597656,198.1807098388672,203.94232177734375,210.8582763671875,215.07095336914062,220.92739868164062,217.73812866210938,220.9759063720703,227.73052978515625,235.69586181640625,247.207763671875,255.40481567382812,262.5408630371094,266.3655090332031,273.0058898925781,269.527099609375,277.79498291015625,292.09478759765625,330.0992736816406,353.6458740234375,368.80096435546875,399.8965759277344,432.8838195800781,486.0486755371094,502.15399169921875,536.8960571289062,568.0236206054688,615.8840942382812,648.43994140625,715.388427734375,767.6206665039062,821.1865844726562,886.97265625,978.1561279296875,1112.91259765625,1284.63916015625,1915.921875,202.0792236328125
6,0,Three,1.541443943977356,80.02812957763672,104.57768249511719,125.9072036743164,126.47391510009766,15422.3134765625,25205.640625,28245.953125,28245.814453125,28399.3046875,28399.0859375,28628.859375,28628.859375,28705.43359375,28705.06640625,28704.541015625,28708.173828125,28707.62890625,28707.060546875,28707.21484375,28711.724609375,28711.484375,28711.609375,28792.267578125,28793.12109375,28793.205078125,28793.953125,28793.740234375,28795.833984375,28797.0390625,28797.673828125,28797.837890625,28799.248046875,28801.767578125,28880.28125,28882.15625,29054.810546875,29055.537109375,29209.5703125,29609.306640625,29773.9921875,29928.6328125,30084.166015625,30273.96484375,30268.9453125,30268.044921875,30267.443359375,30266.947265625,30266.357421875,30265.888671875,30261.607421875,30259.361328125,30259.736328125,30256.236328125,30254.10546875,30253.32421875,30252.205078125,30094.068359375,29933.974609375,29690.193359375,29129.283203125,22668.890625,20877.541015625,17052.15234375,151.94931030273438
6,1, plus,1.6215144395828247,69.88746643066406,76.75690460205078,82.38776397705078,92.3783187866211,111.22689056396484,119.9797134399414,121.91937255859375,129.43544006347656,153.54415893554688,170.78890991210938,185.75796508789062,191.1165313720703,197.6012725830078,204.7381134033203,205.4517059326172,205.31703186035156,211.6645965576172,211.8388671875,217.19009399414062,218.7587127685547,220.86317443847656,222.81471252441406,223.58425903320312,223.450439453125,223.94790649414062,225.87135314941406,230.1924591064453,230.3129425048828,237.61135864257812,243.390625,246.9827423095703,258.4892272949219,258.7230224609375,267.0982971191406,272.3336486816406,279.22076416015625,281.39190673828125,282.3890380859375,292.6231994628906,302.0066223144531,311.3709411621094,307.1559143066406,310.1040954589844,318.2868347167969,345.7698059082031,368.9453430175781,384.6537780761719,413.3967590332031,445.56817626953125,478.93939208984375,491.6664123535156,532.4946899414062,556.6209716796875,598.2352294921875,627.3521118164062,675.8377685546875,717.2595825195312,769.8517456054688,834.032958984375,946.8206787109375,1067.2877197265625,1296.54931640625,1920.439453125,186.27841186523438
6,2, four,1.6604278087615967,69.60734558105469,77.48030853271484,82.4065933227539,91.69448852539062,105.94027709960938,119.50537872314453,126.28345489501953,136.02456665039062,141.8117218017578,151.8868408203125,156.63377380371094,160.77403259277344,166.1279754638672,170.77828979492188,173.02792358398438,176.8750762939453,191.36607360839844,193.25723266601562,197.73550415039062,206.30516052246094,209.65863037109375,208.55567932128906,211.6973419189453,212.7923583984375,214.36264038085938,217.37733459472656,215.5166015625,220.5159454345703,220.78634643554688,221.8082275390625,227.19866943359375,237.50613403320312,258.69622802734375,264.9371643066406,264.3931884765625,271.6605529785156,271.8646545410156,277.6562805175781,281.1747131347656,292.5459899902344,302.141357421875,295.2901916503906,301.26409912109375,322.68450927734375,352.0652160644531,366.52374267578125,370.4300842285156,396.2862243652344,431.813232421875,454.5018005371094,487.8107604980469,538.0846557617188,560.0478515625,593.5941772460938,634.406494140625,700.4302368164062,771.4027099609375,836.1951293945312,902.4617919921875,1007.5918579101562,1127.721435546875,1355.02587890625,2119.4931640625,203.52981567382812
6,3, equals,1.5789368152618408,71.08366394042969,78.0959701538086,83.69271850585938,91.27192687988281,110.68558502197266,120.0374984741211,131.4765625,135.5847930908203,148.86734008789062,158.1232147216797,176.1815185546875,186.34205627441406,181.43321228027344,185.87643432617188,190.14801025390625,189.93722534179688,196.77444458007812,203.60032653808594,205.97451782226562,210.14491271972656,215.5540313720703,222.19435119628906,221.06588745117188,219.87745666503906,221.26275634765625,221.91358947753906,223.1412353515625,225.24423217773438,225.13694763183594,225.6993408203125,231.33140563964844,239.41543579101562,234.23306274414062,239.667236328125,246.62997436523438,252.49008178710938,261.74749755859375,269.5079650878906,282.79693603515625,293.32501220703125,310.7338562011719,304.6603088378906,310.56475830078125,325.3891906738281,357.48834228515625,377.751220703125,399.5272216796875,424.562744140625,463.5035095214844,519.1781616210938,535.9769287109375,558.2158813476562,600.877685546875,630.0347900390625,676.5850219726562,732.3428344726562,791.1509399414062,858.8744506835938,954.562744140625,1069.60498046875,1238.3485107421875,1399.556884765625,2231.79443359375,160.55364990234375
7,0,Seven,1.3822332620620728,81.85687255859375,99.2005615234375,123.17387390136719,131.59014892578125,17365.7109375,27147.513671875,30187.4296875,30187.197265625,30340.587890625,30340.359375,30570.044921875,30570.01953125,30646.56640625,30646.232421875,30645.63671875,30649.2109375,30648.69140625,30648.0859375,30648.240234375,30652.810546875,30652.56640625,30652.716796875,30733.2734375,30734.103515625,30734.146484375,30734.9140625,30734.736328125,30736.857421875,30738.009765625,30738.63671875,30738.80078125,30740.21484375,30742.744140625,30821.115234375,30822.99609375,30995.783203125,30996.95703125,31150.720703125,31550.3359375,31715.47265625,31869.865234375,32024.625,32214.869140625,32207.689453125,32206.78515625,32206.15234375,32205.49609375,32204.783203125,32204.44140625,32200.119140625,32197.82421875,32197.6796875,32194.716796875,32193.103515625,32192.30859375,32191.6875,32033.75390625,31873.865234375,31630.818359375,30992.4765625,24372.5625,22538.775390625,18062.923828125,144.2969207763672
7,1, minus,1.5317195653915405,72.24466705322266,78.76859283447266,84.92474365234375,91.76443481445312,122.18313598632812,128.3019561767578,133.46388244628906,139.23886108398438,150.58889770507812,170.3112030029297,183.2244110107422,193.08721923828125,199.54127502441406,206.78668212890625,210.933837890625,208.505126953125,207.23336791992188,209.5255126953125,217.06150817871094,221.92910766601562,228.68341064453125,229.75711059570312,230.94613647460938,229.10971069335938,230.46852111816406,233.42063903808594,238.19668579101562,237.9308319091797,246.2109375,247.76380920410156,250.9740753173828,262.1065673828125,264.85693359375,272.6275939941406,275.98626708984375,284.5482482910156,288.72271728515625,291.003662109375,305.5912170410156,320.0636291503906,327.463134765625,321.0330810546875,327.28656005859375,340.7232360839844,370.7627258300781,398.11163330078125,412.2354736328125,438.1450500488281,474.67559814453125,505.66668701171875,522.3826293945312,566.193603515625,590.8198852539062,624.2806396484375,648.95263671875,694.2063598632812,745.2987060546875,797.3007202148438,865.9700927734375,981.3113403320312,1124.48876953125,1345.7794189453125,2040.030517578125,189.91993713378906
7,2, zero,1.6553205251693726,72.04915618896484,80.94970703125,85.12669372558594,94.40516662597656,113.86585998535156,123.5779037475586,125.54151153564453,130.87606811523438,139.1435089111328,149.74610900878906,148.72251892089844,157.68421936035156,162.5072784423828,172.4031524658203,186.43687438964844,190.13902282714844,191.87001037597656,190.41905212402344,194.8466033935547,201.8541717529297,203.86605834960938,208.0492706298828,213.6134796142578,215.32546997070312,218.55960083007812,222.49171447753906,225.7043914794922,225.86045837402344,231.67807006835938,234.75901794433594,241.50177001953125,249.51036071777344,263.3554382324219,271.7030944824219,276.18035888671875,287.6784362792969,291.92498779296875,299.1890563964844,309.0430603027344,321.6188049316406,330.9300842285156,321.37384033203125,326.6351013183594,345.03173828125,377.92572021484375,401.98272705078125,407.66131591796875,429.760986328125,467.3409729003906,503.49774169921875,535.4989013671875,592.2747192382812,626.724853515625,665.7943725585938,707.010009765625,782.46435546875,866.6488647460938,933.851806640625,1000.08447265625,1108.0977783203125,1238.59326171875,1494.870849609375,2293.86181640625,208.80491638183594
7,3, is,1.7586857080459595,54.6074333190918,65.39450073242188,71.22834777832031,78.62409973144531,88.02241516113281,96.61856079101562,101.36624145507812,107.75434112548828,120.1731185913086,136.0040283203125,151.7328338623047,166.9571533203125,164.4139862060547,167.96270751953125,174.00753784179688,176.20213317871094,177.5917510986328,180.1177978515625,188.51983642578125,196.98399353027344,201.57264709472656,210.844482421875,211.20321655273438,206.57115173339844,211.08790588378906,214.00086975097656,220.5897216796875,225.07948303222656,226.8382568359375,229.2630157470703,234.4615936279297,239.21185302734375,238.77371215820312,242.28759765625,250.19166564941406,256.2990417480469,266.7632141113281,278.8660583496094,297.7818908691406,307.5152893066406,320.20135498046875,311.8769226074219,317.1578674316406,330.9166564941406,363.87738037109375,383.3891296386719,393.09173583984375,417.8146667480469,446.727783203125,502.6094665527344,518.5000610351562,556.942626953125,620.3038940429688,670.5276489257812,727.7022705078125,804.1074829101562,889.7852783203125,956.0132446289062,1058.623046875,1161.975830078125,1342.1533203125,1523.9993896484375,2421.02978515625,202.82237243652344
8,0,If,1.7401427030563354,84.3895034790039,127.243408203125,154.05856323242188,150.1945037841797,20195.12890625,30065.828125,33189.37109375,33189.16796875,33341.95703125,33341.66015625,33570.203125,33570.16796875,33646.1640625,33645.78125,33645.15625,33647.2109375,33646.640625,33645.94921875,33646.03515625,33649.53125,33649.23046875,33649.39453125,33729.28125,33729.62109375,33729.6640625,33729.95703125,33729.80859375,33732.1875,33733.75,33733.87109375,33733.49609375,33735.37109375,33737.81640625,33816.56640625,33818.859375,33991.90625,33994.203125,34147.69921875,34546.37890625,34710.76171875,34864.42578125,35018.421875,35207.80078125,35168.203125,35167.25,35166.609375,35165.94140625,35165.2265625,35164.84375,35160.39453125,35158.1953125,35157.859375,35155.21875,35153.37890625,35153.109375,35152.98046875,34995.1328125,34835.68359375,34593.26171875,33872.19140625,26845.646484375,24940.767578125,19710.654296875,136.05589294433594
8,1, you,1.7578197717666626,66.4942398071289,79.67861938476562,87.41316986083984,93.23497772216797,103.61112976074219,114.78250122070312,131.41558837890625,135.7484588623047,143.6317901611328,166.97853088378906,189.93759155273438,201.7939453125,211.96864318847656,221.41358947753906,220.84323120117188,219.98780822753906,219.27691650390625,221.49957275390625,224.13124084472656,228.40155029296875,234.47299194335938,235.2657470703125,240.4831085205078,243.57034301757812,243.27108764648438,243.15174865722656,248.49526977539062,253.42552185058594,259.87677001953125,259.1498107910156,265.78045654296875,270.88787841796875,276.2969055175781,286.4636535644531,293.8792724609375,302.15399169921875,309.6314697265625,308.320068359375,321.4208679199219,328.7072448730469,336.7505798339844,330.8984375,332.8849182128906,345.0572509765625,382.69677734375,399.4364929199219,432.33258056640625,455.9641418457031,485.35394287109375,534.7655029296875,571.6392822265625,633.0697021484375,692.8342895507812,750.8388671875,805.3701171875,843.1698608398438,891.2041625976562,946.4873657226562,1009.1941528320312,1091.13232421875,1170.66162109375,1427.6319580078125,2068.5361328125,222.14256286621094
8,2, subtract,1.5618292093276978,60.50503158569336,67.2639389038086,74.21232604980469,96.6064224243164,112.15293884277344,120.7679672241211,127.09101867675781,133.2836456298828,151.61846923828125,174.2403564453125,195.36866760253906,204.05178833007812,208.17953491210938,208.72080993652344,207.88134765625,204.3855743408203,205.17726135253906,206.709228515625,211.9653778076172,219.19464111328125,222.8999786376953,225.25669860839844,227.44850158691406,227.70578002929688,230.53060913085938,232.8563690185547,236.56834411621094,238.13546752929688,237.91064453125,236.08319091796875,239.95162963867188,243.1214599609375,247.33425903320312,250.0618438720703,250.11434936523438,253.47540283203125,255.58131408691406,263.52850341796875,275.0246276855469,287.863037109375,299.7449951171875,296.0378723144531,307.8131408691406,328.7511901855469,365.5928955078125,389.8938903808594,404.5022277832031,427.9205017089844,454.2856140136719,497.8956604003906,517.6735229492188,569.0548095703125,601.9065551757812,645.4011840820312,671.7902221679688,709.7073974609375,742.4484252929688,786.50634765625,847.43603515625,932.1845703125,1064.4708251953125,1267.6341552734375,1868.6033935546875,228.54168701171875
8,3, ,1.3829126358032227,51.99546813964844,70.21240234375,81.97859191894531,88.39817810058594,99.70765686035156,111.80147552490234,120.07711791992188,125.94886779785156,133.81959533691406,150.85025024414062,166.46434020996094,177.6129913330078,175.90701293945312,175.01113891601562,180.5681610107422,179.06590270996094,180.64183044433594,181.3757781982422,182.94927978515625,184.57481384277344,187.266357421875,189.7153778076172,189.94082641601562,188.9007110595703,195.73046875,197.93106079101562,202.44276428222656,206.52825927734375,204.49559020996094,204.43138122558594,210.1876983642578,212.21160888671875,211.23504638671875,215.4796600341797,220.80316162109375,218.37908935546875,219.5763702392578,223.4825439453125,233.07432556152344,237.15707397460938,247.5264892578125,248.81275939941406,259.2478332519531,275.01141357421875,294.31622314453125,310.8206481933594,324.6629333496094,346.42425537109375,376.529052734375,418.3530578613281,440.208984375,499.0713195800781,522.8709106445312,544.7905883789062,560.0138549804688,591.2616577148438,626.1666870117188,666.1441650390625,716.31982421875,842.0997924804688,959.23193359375,1198.080078125,1924.0908203125,182.51829528808594
8,4,3,1.5578317642211914,50.169673919677734,61.48506164550781,70.53872680664062,80.49817657470703,95.03007507324219,106.79611206054688,113.4050064086914,120.81999206542969,129.7915496826172,148.6325225830078,169.67300415039062,175.70260620117188,173.8342742919922,174.68612670898438,178.23646545410156,177.6654052734375,179.45413208007812,177.57432556152344,182.7763671875,189.8132781982422,191.40065002441406,192.6405792236328,192.1996307373047,192.58731079101562,196.7369842529297,197.35491943359375,200.59945678710938,207.9031219482422,205.77578735351562,206.52114868164062,210.64883422851562,229.48236083984375,244.8642120361328,252.37362670898438,257.69354248046875,260.44342041015625,252.89939880371094,255.04360961914062,261.49127197265625,277.45574951171875,285.8056335449219,276.818115234375,276.1870422363281,292.9933166503906,329.3435363769531,343.13250732421875,348.6788024902344,380.484375,413.8505859375,445.14385986328125,471.1793212890625,522.0531616210938,539.3165893554688,554.3844604492188,590.1392822265625,622.4339599609375,661.4325561523438,703.4520874023438,769.2081909179688,910.837890625,1027.226318359375,1250.191162109375,1907.451171875,202.8590545654297
8,5, from,1.7309696674346924,50.6549186706543,59.1651725769043,64.39511108398438,70.2156753540039,81.680908203125,93.9413070678711,97.12451171875,105.61517333984375,110.26436614990234,139.4798583984375,158.6807098388672,177.867919921875,183.91395568847656,184.5564727783203,187.234375,181.16802978515625,184.45785522460938,187.66139221191406,195.48915100097656,198.80894470214844,203.5298309326172,204.29428100585938,209.28961181640625,207.32275390625,214.10888671875,217.27108764648438,214.75071716308594,217.10733032226562,218.32200622558594,225.19476318359375,232.82095336914062,239.2383575439453,244.83851623535156,252.10342407226562,257.5334777832031,264.1170959472656,268.1143493652344,278.13421630859375,283.890869140625,287.7203063964844,292.7265625,286.81060791015625,290.1900329589844,310.1960144042969,348.2804260253906,359.9853820800781,374.9928894042969,406.2523498535156,436.056640625,470.0559997558594,482.24359130859375,516.8670654296875,548.8271484375,584.1925048828125,608.701416015625,648.5928955078125,687.5538330078125,722.4669799804688,759.0027465820312,840.850341796875,951.3114013671875,1164.3619384765625,1616.5916748046875,189.04971313476562
8,6, ,1.3829126358032227,46.42375946044922,64.64375305175781,76.41434478759766,82.6056900024414,90.29476928710938,97.82906341552734,106.85604095458984,113.82364654541016,123.91954803466797,137.96473693847656,152.57821655273438,162.7812042236328,161.2091827392578,160.33763122558594,161.10240173339844,160.54757690429688,158.45703125,160.42819213867188,159.85739135742188,165.291259765625,171.09275817871094,175.68858337402344,178.21156311035156,175.57875061035156,179.3296661376953,182.33326721191406,187.13905334472656,194.0080108642578,195.5536346435547,197.7550506591797,204.787109375,207.881591796875,205.39820861816406,215.12229919433594,224.50270080566406,228.23243713378906,231.9300537109375,241.6509246826172,252.91973876953125,265.1810607910156,269.8130798339844,260.67132568359375,265.3627624511719,281.256591796875,305.4630126953125,322.4793701171875,346.09039306640625,373.8984375,412.3898620605469,456.90557861328125,483.7025451660156,518.3021240234375,542.13525390625,563.9009399414062,589.1473388671875,619.5567626953125,646.8059692382812,687.0697021484375,739.662353515625,854.9706420898438,985.0758056640625,1177.4625244140625,1740.076171875,166.32965087890625
8,7,1,1.4903733730316162,45.64225769042969,59.71760940551758,69.69918823242188,82.43072509765625,93.01738739013672,101.1479263305664,109.721923828125,117.70886993408203,127.64996337890625,141.64993286132812,160.88328552246094,168.93701171875,167.274169921875,166.26821899414062,167.78665161132812,172.25791931152344,172.0887908935547,176.23089599609375,176.10874938964844,189.44290161132812,188.75775146484375,195.92860412597656,201.1663818359375,201.58340454101562,203.1956329345703,202.7054901123047,203.5843963623047,205.36074829101562,209.06321716308594,208.2491912841797,212.36996459960938,223.55421447753906,225.8835906982422,230.94244384765625,235.78640747070312,242.31826782226562,236.15118408203125,244.61106872558594,249.21458435058594,267.8103332519531,271.7532043457031,262.6268005371094,265.61138916015625,280.97808837890625,309.2734069824219,319.4736022949219,329.4024963378906,351.5079650878906,381.8979797363281,416.5683898925781,455.81915283203125,499.9418029785156,512.7943725585938,520.4464111328125,544.8890380859375,566.7276000976562,594.029296875,635.33447265625,696.0931396484375,808.7440185546875,930.5730590820312,1132.0870361328125,1753.3897705078125,181.0595703125
8,8,0,1.4186121225357056,48.02214050292969,57.96943664550781,68.24800872802734,79.401123046875,93.17611694335938,103.04019927978516,110.22603607177734,117.8961181640625,129.51129150390625,145.01443481445312,167.33343505859375,173.4070587158203,172.9933624267578,171.70709228515625,172.9923095703125,177.20114135742188,177.48049926757812,181.8273162841797,183.9188690185547,193.88320922851562,193.46096801757812,197.8907470703125,202.6127166748047,203.14395141601562,208.2472381591797,207.08291625976562,205.2314453125,208.9968719482422,213.88475036621094,214.6234588623047,221.06788635253906,238.01475524902344,239.35595703125,244.5649871826172,247.78086853027344,251.83538818359375,248.38278198242188,257.8201904296875,263.7337646484375,279.6432189941406,281.94122314453125,274.55841064453125,279.2234191894531,297.22784423828125,322.1311340332031,342.2028503417969,345.61358642578125,362.1058654785156,389.4668884277344,414.2162170410156,449.32440185546875,504.7649841308594,513.0689697265625,534.5001220703125,558.5638427734375,598.6541748046875,629.7044677734375,673.3681640625,732.9192504882812,850.5139770507812,963.3601684570312,1184.7637939453125,1811.1981201171875,204.40638732910156
8,9, you,1.7578197717666626,51.49503707885742,60.24439239501953,65.67450714111328,78.23062133789062,86.35745239257812,95.91239166259766,101.27100372314453,111.44267272949219,121.7320785522461,138.23281860351562,149.503173828125,161.62928771972656,158.50784301757812,159.2140655517578,161.47035217285156,166.27748107910156,166.77047729492188,171.05691528320312,175.07073974609375,181.25196838378906,191.02511596679688,196.51927185058594,201.36444091796875,203.6915740966797,207.78550720214844,205.97506713867188,207.0753936767578,206.76585388183594,212.5244598388672,217.11305236816406,221.44175720214844,224.0598602294922,227.66134643554688,233.65414428710938,238.26817321777344,241.89166259765625,244.1123504638672,249.3818817138672,263.2872009277344,272.2821960449219,288.0283203125,281.4393310546875,287.5006103515625,308.38934326171875,355.9536437988281,375.68182373046875,386.7789001464844,419.0953674316406,441.5590515136719,500.78033447265625,531.5554809570312,584.6267700195312,624.9796752929688,674.4983520507812,712.001708984375,765.2070922851562,834.9071655273438,896.9954223632812,958.5623168945312,1051.839111328125,1182.4307861328125,1444.7359619140625,2159.063720703125,200.8922882080078
8,10, get,1.81959068775177,50.2635498046875,57.48543930053711,61.44552230834961,72.55109405517578,94.11581420898438,104.70155334472656,112.52062225341797,117.4432144165039,131.2217254638672,153.1510467529297,172.31692504882812,177.74078369140625,179.32565307617188,178.34046936035156,175.12777709960938,179.7758331298828,178.56027221679688,189.90142822265625,191.7999725341797,200.4642333984375,201.6905059814453,205.6888427734375,207.51766967773438,208.81005859375,211.11622619628906,212.6605224609375,217.0422821044922,220.99562072753906,221.78591918945312,219.7505645751953,224.0922088623047,232.1004638671875,234.9949188232422,235.53799438476562,239.50474548339844,239.7255401611328,239.8189697265625,242.32113647460938,249.931884765625,261.6154479980469,282.5716857910156,274.28564453125,283.55816650390625,301.9241027832031,349.78436279296875,360.9150390625,365.86102294921875,405.49853515625,429.47772216796875,489.92962646484375,506.15643310546875,543.259033203125,574.3596801757812,599.1113891601562,630.2985229492188,685.0029296875,721.7474365234375,774.9990234375,841.8723754882812,928.8385620117188,1104.7034912109375,1280.4520263671875,1986.9139404296875,209.3200225830078
