prompt_idx,token_pos,token_text,layer_000,layer_001,layer_002,layer_003,layer_004,layer_005,layer_006,layer_007,layer_008,layer_009,layer_010,layer_011,layer_012,layer_013,layer_014,layer_015,layer_016,layer_017,layer_018,layer_019,layer_020,layer_021,layer_022,layer_023,layer_024,layer_025,layer_026,layer_027,layer_028
0,0,Important,1.1783716678619385,46.49882888793945,1863.08203125,4860.958984375,4872.49169921875,4974.73828125,4992.052734375,5009.322265625,5034.45703125,5060.6533203125,5076.70654296875,5092.81103515625,5100.6103515625,5108.57080078125,5124.1796875,5132.34033203125,5132.33544921875,5124.48779296875,5116.44580078125,5116.5029296875,5116.33642578125,5100.06494140625,5096.26806640625,5071.140625,5027.6962890625,4920.806640625,4560.82080078125,2347.838623046875,106.19465637207031
0,1,:,1.267741084098816,38.50210189819336,44.76914978027344,54.13816833496094,57.81260299682617,72.96104431152344,68.5606689453125,67.67373657226562,68.38147735595703,71.5300521850586,81.74327087402344,87.9072265625,90.88655853271484,97.43546295166016,102.38748931884766,115.87054443359375,118.34036254882812,122.83745574951172,126.98779296875,135.9885711669922,150.7507781982422,177.24142456054688,230.4697723388672,254.95870971679688,318.555908203125,378.9713439941406,430.33343505859375,517.1995849609375,119.33841705322266
0,2, only,1.2666904926300049,38.137393951416016,44.768898010253906,52.55857849121094,57.85862350463867,65.02857208251953,61.62189483642578,61.57754898071289,68.15372467041016,69.02371978759766,75.36205291748047,78.58168029785156,84.06282806396484,87.07231140136719,92.85137939453125,95.54661560058594,103.32764434814453,107.94808197021484,116.54902648925781,132.60385131835938,164.99935913085938,181.1632537841797,237.8286590576172,270.63726806640625,321.9562072753906,387.05828857421875,421.6227722167969,520.749267578125,118.70730590820312
0,3, reply,1.29439115524292,35.469139099121094,49.46641540527344,53.35702133178711,59.78044509887695,71.6247329711914,67.60200500488281,72.39515686035156,78.3514404296875,82.41334533691406,87.3476791381836,89.5701675415039,93.30047607421875,95.82955932617188,105.55400085449219,110.3266830444336,120.29936981201172,124.10892486572266,132.82412719726562,148.7262725830078,165.66464233398438,176.6045684814453,218.17013549804688,242.69920349121094,284.898681640625,338.3919677734375,367.1341857910156,457.8430480957031,89.1662368774414
0,4, with,1.093935251235962,29.396379470825195,35.70683670043945,40.861846923828125,46.899330139160156,63.18809509277344,56.97604751586914,64.44827270507812,72.56703186035156,69.29127502441406,80.11357879638672,88.2651138305664,87.004638671875,90.72632598876953,99.53092956542969,102.36799621582031,111.82984924316406,115.21739196777344,119.26270294189453,135.1161651611328,149.439453125,164.62838745117188,208.00311279296875,237.75086975097656,273.0972595214844,328.0058898925781,350.6977233886719,424.43841552734375,94.6165771484375
0,5, a,1.1554327011108398,31.67827606201172,39.127716064453125,44.482810974121094,52.913124084472656,61.818180084228516,61.50901794433594,63.24978256225586,67.27364349365234,66.2881851196289,73.75804901123047,79.5561752319336,89.35774230957031,90.83990478515625,94.28053283691406,97.70512390136719,108.1028823852539,109.6672592163086,115.5425796508789,126.38809967041016,153.39111328125,165.61964416503906,206.96710205078125,236.45184326171875,270.1685791015625,327.984619140625,348.7591247558594,429.4622497558594,91.90447998046875
0,6, single,1.2509706020355225,29.112485885620117,36.98015213012695,41.922786712646484,45.58225631713867,60.65977096557617,57.22158432006836,57.4839973449707,62.75920104980469,65.50675201416016,70.3590087890625,72.38042449951172,81.73932647705078,83.59789276123047,88.78624725341797,89.57035827636719,102.59321594238281,102.77590942382812,107.60492706298828,116.7994384765625,141.77511596679688,151.866455078125,192.14639282226562,222.29701232910156,250.1350555419922,307.9478454589844,344.6665344238281,445.88592529296875,94.92352294921875
0,7, token,1.2459791898727417,31.451393127441406,38.570743560791016,40.9358024597168,48.187625885009766,67.14547729492188,60.889102935791016,60.59296798706055,69.7092056274414,76.72434997558594,85.15156555175781,87.00387573242188,93.0924301147461,96.65265655517578,102.73043823242188,108.02751922607422,113.29952239990234,110.8126220703125,116.50719451904297,124.35649871826172,147.74737548828125,158.86131286621094,188.34864807128906,203.50364685058594,225.13795471191406,277.2077941894531,316.3586120605469,398.6329650878906,92.65751647949219
0,8,".
",1.1500991582870483,28.654705047607422,34.94682312011719,40.66655349731445,47.398963928222656,55.06760025024414,60.441993713378906,60.54850769042969,61.834590911865234,63.98749542236328,67.91792297363281,81.70268249511719,82.0043716430664,84.80521392822266,99.34322357177734,101.92314147949219,107.34667205810547,105.30487823486328,110.87565612792969,123.220947265625,134.09539794921875,158.5657196044922,206.03651428222656,218.83108520507812,254.3050079345703,317.587646484375,338.2884826660156,416.3266296386719,109.89197540283203
0,9,The,0.9782152771949768,23.89167022705078,32.478885650634766,37.09941482543945,42.778194427490234,49.087066650390625,50.02595901489258,56.34775924682617,62.45948028564453,65.88801574707031,73.05156707763672,78.02352905273438,77.45042419433594,83.32864379882812,101.46833801269531,97.55224609375,99.89830017089844,104.59769439697266,107.4881362915039,115.69762420654297,140.01608276367188,162.62648010253906,220.5144500732422,260.9454650878906,321.2884216308594,386.830810546875,427.04443359375,518.9867553710938,117.24283599853516
0,10, capital,1.320278286933899,30.531681060791016,36.83915328979492,52.327430725097656,54.5463752746582,63.094661712646484,65.20938110351562,69.45860290527344,71.87747955322266,72.16209411621094,75.5455322265625,80.6474838256836,85.31391143798828,89.341064453125,97.00493621826172,96.67720794677734,98.02156829833984,103.67989349365234,110.26571655273438,121.99832153320312,151.3897247314453,159.67901611328125,226.22177124023438,250.70291137695312,309.8462829589844,370.7677917480469,398.7001647949219,502.8561096191406,96.41321563720703
0,11, of,1.0835603475570679,26.506038665771484,32.28581237792969,43.08843994140625,49.51264953613281,60.592735290527344,59.63288879394531,67.5558853149414,66.99620819091797,67.53560638427734,79.79727935791016,77.25092315673828,80.97257995605469,85.46453857421875,97.77458953857422,102.29273986816406,103.32180786132812,102.8340072631836,109.37236022949219,120.60505676269531,146.17588806152344,156.8493194580078,205.0068817138672,227.61526489257812,267.7177429199219,325.4628601074219,374.8542785644531,456.42877197265625,101.9590072631836
0,12, France,1.0450770854949951,36.311893463134766,42.07021713256836,46.543697357177734,63.40545654296875,76.76884460449219,70.84403991699219,67.61067199707031,65.92768096923828,69.03360748291016,78.73126983642578,80.9766845703125,84.78243255615234,90.9372787475586,99.78752899169922,105.17084503173828,115.74774169921875,112.20791625976562,118.01756286621094,128.1091766357422,154.7362060546875,166.75592041015625,205.38836669921875,237.17909240722656,271.7234802246094,336.87042236328125,369.718994140625,428.06964111328125,117.97903442382812
0,13, is,1.0590819120407104,29.47722625732422,35.702266693115234,39.91577911376953,46.45010757446289,54.562339782714844,51.28881072998047,58.66942596435547,56.892059326171875,68.917724609375,79.73103332519531,79.26152038574219,84.36638641357422,86.56993103027344,94.70606994628906,101.64601135253906,105.58340454101562,106.99761199951172,115.1100082397461,132.09921264648438,148.24151611328125,162.80625915527344,221.4080047607422,257.3254089355469,305.3617248535156,362.7013244628906,398.56903076171875,499.0224609375,98.85408782958984
1,0,Important,1.1783716678619385,46.49882888793945,1863.08203125,4860.958984375,4872.49169921875,4974.73828125,4992.052734375,5009.322265625,5034.45703125,5060.6533203125,5076.70654296875,5092.81103515625,5100.6103515625,5108.57080078125,5124.1796875,5132.34033203125,5132.33544921875,5124.48779296875,5116.44580078125,5116.5029296875,5116.33642578125,5100.06494140625,5096.26806640625,5071.140625,5027.6962890625,4920.806640625,4560.82080078125,2347.838623046875,106.19465637207031
1,1,:,1.267741084098816,38.50210189819336,44.76914978027344,54.13816833496094,57.81260299682617,72.96104431152344,68.5606689453125,67.67373657226562,68.38147735595703,71.5300521850586,81.74327087402344,87.9072265625,90.88655853271484,97.43546295166016,102.38748931884766,115.87054443359375,118.34036254882812,122.83745574951172,126.98779296875,135.9885711669922,150.7507781982422,177.24142456054688,230.4697723388672,254.95870971679688,318.555908203125,378.9713439941406,430.33343505859375,517.1995849609375,119.33841705322266
1,2, only,1.2666904926300049,38.137393951416016,44.768898010253906,52.55857849121094,57.85862350463867,65.02857208251953,61.62189483642578,61.57754898071289,68.15372467041016,69.02371978759766,75.36205291748047,78.58168029785156,84.06282806396484,87.07231140136719,92.85137939453125,95.54661560058594,103.32764434814453,107.94808197021484,116.54902648925781,132.60385131835938,164.99935913085938,181.1632537841797,237.8286590576172,270.63726806640625,321.9562072753906,387.05828857421875,421.6227722167969,520.749267578125,118.70730590820312
1,3, reply,1.29439115524292,35.469139099121094,49.46641540527344,53.35702133178711,59.78044509887695,71.6247329711914,67.60200500488281,72.39515686035156,78.3514404296875,82.41334533691406,87.3476791381836,89.5701675415039,93.30047607421875,95.82955932617188,105.55400085449219,110.3266830444336,120.29936981201172,124.10892486572266,132.82412719726562,148.7262725830078,165.66464233398438,176.6045684814453,218.17013549804688,242.69920349121094,284.898681640625,338.3919677734375,367.1341857910156,457.8430480957031,89.1662368774414
1,4, with,1.093935251235962,29.396379470825195,35.70683670043945,40.861846923828125,46.899330139160156,63.18809509277344,56.97604751586914,64.44827270507812,72.56703186035156,69.29127502441406,80.11357879638672,88.2651138305664,87.004638671875,90.72632598876953,99.53092956542969,102.36799621582031,111.82984924316406,115.21739196777344,119.26270294189453,135.1161651611328,149.439453125,164.62838745117188,208.00311279296875,237.75086975097656,273.0972595214844,328.0058898925781,350.6977233886719,424.43841552734375,94.6165771484375
1,5, a,1.1554327011108398,31.67827606201172,39.127716064453125,44.482810974121094,52.913124084472656,61.818180084228516,61.50901794433594,63.24978256225586,67.27364349365234,66.2881851196289,73.75804901123047,79.5561752319336,89.35774230957031,90.83990478515625,94.28053283691406,97.70512390136719,108.1028823852539,109.6672592163086,115.5425796508789,126.38809967041016,153.39111328125,165.61964416503906,206.96710205078125,236.45184326171875,270.1685791015625,327.984619140625,348.7591247558594,429.4622497558594,91.90447998046875
1,6, single,1.2509706020355225,29.112485885620117,36.98015213012695,41.922786712646484,45.58225631713867,60.65977096557617,57.22158432006836,57.4839973449707,62.75920104980469,65.50675201416016,70.3590087890625,72.38042449951172,81.73932647705078,83.59789276123047,88.78624725341797,89.57035827636719,102.59321594238281,102.77590942382812,107.60492706298828,116.7994384765625,141.77511596679688,151.866455078125,192.14639282226562,222.29701232910156,250.1350555419922,307.9478454589844,344.6665344238281,445.88592529296875,94.92352294921875
1,7, token,1.2459791898727417,31.451393127441406,38.570743560791016,40.9358024597168,48.187625885009766,67.14547729492188,60.889102935791016,60.59296798706055,69.7092056274414,76.72434997558594,85.15156555175781,87.00387573242188,93.0924301147461,96.65265655517578,102.73043823242188,108.02751922607422,113.29952239990234,110.8126220703125,116.50719451904297,124.35649871826172,147.74737548828125,158.86131286621094,188.34864807128906,203.50364685058594,225.13795471191406,277.2077941894531,316.3586120605469,398.6329650878906,92.65751647949219
1,8,".
",1.1500991582870483,28.654705047607422,34.94682312011719,40.66655349731445,47.398963928222656,55.06760025024414,60.441993713378906,60.54850769042969,61.834590911865234,63.98749542236328,67.91792297363281,81.70268249511719,82.0043716430664,84.80521392822266,99.34322357177734,101.92314147949219,107.34667205810547,105.30487823486328,110.87565612792969,123.220947265625,134.09539794921875,158.5657196044922,206.03651428222656,218.83108520507812,254.3050079345703,317.587646484375,338.2884826660156,416.3266296386719,109.89197540283203
1,9,Die,1.1302398443222046,33.62164306640625,41.86888122558594,57.329864501953125,62.617610931396484,72.6671371459961,73.47090148925781,74.78535461425781,75.55615997314453,76.36785888671875,83.04524993896484,83.81907653808594,85.92772674560547,89.29586029052734,99.30681610107422,98.23953247070312,100.26171112060547,103.16844940185547,106.66275787353516,113.98348236083984,142.6966552734375,149.28016662597656,202.14505004882812,247.91259765625,294.72833251953125,353.57806396484375,392.4163513183594,484.56695556640625,97.20584869384766
1,10, Haupt,1.3977879285812378,35.42562484741211,44.62693405151367,54.10990905761719,61.75613021850586,79.67784118652344,75.2272720336914,73.51532745361328,78.47637176513672,79.77545166015625,85.31207275390625,88.14312744140625,92.59153747558594,95.37370300292969,105.40131378173828,105.7649154663086,108.66185760498047,111.5159912109375,114.27479553222656,123.13037109375,143.0687255859375,153.77757263183594,192.41880798339844,217.2032470703125,257.7532958984375,323.5841369628906,374.00421142578125,450.37811279296875,99.63677978515625
1,11,stadt,1.4634816646575928,36.83320617675781,47.735015869140625,60.36666488647461,68.99005126953125,80.92596435546875,74.31119537353516,71.8346176147461,70.41835021972656,74.15031433105469,79.25894927978516,87.8123550415039,89.6947250366211,94.88922119140625,102.4569320678711,103.61627960205078,109.57361602783203,112.1887435913086,118.07514190673828,130.39065551757812,153.5278778076172,161.634765625,195.89639282226562,221.38540649414062,256.2443542480469,329.19989013671875,369.8941345214844,451.8857116699219,98.63561248779297
1,12, von,1.2305278778076172,36.065521240234375,42.479270935058594,54.068058013916016,60.164031982421875,67.07149505615234,64.93050384521484,67.90562438964844,72.13291931152344,83.24440002441406,84.63788604736328,89.20157623291016,92.42257690429688,95.3402099609375,103.81470489501953,104.50772857666016,105.74420166015625,105.72866821289062,110.22711944580078,118.52078247070312,125.2585678100586,143.05722045898438,201.00042724609375,237.94244384765625,286.4956970214844,364.89862060546875,431.0806884765625,530.03662109375,111.84089660644531
1,13, Frank,1.2273372411727905,30.04248046875,37.56386184692383,52.38623809814453,58.083988189697266,64.48016357421875,62.862186431884766,63.05437469482422,69.96644592285156,71.70558166503906,76.7670669555664,79.1577377319336,87.53089141845703,90.85612487792969,98.95719909667969,98.44194793701172,107.69283294677734,108.44937896728516,113.65605926513672,121.39158630371094,136.84579467773438,144.81900024414062,202.0269012451172,242.27757263183594,286.1500549316406,341.2657165527344,370.64178466796875,432.6954345703125,93.37512969970703
1,14,reich,1.4171723127365112,38.67477035522461,46.90452194213867,50.68584060668945,69.50804901123047,73.34271240234375,70.63261413574219,68.91344451904297,68.99321746826172,68.77386474609375,75.27350616455078,80.18917083740234,85.17914581298828,90.61833190917969,99.12255859375,100.4280014038086,111.03185272216797,108.87049865722656,114.95633697509766,123.95616149902344,141.85214233398438,147.89549255371094,183.1199493408203,213.46731567382812,250.57838439941406,331.555419921875,377.01458740234375,467.0871887207031,98.90402221679688
1,15, ist,1.0520976781845093,34.18357849121094,45.06157302856445,51.52937698364258,59.60850143432617,64.49575805664062,60.00598907470703,60.47578811645508,63.855037689208984,70.13249969482422,77.36729431152344,81.72242736816406,83.3558120727539,89.32452392578125,102.22859191894531,100.62039184570312,104.87207794189453,108.60416412353516,118.80797576904297,135.9962615966797,143.53216552734375,156.43446350097656,214.1249237060547,241.94920349121094,291.15057373046875,371.73626708984375,421.1569519042969,540.0772705078125,101.153564453125
2,0,Important,1.1783716678619385,46.49882888793945,1863.08203125,4860.958984375,4872.49169921875,4974.73828125,4992.052734375,5009.322265625,5034.45703125,5060.6533203125,5076.70654296875,5092.81103515625,5100.6103515625,5108.57080078125,5124.1796875,5132.34033203125,5132.33544921875,5124.48779296875,5116.44580078125,5116.5029296875,5116.33642578125,5100.06494140625,5096.26806640625,5071.140625,5027.6962890625,4920.806640625,4560.82080078125,2347.838623046875,106.19465637207031
2,1,:,1.267741084098816,38.50210189819336,44.76914978027344,54.13816833496094,57.81260299682617,72.96104431152344,68.5606689453125,67.67373657226562,68.38147735595703,71.5300521850586,81.74327087402344,87.9072265625,90.88655853271484,97.43546295166016,102.38748931884766,115.87054443359375,118.34036254882812,122.83745574951172,126.98779296875,135.9885711669922,150.7507781982422,177.24142456054688,230.4697723388672,254.95870971679688,318.555908203125,378.9713439941406,430.33343505859375,517.1995849609375,119.33841705322266
2,2, only,1.2666904926300049,38.137393951416016,44.768898010253906,52.55857849121094,57.85862350463867,65.02857208251953,61.62189483642578,61.57754898071289,68.15372467041016,69.02371978759766,75.36205291748047,78.58168029785156,84.06282806396484,87.07231140136719,92.85137939453125,95.54661560058594,103.32764434814453,107.94808197021484,116.54902648925781,132.60385131835938,164.99935913085938,181.1632537841797,237.8286590576172,270.63726806640625,321.9562072753906,387.05828857421875,421.6227722167969,520.749267578125,118.70730590820312
2,3, reply,1.29439115524292,35.469139099121094,49.46641540527344,53.35702133178711,59.78044509887695,71.6247329711914,67.60200500488281,72.39515686035156,78.3514404296875,82.41334533691406,87.3476791381836,89.5701675415039,93.30047607421875,95.82955932617188,105.55400085449219,110.3266830444336,120.29936981201172,124.10892486572266,132.82412719726562,148.7262725830078,165.66464233398438,176.6045684814453,218.17013549804688,242.69920349121094,284.898681640625,338.3919677734375,367.1341857910156,457.8430480957031,89.1662368774414
2,4, with,1.093935251235962,29.396379470825195,35.70683670043945,40.861846923828125,46.899330139160156,63.18809509277344,56.97604751586914,64.44827270507812,72.56703186035156,69.29127502441406,80.11357879638672,88.2651138305664,87.004638671875,90.72632598876953,99.53092956542969,102.36799621582031,111.82984924316406,115.21739196777344,119.26270294189453,135.1161651611328,149.439453125,164.62838745117188,208.00311279296875,237.75086975097656,273.0972595214844,328.0058898925781,350.6977233886719,424.43841552734375,94.6165771484375
2,5, a,1.1554327011108398,31.67827606201172,39.127716064453125,44.482810974121094,52.913124084472656,61.818180084228516,61.50901794433594,63.24978256225586,67.27364349365234,66.2881851196289,73.75804901123047,79.5561752319336,89.35774230957031,90.83990478515625,94.28053283691406,97.70512390136719,108.1028823852539,109.6672592163086,115.5425796508789,126.38809967041016,153.39111328125,165.61964416503906,206.96710205078125,236.45184326171875,270.1685791015625,327.984619140625,348.7591247558594,429.4622497558594,91.90447998046875
2,6, single,1.2509706020355225,29.112485885620117,36.98015213012695,41.922786712646484,45.58225631713867,60.65977096557617,57.22158432006836,57.4839973449707,62.75920104980469,65.50675201416016,70.3590087890625,72.38042449951172,81.73932647705078,83.59789276123047,88.78624725341797,89.57035827636719,102.59321594238281,102.77590942382812,107.60492706298828,116.7994384765625,141.77511596679688,151.866455078125,192.14639282226562,222.29701232910156,250.1350555419922,307.9478454589844,344.6665344238281,445.88592529296875,94.92352294921875
2,7, token,1.2459791898727417,31.451393127441406,38.570743560791016,40.9358024597168,48.187625885009766,67.14547729492188,60.889102935791016,60.59296798706055,69.7092056274414,76.72434997558594,85.15156555175781,87.00387573242188,93.0924301147461,96.65265655517578,102.73043823242188,108.02751922607422,113.29952239990234,110.8126220703125,116.50719451904297,124.35649871826172,147.74737548828125,158.86131286621094,188.34864807128906,203.50364685058594,225.13795471191406,277.2077941894531,316.3586120605469,398.6329650878906,92.65751647949219
2,8,".
",1.1500991582870483,28.654705047607422,34.94682312011719,40.66655349731445,47.398963928222656,55.06760025024414,60.441993713378906,60.54850769042969,61.834590911865234,63.98749542236328,67.91792297363281,81.70268249511719,82.0043716430664,84.80521392822266,99.34322357177734,101.92314147949219,107.34667205810547,105.30487823486328,110.87565612792969,123.220947265625,134.09539794921875,158.5657196044922,206.03651428222656,218.83108520507812,254.3050079345703,317.587646484375,338.2884826660156,416.3266296386719,109.89197540283203
2,9,La,1.1733689308166504,36.69536590576172,47.87104797363281,54.38825988769531,58.02222442626953,66.67830657958984,66.16259765625,71.01850128173828,76.11077880859375,77.21504211425781,81.59075164794922,85.49453735351562,88.21768951416016,92.21184539794922,105.61505889892578,102.33595275878906,101.78094482421875,104.7157211303711,108.18189239501953,117.39460754394531,138.50732421875,152.93479919433594,204.01702880859375,241.7459259033203,318.86383056640625,390.2821044921875,425.60302734375,516.7548217773438,93.27565002441406
2,10, capit,1.3890430927276611,38.05994415283203,51.82748031616211,70.2193374633789,79.7210693359375,85.99153900146484,87.61941528320312,88.60466003417969,91.91376495361328,92.73734283447266,97.6229248046875,101.47492218017578,106.44849395751953,109.16719818115234,115.9864730834961,120.62686920166016,126.8514633178711,128.41720581054688,132.3689727783203,140.0665283203125,159.27615356445312,166.8018341064453,205.28634643554688,235.18948364257812,288.3338317871094,347.59185791015625,375.5897521972656,450.3396301269531,90.39764404296875
2,11,ale,1.3809126615524292,28.472137451171875,38.299964904785156,65.28308868408203,70.35829162597656,77.01451110839844,75.9471206665039,83.2082290649414,82.67390441894531,88.04078674316406,95.67780303955078,94.54080200195312,98.42369079589844,100.87081909179688,107.31330108642578,117.58832550048828,122.17371368408203,122.97102355957031,128.51861572265625,140.65216064453125,162.1658172607422,172.42471313476562,204.2024688720703,229.02984619140625,267.0620422363281,338.1601867675781,374.7708740234375,481.203857421875,90.47109985351562
2,12, de,1.203433632850647,27.679231643676758,36.20541763305664,47.186744689941406,55.97264862060547,62.9820671081543,62.25221633911133,67.87586212158203,69.52946472167969,74.60550689697266,82.4609603881836,84.52591705322266,87.96456146240234,89.40128326416016,99.2100601196289,104.00765228271484,110.72720336914062,109.97196197509766,115.89037322998047,124.27659606933594,135.87327575683594,151.873779296875,202.1949005126953,238.98846435546875,289.755126953125,371.87457275390625,447.0849609375,566.0682983398438,98.59194946289062
2,13, la,1.0440553426742554,34.1998405456543,46.71729278564453,51.37675476074219,57.05347442626953,63.20769500732422,61.747188568115234,65.4307861328125,69.63385009765625,74.2706069946289,81.2610092163086,86.523681640625,93.84598541259766,97.04783630371094,103.75269317626953,103.22093963623047,111.00682830810547,108.01307678222656,110.1163330078125,114.54185485839844,133.66424560546875,155.2364044189453,197.6085662841797,237.96946716308594,323.2208251953125,389.3770751953125,450.3769226074219,564.6397705078125,94.99947357177734
2,14, France,1.0450770854949951,35.24958038330078,42.08636474609375,47.79934310913086,61.17222213745117,72.25215148925781,68.22216796875,68.84889221191406,72.9183578491211,74.79729461669922,79.39997100830078,81.59842681884766,90.7571792602539,95.30607604980469,103.7376937866211,104.81248474121094,118.74091339111328,117.13229370117188,124.73908996582031,132.90187072753906,156.93186950683594,167.73806762695312,202.31785583496094,235.27781677246094,270.15478515625,343.72698974609375,378.73382568359375,477.0423278808594,91.34568786621094
2,15, est,1.1420022249221802,33.982330322265625,41.1987419128418,50.40210723876953,57.447540283203125,58.957801818847656,55.913726806640625,61.755645751953125,62.8537712097168,72.1086654663086,84.67354583740234,86.98492431640625,90.2328872680664,93.09074401855469,101.38169860839844,103.55062103271484,110.54608917236328,113.32462310791016,121.05889892578125,135.4385528564453,144.8217315673828,162.9157257080078,214.06809997558594,244.96463012695312,296.630859375,373.08245849609375,403.12359619140625,510.76019287109375,93.81082916259766
3,0,Important,1.1783716678619385,46.49882888793945,1863.08203125,4860.958984375,4872.49169921875,4974.73828125,4992.052734375,5009.322265625,5034.45703125,5060.6533203125,5076.70654296875,5092.81103515625,5100.6103515625,5108.57080078125,5124.1796875,5132.34033203125,5132.33544921875,5124.48779296875,5116.44580078125,5116.5029296875,5116.33642578125,5100.06494140625,5096.26806640625,5071.140625,5027.6962890625,4920.806640625,4560.82080078125,2347.838623046875,106.19465637207031
3,1,:,1.267741084098816,38.50210189819336,44.76914978027344,54.13816833496094,57.81260299682617,72.96104431152344,68.5606689453125,67.67373657226562,68.38147735595703,71.5300521850586,81.74327087402344,87.9072265625,90.88655853271484,97.43546295166016,102.38748931884766,115.87054443359375,118.34036254882812,122.83745574951172,126.98779296875,135.9885711669922,150.7507781982422,177.24142456054688,230.4697723388672,254.95870971679688,318.555908203125,378.9713439941406,430.33343505859375,517.1995849609375,119.33841705322266
3,2, only,1.2666904926300049,38.137393951416016,44.768898010253906,52.55857849121094,57.85862350463867,65.02857208251953,61.62189483642578,61.57754898071289,68.15372467041016,69.02371978759766,75.36205291748047,78.58168029785156,84.06282806396484,87.07231140136719,92.85137939453125,95.54661560058594,103.32764434814453,107.94808197021484,116.54902648925781,132.60385131835938,164.99935913085938,181.1632537841797,237.8286590576172,270.63726806640625,321.9562072753906,387.05828857421875,421.6227722167969,520.749267578125,118.70730590820312
3,3, reply,1.29439115524292,35.469139099121094,49.46641540527344,53.35702133178711,59.78044509887695,71.6247329711914,67.60200500488281,72.39515686035156,78.3514404296875,82.41334533691406,87.3476791381836,89.5701675415039,93.30047607421875,95.82955932617188,105.55400085449219,110.3266830444336,120.29936981201172,124.10892486572266,132.82412719726562,148.7262725830078,165.66464233398438,176.6045684814453,218.17013549804688,242.69920349121094,284.898681640625,338.3919677734375,367.1341857910156,457.8430480957031,89.1662368774414
3,4, with,1.093935251235962,29.396379470825195,35.70683670043945,40.861846923828125,46.899330139160156,63.18809509277344,56.97604751586914,64.44827270507812,72.56703186035156,69.29127502441406,80.11357879638672,88.2651138305664,87.004638671875,90.72632598876953,99.53092956542969,102.36799621582031,111.82984924316406,115.21739196777344,119.26270294189453,135.1161651611328,149.439453125,164.62838745117188,208.00311279296875,237.75086975097656,273.0972595214844,328.0058898925781,350.6977233886719,424.43841552734375,94.6165771484375
3,5, a,1.1554327011108398,31.67827606201172,39.127716064453125,44.482810974121094,52.913124084472656,61.818180084228516,61.50901794433594,63.24978256225586,67.27364349365234,66.2881851196289,73.75804901123047,79.5561752319336,89.35774230957031,90.83990478515625,94.28053283691406,97.70512390136719,108.1028823852539,109.6672592163086,115.5425796508789,126.38809967041016,153.39111328125,165.61964416503906,206.96710205078125,236.45184326171875,270.1685791015625,327.984619140625,348.7591247558594,429.4622497558594,91.90447998046875
3,6, single,1.2509706020355225,29.112485885620117,36.98015213012695,41.922786712646484,45.58225631713867,60.65977096557617,57.22158432006836,57.4839973449707,62.75920104980469,65.50675201416016,70.3590087890625,72.38042449951172,81.73932647705078,83.59789276123047,88.78624725341797,89.57035827636719,102.59321594238281,102.77590942382812,107.60492706298828,116.7994384765625,141.77511596679688,151.866455078125,192.14639282226562,222.29701232910156,250.1350555419922,307.9478454589844,344.6665344238281,445.88592529296875,94.92352294921875
3,7, token,1.2459791898727417,31.451393127441406,38.570743560791016,40.9358024597168,48.187625885009766,67.14547729492188,60.889102935791016,60.59296798706055,69.7092056274414,76.72434997558594,85.15156555175781,87.00387573242188,93.0924301147461,96.65265655517578,102.73043823242188,108.02751922607422,113.29952239990234,110.8126220703125,116.50719451904297,124.35649871826172,147.74737548828125,158.86131286621094,188.34864807128906,203.50364685058594,225.13795471191406,277.2077941894531,316.3586120605469,398.6329650878906,92.65751647949219
3,8,".
",1.1500991582870483,28.654705047607422,34.94682312011719,40.66655349731445,47.398963928222656,55.06760025024414,60.441993713378906,60.54850769042969,61.834590911865234,63.98749542236328,67.91792297363281,81.70268249511719,82.0043716430664,84.80521392822266,99.34322357177734,101.92314147949219,107.34667205810547,105.30487823486328,110.87565612792969,123.220947265625,134.09539794921875,158.5657196044922,206.03651428222656,218.83108520507812,254.3050079345703,317.587646484375,338.2884826660156,416.3266296386719,109.89197540283203
3,9,La,1.1733689308166504,36.69536590576172,47.87104797363281,54.38825988769531,58.02222442626953,66.67830657958984,66.16259765625,71.01850128173828,76.11077880859375,77.21504211425781,81.59075164794922,85.49453735351562,88.21768951416016,92.21184539794922,105.61505889892578,102.33595275878906,101.78094482421875,104.7157211303711,108.18189239501953,117.39460754394531,138.50732421875,152.93479919433594,204.01702880859375,241.7459259033203,318.86383056640625,390.2821044921875,425.60302734375,516.7548217773438,93.27565002441406
3,10, capital,1.320278286933899,30.40006446838379,40.88468933105469,52.02544403076172,65.06400299072266,74.09281921386719,73.01473236083984,72.22941589355469,75.06586456298828,77.43472290039062,87.52621459960938,93.26567077636719,94.58204650878906,97.20539093017578,107.87690734863281,110.58331298828125,115.0987319946289,117.73660278320312,120.93751525878906,131.18899536132812,147.2540283203125,157.31588745117188,201.3925323486328,231.05650329589844,274.53961181640625,347.72882080078125,381.337890625,493.229736328125,89.27973937988281
3,11, de,1.203433632850647,27.82297134399414,34.88307571411133,45.37004852294922,57.23000717163086,65.00830078125,63.45892333984375,65.83440399169922,66.64302062988281,67.1418228149414,72.3142318725586,84.55426788330078,85.51687622070312,87.37136840820312,97.2657241821289,101.08543395996094,107.07107543945312,110.69873809814453,114.77214050292969,125.70087432861328,134.7754669189453,153.13522338867188,198.77467346191406,225.92286682128906,272.47064208984375,358.15924072265625,426.8702697753906,576.2045288085938,95.83830261230469
3,12, Franc,1.3150203227996826,29.23198699951172,45.82316970825195,52.82472229003906,62.61259078979492,73.8133773803711,68.74861145019531,66.25048065185547,68.01041412353516,69.74600982666016,74.06815338134766,80.58769989013672,88.55831146240234,92.11198425292969,96.72431945800781,96.60746002197266,102.23395538330078,103.67457580566406,109.53636932373047,117.59648132324219,144.9000701904297,153.0389862060547,193.97299194335938,234.3176727294922,285.4994812011719,346.205810546875,381.14019775390625,431.1144714355469,90.00878143310547
3,13,ia,1.3208485841751099,29.5310115814209,47.10858917236328,51.37884521484375,71.96348571777344,78.79151916503906,73.96546173095703,68.56291198730469,65.77983856201172,67.86521911621094,75.25171661376953,80.07303619384766,88.010986328125,95.56040954589844,102.77174377441406,104.61980438232422,110.60287475585938,110.42882537841797,120.08567810058594,130.3278045654297,148.68234252929688,157.4120330810547,183.39085388183594,207.42385864257812,248.55880737304688,328.5318603515625,360.8841247558594,458.57275390625,89.70873260498047
3,14, es,1.134229302406311,27.64897918701172,36.859642028808594,46.25288009643555,54.16791915893555,59.71620178222656,55.85078048706055,56.74758529663086,58.24607467651367,66.43754577636719,73.87825012207031,81.75670623779297,83.17963409423828,87.52328491210938,97.06664276123047,98.84501647949219,104.71036529541016,105.8217544555664,112.41363525390625,127.39964294433594,129.07313537597656,150.9164276123047,193.6707000732422,219.4844512939453,256.4757385253906,339.8615417480469,388.6506042480469,513.5324096679688,98.11051177978516
4,0,Important,1.1783716678619385,46.49882888793945,1863.08203125,4860.958984375,4872.49169921875,4974.73828125,4992.052734375,5009.322265625,5034.45703125,5060.6533203125,5076.70654296875,5092.81103515625,5100.6103515625,5108.57080078125,5124.1796875,5132.34033203125,5132.33544921875,5124.48779296875,5116.44580078125,5116.5029296875,5116.33642578125,5100.06494140625,5096.26806640625,5071.140625,5027.6962890625,4920.806640625,4560.82080078125,2347.838623046875,106.19465637207031
4,1,:,1.267741084098816,38.50210189819336,44.76914978027344,54.13816833496094,57.81260299682617,72.96104431152344,68.5606689453125,67.67373657226562,68.38147735595703,71.5300521850586,81.74327087402344,87.9072265625,90.88655853271484,97.43546295166016,102.38748931884766,115.87054443359375,118.34036254882812,122.83745574951172,126.98779296875,135.9885711669922,150.7507781982422,177.24142456054688,230.4697723388672,254.95870971679688,318.555908203125,378.9713439941406,430.33343505859375,517.1995849609375,119.33841705322266
4,2, only,1.2666904926300049,38.137393951416016,44.768898010253906,52.55857849121094,57.85862350463867,65.02857208251953,61.62189483642578,61.57754898071289,68.15372467041016,69.02371978759766,75.36205291748047,78.58168029785156,84.06282806396484,87.07231140136719,92.85137939453125,95.54661560058594,103.32764434814453,107.94808197021484,116.54902648925781,132.60385131835938,164.99935913085938,181.1632537841797,237.8286590576172,270.63726806640625,321.9562072753906,387.05828857421875,421.6227722167969,520.749267578125,118.70730590820312
4,3, reply,1.29439115524292,35.469139099121094,49.46641540527344,53.35702133178711,59.78044509887695,71.6247329711914,67.60200500488281,72.39515686035156,78.3514404296875,82.41334533691406,87.3476791381836,89.5701675415039,93.30047607421875,95.82955932617188,105.55400085449219,110.3266830444336,120.29936981201172,124.10892486572266,132.82412719726562,148.7262725830078,165.66464233398438,176.6045684814453,218.17013549804688,242.69920349121094,284.898681640625,338.3919677734375,367.1341857910156,457.8430480957031,89.1662368774414
4,4, with,1.093935251235962,29.396379470825195,35.70683670043945,40.861846923828125,46.899330139160156,63.18809509277344,56.97604751586914,64.44827270507812,72.56703186035156,69.29127502441406,80.11357879638672,88.2651138305664,87.004638671875,90.72632598876953,99.53092956542969,102.36799621582031,111.82984924316406,115.21739196777344,119.26270294189453,135.1161651611328,149.439453125,164.62838745117188,208.00311279296875,237.75086975097656,273.0972595214844,328.0058898925781,350.6977233886719,424.43841552734375,94.6165771484375
4,5, a,1.1554327011108398,31.67827606201172,39.127716064453125,44.482810974121094,52.913124084472656,61.818180084228516,61.50901794433594,63.24978256225586,67.27364349365234,66.2881851196289,73.75804901123047,79.5561752319336,89.35774230957031,90.83990478515625,94.28053283691406,97.70512390136719,108.1028823852539,109.6672592163086,115.5425796508789,126.38809967041016,153.39111328125,165.61964416503906,206.96710205078125,236.45184326171875,270.1685791015625,327.984619140625,348.7591247558594,429.4622497558594,91.90447998046875
4,6, single,1.2509706020355225,29.112485885620117,36.98015213012695,41.922786712646484,45.58225631713867,60.65977096557617,57.22158432006836,57.4839973449707,62.75920104980469,65.50675201416016,70.3590087890625,72.38042449951172,81.73932647705078,83.59789276123047,88.78624725341797,89.57035827636719,102.59321594238281,102.77590942382812,107.60492706298828,116.7994384765625,141.77511596679688,151.866455078125,192.14639282226562,222.29701232910156,250.1350555419922,307.9478454589844,344.6665344238281,445.88592529296875,94.92352294921875
4,7, token,1.2459791898727417,31.451393127441406,38.570743560791016,40.9358024597168,48.187625885009766,67.14547729492188,60.889102935791016,60.59296798706055,69.7092056274414,76.72434997558594,85.15156555175781,87.00387573242188,93.0924301147461,96.65265655517578,102.73043823242188,108.02751922607422,113.29952239990234,110.8126220703125,116.50719451904297,124.35649871826172,147.74737548828125,158.86131286621094,188.34864807128906,203.50364685058594,225.13795471191406,277.2077941894531,316.3586120605469,398.6329650878906,92.65751647949219
4,8,".
",1.1500991582870483,28.654705047607422,34.94682312011719,40.66655349731445,47.398963928222656,55.06760025024414,60.441993713378906,60.54850769042969,61.834590911865234,63.98749542236328,67.91792297363281,81.70268249511719,82.0043716430664,84.80521392822266,99.34322357177734,101.92314147949219,107.34667205810547,105.30487823486328,110.87565612792969,123.220947265625,134.09539794921875,158.5657196044922,206.03651428222656,218.83108520507812,254.3050079345703,317.587646484375,338.2884826660156,416.3266296386719,109.89197540283203
4,9,La,1.1733689308166504,36.69536590576172,47.87104797363281,54.38825988769531,58.02222442626953,66.67830657958984,66.16259765625,71.01850128173828,76.11077880859375,77.21504211425781,81.59075164794922,85.49453735351562,88.21768951416016,92.21184539794922,105.61505889892578,102.33595275878906,101.78094482421875,104.7157211303711,108.18189239501953,117.39460754394531,138.50732421875,152.93479919433594,204.01702880859375,241.7459259033203,318.86383056640625,390.2821044921875,425.60302734375,516.7548217773438,93.27565002441406
4,10, capit,1.3890430927276611,38.05994415283203,51.82748031616211,70.2193374633789,79.7210693359375,85.99153900146484,87.61941528320312,88.60466003417969,91.91376495361328,92.73734283447266,97.6229248046875,101.47492218017578,106.44849395751953,109.16719818115234,115.9864730834961,120.62686920166016,126.8514633178711,128.41720581054688,132.3689727783203,140.0665283203125,159.27615356445312,166.8018341064453,205.28634643554688,235.18948364257812,288.3338317871094,347.59185791015625,375.5897521972656,450.3396301269531,90.39764404296875
4,11,ale,1.3809126615524292,28.472137451171875,38.299964904785156,65.28308868408203,70.35829162597656,77.01451110839844,75.9471206665039,83.2082290649414,82.67390441894531,88.04078674316406,95.67780303955078,94.54080200195312,98.42369079589844,100.87081909179688,107.31330108642578,117.58832550048828,122.17371368408203,122.97102355957031,128.51861572265625,140.65216064453125,162.1658172607422,172.42471313476562,204.2024688720703,229.02984619140625,267.0620422363281,338.1601867675781,374.7708740234375,481.203857421875,90.47109985351562
4,12, della,1.0873651504516602,34.59211730957031,54.84260177612305,60.26213455200195,68.55298614501953,73.96556854248047,71.16993713378906,73.28173828125,75.94811248779297,80.29080963134766,87.93938446044922,92.88870239257812,99.89323425292969,101.17549133300781,109.13352966308594,110.50760650634766,116.07398223876953,117.92262268066406,117.53486633300781,121.57884979248047,138.5861358642578,164.12574768066406,199.07493591308594,235.4439697265625,294.63037109375,363.6431579589844,421.4621276855469,546.7374877929688,95.06212615966797
4,13, Franc,1.3150203227996826,29.86046028137207,51.70845031738281,61.85115051269531,71.77301788330078,82.82721710205078,79.13912963867188,79.05265045166016,83.87400817871094,84.26641845703125,88.12274169921875,91.25631713867188,101.93653106689453,102.61686706542969,107.119140625,106.17694854736328,111.36224365234375,112.87053680419922,118.77317810058594,123.9668197631836,148.51670837402344,157.5411834716797,193.9229278564453,247.04635620117188,306.9764709472656,359.73809814453125,395.9145202636719,436.9957275390625,90.65582275390625
4,14,ia,1.3208485841751099,29.255979537963867,49.776214599609375,55.885589599609375,75.48793029785156,81.37174987792969,75.2007827758789,68.38787841796875,65.8940200805664,68.55572509765625,75.38233947753906,78.80342102050781,87.00362396240234,91.72712707519531,100.1404037475586,100.19530487060547,114.37359619140625,109.64581298828125,116.07070922851562,124.31802368164062,146.07115173339844,155.7044219970703,188.87684631347656,220.68431091308594,264.98406982421875,356.16607666015625,399.6638488769531,487.9686279296875,89.34934997558594
4,15, è,0.9614121913909912,32.784454345703125,39.12309265136719,49.6117057800293,55.203392028808594,58.86455535888672,55.917938232421875,57.181304931640625,60.04245376586914,69.4715805053711,77.2931900024414,80.08494567871094,82.20984649658203,83.88323974609375,95.60370635986328,96.92442321777344,102.64262390136719,105.99043273925781,110.7641372680664,125.60801696777344,134.32388305664062,151.05596923828125,199.71624755859375,225.34442138671875,268.62042236328125,367.109130859375,407.1957092285156,494.0801086425781,100.39102935791016
5,0,Important,1.1783716678619385,46.49882888793945,1863.08203125,4860.958984375,4872.49169921875,4974.73828125,4992.052734375,5009.322265625,5034.45703125,5060.6533203125,5076.70654296875,5092.81103515625,5100.6103515625,5108.57080078125,5124.1796875,5132.34033203125,5132.33544921875,5124.48779296875,5116.44580078125,5116.5029296875,5116.33642578125,5100.06494140625,5096.26806640625,5071.140625,5027.6962890625,4920.806640625,4560.82080078125,2347.838623046875,106.19465637207031
5,1,:,1.267741084098816,38.50210189819336,44.76914978027344,54.13816833496094,57.81260299682617,72.96104431152344,68.5606689453125,67.67373657226562,68.38147735595703,71.5300521850586,81.74327087402344,87.9072265625,90.88655853271484,97.43546295166016,102.38748931884766,115.87054443359375,118.34036254882812,122.83745574951172,126.98779296875,135.9885711669922,150.7507781982422,177.24142456054688,230.4697723388672,254.95870971679688,318.555908203125,378.9713439941406,430.33343505859375,517.1995849609375,119.33841705322266
5,2, only,1.2666904926300049,38.137393951416016,44.768898010253906,52.55857849121094,57.85862350463867,65.02857208251953,61.62189483642578,61.57754898071289,68.15372467041016,69.02371978759766,75.36205291748047,78.58168029785156,84.06282806396484,87.07231140136719,92.85137939453125,95.54661560058594,103.32764434814453,107.94808197021484,116.54902648925781,132.60385131835938,164.99935913085938,181.1632537841797,237.8286590576172,270.63726806640625,321.9562072753906,387.05828857421875,421.6227722167969,520.749267578125,118.70730590820312
5,3, reply,1.29439115524292,35.469139099121094,49.46641540527344,53.35702133178711,59.78044509887695,71.6247329711914,67.60200500488281,72.39515686035156,78.3514404296875,82.41334533691406,87.3476791381836,89.5701675415039,93.30047607421875,95.82955932617188,105.55400085449219,110.3266830444336,120.29936981201172,124.10892486572266,132.82412719726562,148.7262725830078,165.66464233398438,176.6045684814453,218.17013549804688,242.69920349121094,284.898681640625,338.3919677734375,367.1341857910156,457.8430480957031,89.1662368774414
5,4, with,1.093935251235962,29.396379470825195,35.70683670043945,40.861846923828125,46.899330139160156,63.18809509277344,56.97604751586914,64.44827270507812,72.56703186035156,69.29127502441406,80.11357879638672,88.2651138305664,87.004638671875,90.72632598876953,99.53092956542969,102.36799621582031,111.82984924316406,115.21739196777344,119.26270294189453,135.1161651611328,149.439453125,164.62838745117188,208.00311279296875,237.75086975097656,273.0972595214844,328.0058898925781,350.6977233886719,424.43841552734375,94.6165771484375
5,5, a,1.1554327011108398,31.67827606201172,39.127716064453125,44.482810974121094,52.913124084472656,61.818180084228516,61.50901794433594,63.24978256225586,67.27364349365234,66.2881851196289,73.75804901123047,79.5561752319336,89.35774230957031,90.83990478515625,94.28053283691406,97.70512390136719,108.1028823852539,109.6672592163086,115.5425796508789,126.38809967041016,153.39111328125,165.61964416503906,206.96710205078125,236.45184326171875,270.1685791015625,327.984619140625,348.7591247558594,429.4622497558594,91.90447998046875
5,6, single,1.2509706020355225,29.112485885620117,36.98015213012695,41.922786712646484,45.58225631713867,60.65977096557617,57.22158432006836,57.4839973449707,62.75920104980469,65.50675201416016,70.3590087890625,72.38042449951172,81.73932647705078,83.59789276123047,88.78624725341797,89.57035827636719,102.59321594238281,102.77590942382812,107.60492706298828,116.7994384765625,141.77511596679688,151.866455078125,192.14639282226562,222.29701232910156,250.1350555419922,307.9478454589844,344.6665344238281,445.88592529296875,94.92352294921875
5,7, token,1.2459791898727417,31.451393127441406,38.570743560791016,40.9358024597168,48.187625885009766,67.14547729492188,60.889102935791016,60.59296798706055,69.7092056274414,76.72434997558594,85.15156555175781,87.00387573242188,93.0924301147461,96.65265655517578,102.73043823242188,108.02751922607422,113.29952239990234,110.8126220703125,116.50719451904297,124.35649871826172,147.74737548828125,158.86131286621094,188.34864807128906,203.50364685058594,225.13795471191406,277.2077941894531,316.3586120605469,398.6329650878906,92.65751647949219
5,8,".
",1.1500991582870483,28.654705047607422,34.94682312011719,40.66655349731445,47.398963928222656,55.06760025024414,60.441993713378906,60.54850769042969,61.834590911865234,63.98749542236328,67.91792297363281,81.70268249511719,82.0043716430664,84.80521392822266,99.34322357177734,101.92314147949219,107.34667205810547,105.30487823486328,110.87565612792969,123.220947265625,134.09539794921875,158.5657196044922,206.03651428222656,218.83108520507812,254.3050079345703,317.587646484375,338.2884826660156,416.3266296386719,109.89197540283203
5,9,A,1.177002191543579,26.744308471679688,37.01491165161133,41.68379211425781,47.970542907714844,55.61247253417969,56.58716583251953,60.81303405761719,66.56031799316406,67.21771240234375,73.39020538330078,74.37732696533203,80.05606079101562,86.14750671386719,96.33077239990234,97.03703308105469,99.42758178710938,103.05939483642578,107.2238998413086,117.491943359375,141.28369140625,155.2230224609375,214.2161865234375,245.76268005371094,301.28436279296875,380.09539794921875,426.09686279296875,522.1455688476562,112.24694061279297
5,10, capital,1.320278286933899,30.1367244720459,37.30998229980469,60.878501892089844,63.502437591552734,69.68618774414062,71.46822357177734,74.52386474609375,78.44505310058594,81.99398040771484,83.77881622314453,89.04056549072266,92.56067657470703,93.99794006347656,100.33922576904297,101.3189468383789,101.57847595214844,103.71805572509766,109.93861389160156,119.42227172851562,149.0960693359375,158.7982940673828,215.98593139648438,237.4236297607422,293.2090759277344,356.9564208984375,384.2608642578125,492.09295654296875,99.75982666015625
5,11, da,1.1740471124649048,33.01337814331055,39.52159881591797,45.524391174316406,56.494667053222656,66.45563507080078,73.2031021118164,73.63793182373047,74.25509643554688,78.30950164794922,78.7298812866211,83.05908966064453,86.26250457763672,91.10116577148438,99.40462493896484,101.49221801757812,102.2738037109375,103.44071197509766,109.21044158935547,118.42694854736328,135.32196044921875,144.10411071777344,196.46507263183594,249.47463989257812,300.7453308105469,382.10638427734375,424.88006591796875,481.51019287109375,96.197265625
5,12, Fran,1.2857959270477295,32.719120025634766,47.55251693725586,58.14253234863281,66.66191101074219,75.38723754882812,74.56148529052734,75.4339828491211,78.98897552490234,81.58120727539062,84.28718566894531,88.42488861083984,92.01228332519531,96.36165618896484,104.95955657958984,103.76885223388672,104.69721221923828,107.94242858886719,110.89988708496094,117.13814544677734,141.92510986328125,155.84268188476562,197.85231018066406,230.35638427734375,282.279052734375,346.63494873046875,380.0763244628906,432.2986755371094,92.07730865478516
5,13,ça,1.3548635244369507,30.70376968383789,40.06561279296875,48.325740814208984,58.994544982910156,70.79608154296875,65.58499908447266,67.55353546142578,71.24296569824219,73.94902038574219,78.30787658691406,85.93805694580078,91.0544204711914,96.71566772460938,103.63618469238281,106.03665924072266,111.20919799804688,112.81118774414062,120.57858276367188,127.5764389038086,151.7661895751953,167.050048828125,196.2017059326172,223.84133911132812,262.1662902832031,346.3221130371094,367.76422119140625,449.7558288574219,95.22412109375
5,14, é,1.0080746412277222,30.83978843688965,39.737281799316406,51.52692794799805,61.966835021972656,66.5523452758789,65.78114318847656,68.13600158691406,66.75763702392578,72.09359741210938,76.64117431640625,81.89139556884766,87.58618927001953,92.7413558959961,100.22281646728516,106.75305938720703,110.32258605957031,112.75550079345703,120.32784271240234,131.0369110107422,139.03436279296875,152.028564453125,194.7498321533203,220.6781768798828,256.6316833496094,355.97540283203125,388.8463134765625,504.9361267089844,99.01642608642578
6,0,Important,1.1783716678619385,46.50519943237305,1884.7991943359375,4877.078125,4888.6337890625,4990.873046875,5008.162109375,5025.43408203125,5050.5341796875,5076.69873046875,5092.857421875,5108.9541015625,5116.72607421875,5124.7080078125,5140.31689453125,5148.50830078125,5148.5,5140.6318359375,5132.61279296875,5132.61767578125,5132.49267578125,5116.16650390625,5112.3623046875,5087.224609375,5043.74267578125,4936.75732421875,4576.6962890625,2363.291015625,106.48084259033203
6,1,:,1.267741084098816,38.507591247558594,44.82778549194336,54.216087341308594,57.824649810791016,73.1138916015625,68.66204833984375,67.67271423339844,68.30883026123047,71.43328094482422,81.68028259277344,87.92638397216797,90.84112548828125,97.28594207763672,102.08895874023438,115.57491302490234,117.97105407714844,122.34415435791016,126.44668579101562,135.8544921875,150.5749969482422,176.48817443847656,229.99838256835938,254.70509338378906,318.00543212890625,378.3824768066406,430.2856750488281,518.1644897460938,119.29039764404297
6,2, only,1.2666904926300049,38.62466049194336,45.23072052001953,52.99082946777344,58.433773040771484,65.70242309570312,62.369728088378906,62.085731506347656,68.68563842773438,69.663330078125,76.05245208740234,79.1948013305664,84.7184066772461,87.67760467529297,93.48452758789062,95.90070343017578,103.85620880126953,108.31878662109375,117.06900024414062,133.37808227539062,165.47450256347656,181.24151611328125,237.27850341796875,270.023681640625,321.80340576171875,386.854248046875,420.0832824707031,520.143798828125,117.88484191894531
6,3, reply,1.29439115524292,35.42362594604492,49.427852630615234,53.268314361572266,59.88566970825195,71.6574478149414,67.51422119140625,72.49420166015625,78.66682434082031,82.85824584960938,87.48705291748047,89.62751007080078,93.34940338134766,95.67094421386719,105.5926513671875,110.47859954833984,121.12354278564453,124.43456268310547,133.1183319091797,148.9371795654297,165.9273223876953,176.73829650878906,217.77798461914062,242.75198364257812,284.2574462890625,337.9112854003906,366.412353515625,456.0860900878906,88.98602294921875
6,4, with,1.093935251235962,33.72688674926758,40.239566802978516,44.52842712402344,50.76570129394531,66.8506088256836,61.170352935791016,67.77926635742188,73.7765121459961,70.37921142578125,81.2199935913086,90.41797637939453,87.89262390136719,91.57928466796875,100.7813720703125,104.73904418945312,116.41742706298828,117.93973541259766,122.60514068603516,137.33555603027344,150.1116180419922,166.80313110351562,208.59228515625,237.66835021972656,272.67388916015625,326.92462158203125,350.472412109375,423.6830749511719,94.47516632080078
6,5, a,1.1554327011108398,31.21909523010254,38.675907135009766,44.30533981323242,52.892642974853516,61.084354400634766,61.238548278808594,63.756893157958984,67.5197525024414,67.09683227539062,74.619384765625,80.43128967285156,89.0271987915039,91.81558227539062,95.28022003173828,98.8526840209961,110.24949645996094,111.61388397216797,117.21854400634766,128.0794219970703,153.08694458007812,165.82919311523438,206.65565490722656,237.27622985839844,270.1584167480469,328.5568542480469,351.7891540527344,432.5210876464844,91.757080078125
6,6, single,1.2509706020355225,28.927356719970703,36.66506576538086,41.413604736328125,45.15431594848633,59.94951629638672,56.492149353027344,56.966758728027344,61.937137603759766,64.92091369628906,69.86929321289062,71.47721099853516,80.2420425415039,82.65338897705078,88.47769165039062,89.49979400634766,102.85084533691406,102.99419403076172,107.47535705566406,117.03691101074219,141.21522521972656,151.1752471923828,190.41567993164062,221.98977661132812,251.05264282226562,310.33660888671875,347.6224365234375,448.6737365722656,95.15998077392578
6,7, token,1.2459791898727417,29.717449188232422,37.17106246948242,40.10295867919922,47.35356903076172,65.1860122680664,59.28638458251953,59.220882415771484,69.32166290283203,74.49518585205078,81.52668762207031,84.11579895019531,90.14237976074219,94.1557388305664,100.32743072509766,105.79364013671875,112.13101196289062,109.8231201171875,115.81429290771484,125.70922088623047,147.86566162109375,160.29486083984375,190.844970703125,206.98248291015625,228.32249450683594,277.6214904785156,314.64715576171875,398.7859802246094,93.46011352539062
6,8,".
",1.1500991582870483,28.368467330932617,34.71490478515625,40.6268310546875,48.06706619262695,55.299015045166016,60.47517013549805,60.689510345458984,61.75657272338867,63.18229293823242,66.892822265625,80.82077026367188,80.92090606689453,85.73619079589844,100.7172622680664,105.47835540771484,105.84164428710938,105.72774505615234,111.33055877685547,124.40620422363281,135.85653686523438,162.9919891357422,211.7279052734375,223.5226287841797,260.45294189453125,324.653564453125,345.2078857421875,428.3271484375,111.79656219482422
6,9,Ст,1.1782523393630981,37.12248611450195,46.95175552368164,56.961116790771484,63.669166564941406,71.90461730957031,72.3726577758789,71.43522644042969,78.2120361328125,80.6045913696289,82.42123413085938,84.22055053710938,87.21373748779297,90.62126922607422,101.36263275146484,102.7551040649414,103.92424011230469,107.42491912841797,110.63382720947266,119.96255493164062,142.91360473632812,154.8625030517578,200.18167114257812,229.8435821533203,301.5649108886719,371.3561096191406,402.3051452636719,443.8458251953125,96.87669372558594
6,10,ол,1.1304523944854736,30.02849578857422,42.834468841552734,64.4792251586914,70.67674255371094,75.13090515136719,70.6250991821289,72.0302505493164,74.38738250732422,76.62760925292969,80.96050262451172,85.09652709960938,87.37599182128906,92.83735656738281,99.13481140136719,98.90388488769531,104.5911865234375,106.6607666015625,109.27223205566406,119.38490295410156,141.41688537597656,151.41656494140625,200.40771484375,236.99337768554688,294.58837890625,351.6189880371094,396.08648681640625,408.39178466796875,90.4446029663086
6,11,и,1.1126348972320557,29.38890838623047,37.595333099365234,49.931583404541016,57.119178771972656,71.18929290771484,69.69157409667969,69.50025939941406,72.64900970458984,75.30265808105469,79.43426513671875,83.96890258789062,85.80093383789062,88.62329864501953,99.44318389892578,98.9013671875,104.04827117919922,105.28575897216797,108.64861297607422,122.00174713134766,140.9882354736328,156.9100341796875,196.82424926757812,239.29356384277344,295.12237548828125,349.1646728515625,395.55291748046875,451.44525146484375,93.79955291748047
6,12,ца,1.1836577653884888,23.929601669311523,30.295923233032227,41.86074447631836,49.478763580322266,59.323944091796875,57.39558410644531,62.0233268737793,69.583740234375,71.11302185058594,73.12657928466797,80.47307586669922,82.41854858398438,86.38114929199219,95.73954772949219,98.08446502685547,102.60615539550781,105.54009246826172,110.42887878417969,124.63167572021484,140.61001586914062,159.07969665527344,205.77984619140625,228.49649047851562,273.55108642578125,346.379150390625,383.77691650390625,473.7086486816406,91.1177978515625
6,13, Ф,1.0430963039398193,30.070005416870117,38.819183349609375,51.89303207397461,63.02231216430664,68.31562042236328,67.10852813720703,66.69960021972656,71.02459716796875,71.93193817138672,76.10555267333984,77.65215301513672,86.36976623535156,86.87230682373047,98.11348724365234,97.71577453613281,100.7589111328125,105.16785430908203,108.0653305053711,122.38236236572266,134.1969757080078,144.3861846923828,192.64154052734375,232.2335205078125,297.0476989746094,371.86846923828125,417.40130615234375,456.040283203125,101.98548889160156
6,14,ран,1.2006829977035522,32.600860595703125,47.30666732788086,62.593467712402344,80.11369323730469,85.69100952148438,82.41300201416016,81.13076782226562,84.38313293457031,86.0517807006836,89.79403686523438,92.02951049804688,95.375244140625,95.4046859741211,101.74483489990234,102.35163116455078,105.20097351074219,107.859375,110.50813293457031,122.60227966308594,140.826904296875,151.98843383789062,194.27423095703125,226.94984436035156,282.33746337890625,336.10693359375,371.614990234375,430.4505615234375,95.42168426513672
6,15,ции,1.1307114362716675,24.31467056274414,31.31935691833496,37.39259719848633,48.48606872558594,55.84016799926758,55.58332443237305,67.64459228515625,66.74076080322266,75.10244750976562,83.61956024169922,86.69563293457031,92.95805358886719,96.71800994873047,105.76667022705078,115.5262222290039,116.35507202148438,117.23595428466797,122.60377502441406,134.69390869140625,159.58929443359375,167.43524169921875,190.1204376220703,215.24159240722656,257.2678527832031,325.6678466796875,354.2674865722656,409.6411437988281,86.05846405029297
6,16, —,1.1400524377822876,36.34037399291992,42.283294677734375,47.455780029296875,54.06013488769531,57.540122985839844,56.708473205566406,58.905364990234375,65.20216369628906,69.04003143310547,74.19606018066406,79.02742004394531,80.3291015625,85.47669219970703,98.61426544189453,96.96652221679688,99.86373901367188,102.34530639648438,111.32514190673828,125.11659240722656,140.8373260498047,158.10194396972656,212.682373046875,244.62200927734375,295.4456787109375,375.4376220703125,409.4590148925781,483.56787109375,86.070556640625
7,0,Important,1.1783716678619385,46.49882888793945,1863.08203125,4860.958984375,4872.49169921875,4974.73828125,4992.052734375,5009.322265625,5034.45703125,5060.6533203125,5076.70654296875,5092.81103515625,5100.6103515625,5108.57080078125,5124.1796875,5132.34033203125,5132.33544921875,5124.48779296875,5116.44580078125,5116.5029296875,5116.33642578125,5100.06494140625,5096.26806640625,5071.140625,5027.6962890625,4920.806640625,4560.82080078125,2347.838623046875,106.19465637207031
7,1,:,1.267741084098816,38.50210189819336,44.76914978027344,54.13816833496094,57.81260299682617,72.96104431152344,68.5606689453125,67.67373657226562,68.38147735595703,71.5300521850586,81.74327087402344,87.9072265625,90.88655853271484,97.43546295166016,102.38748931884766,115.87054443359375,118.34036254882812,122.83745574951172,126.98779296875,135.9885711669922,150.7507781982422,177.24142456054688,230.4697723388672,254.95870971679688,318.555908203125,378.9713439941406,430.33343505859375,517.1995849609375,119.33841705322266
7,2, only,1.2666904926300049,38.137393951416016,44.768898010253906,52.55857849121094,57.85862350463867,65.02857208251953,61.62189483642578,61.57754898071289,68.15372467041016,69.02371978759766,75.36205291748047,78.58168029785156,84.06282806396484,87.07231140136719,92.85137939453125,95.54661560058594,103.32764434814453,107.94808197021484,116.54902648925781,132.60385131835938,164.99935913085938,181.1632537841797,237.8286590576172,270.63726806640625,321.9562072753906,387.05828857421875,421.6227722167969,520.749267578125,118.70730590820312
7,3, reply,1.29439115524292,35.469139099121094,49.46641540527344,53.35702133178711,59.78044509887695,71.6247329711914,67.60200500488281,72.39515686035156,78.3514404296875,82.41334533691406,87.3476791381836,89.5701675415039,93.30047607421875,95.82955932617188,105.55400085449219,110.3266830444336,120.29936981201172,124.10892486572266,132.82412719726562,148.7262725830078,165.66464233398438,176.6045684814453,218.17013549804688,242.69920349121094,284.898681640625,338.3919677734375,367.1341857910156,457.8430480957031,89.1662368774414
7,4, with,1.093935251235962,29.396379470825195,35.70683670043945,40.861846923828125,46.899330139160156,63.18809509277344,56.97604751586914,64.44827270507812,72.56703186035156,69.29127502441406,80.11357879638672,88.2651138305664,87.004638671875,90.72632598876953,99.53092956542969,102.36799621582031,111.82984924316406,115.21739196777344,119.26270294189453,135.1161651611328,149.439453125,164.62838745117188,208.00311279296875,237.75086975097656,273.0972595214844,328.0058898925781,350.6977233886719,424.43841552734375,94.6165771484375
7,5, a,1.1554327011108398,31.67827606201172,39.127716064453125,44.482810974121094,52.913124084472656,61.818180084228516,61.50901794433594,63.24978256225586,67.27364349365234,66.2881851196289,73.75804901123047,79.5561752319336,89.35774230957031,90.83990478515625,94.28053283691406,97.70512390136719,108.1028823852539,109.6672592163086,115.5425796508789,126.38809967041016,153.39111328125,165.61964416503906,206.96710205078125,236.45184326171875,270.1685791015625,327.984619140625,348.7591247558594,429.4622497558594,91.90447998046875
7,6, single,1.2509706020355225,29.112485885620117,36.98015213012695,41.922786712646484,45.58225631713867,60.65977096557617,57.22158432006836,57.4839973449707,62.75920104980469,65.50675201416016,70.3590087890625,72.38042449951172,81.73932647705078,83.59789276123047,88.78624725341797,89.57035827636719,102.59321594238281,102.77590942382812,107.60492706298828,116.7994384765625,141.77511596679688,151.866455078125,192.14639282226562,222.29701232910156,250.1350555419922,307.9478454589844,344.6665344238281,445.88592529296875,94.92352294921875
7,7, token,1.2459791898727417,31.451393127441406,38.570743560791016,40.9358024597168,48.187625885009766,67.14547729492188,60.889102935791016,60.59296798706055,69.7092056274414,76.72434997558594,85.15156555175781,87.00387573242188,93.0924301147461,96.65265655517578,102.73043823242188,108.02751922607422,113.29952239990234,110.8126220703125,116.50719451904297,124.35649871826172,147.74737548828125,158.86131286621094,188.34864807128906,203.50364685058594,225.13795471191406,277.2077941894531,316.3586120605469,398.6329650878906,92.65751647949219
7,8,".
",1.1500991582870483,28.654705047607422,34.94682312011719,40.66655349731445,47.398963928222656,55.06760025024414,60.441993713378906,60.54850769042969,61.834590911865234,63.98749542236328,67.91792297363281,81.70268249511719,82.0043716430664,84.80521392822266,99.34322357177734,101.92314147949219,107.34667205810547,105.30487823486328,110.87565612792969,123.220947265625,134.09539794921875,158.5657196044922,206.03651428222656,218.83108520507812,254.3050079345703,317.587646484375,338.2884826660156,416.3266296386719,109.89197540283203
7,9,フランス,1.0678647756576538,40.94721221923828,49.10091781616211,56.78420639038086,66.3808364868164,79.93711853027344,76.18484497070312,77.50765991210938,80.10356140136719,81.6250991821289,86.04666137695312,90.95921325683594,93.09526062011719,96.5633773803711,102.7433853149414,103.50862121582031,109.98380279541016,112.49541473388672,118.3887939453125,128.32614135742188,155.06231689453125,164.9525604248047,199.36273193359375,214.7851104736328,256.98919677734375,338.5270690917969,364.4815368652344,420.98590087890625,91.65538024902344
7,10,の,0.7616814374923706,32.9909553527832,42.03668212890625,51.172645568847656,64.9318618774414,74.90779876708984,69.5577163696289,72.62057495117188,74.20411682128906,79.10282135009766,82.51534271240234,88.60716247558594,92.1096420288086,91.38021850585938,97.66050720214844,100.25370025634766,106.36991119384766,109.6590347290039,109.6786880493164,117.2295913696289,134.9872283935547,146.30551147460938,187.5367889404297,213.631103515625,262.59100341796875,339.3534240722656,418.73175048828125,509.17724609375,100.8316879272461
7,11,首都,1.1199800968170166,36.49777603149414,45.890804290771484,56.71358108520508,67.48406982421875,80.36185455322266,77.53006744384766,81.3093032836914,85.65361022949219,88.52033233642578,93.07182312011719,95.00910186767578,100.80782318115234,104.0684814453125,111.90196228027344,116.46385955810547,124.4223861694336,123.71575927734375,131.40728759765625,142.54290771484375,173.5452880859375,178.21530151367188,215.3833770751953,245.63638305664062,284.4545593261719,355.3935852050781,403.66717529296875,475.6006774902344,100.3885726928711
7,12,は,0.8016569018363953,34.07670211791992,40.06686019897461,51.80937576293945,56.05172348022461,63.07052230834961,60.3607063293457,63.778175354003906,65.88571166992188,72.47889709472656,81.19426727294922,85.95174407958984,89.72439575195312,92.81847381591797,104.96748352050781,109.20216369628906,113.37840270996094,117.09494018554688,124.07937622070312,140.64349365234375,154.2561492919922,163.74075317382812,212.28970336914062,233.11265563964844,288.2879333496094,370.70220947265625,435.0223083496094,537.9232788085938,101.04734802246094
8,0,Important,1.1783716678619385,46.49882888793945,1863.08203125,4860.958984375,4872.49169921875,4974.73828125,4992.052734375,5009.322265625,5034.45703125,5060.6533203125,5076.70654296875,5092.81103515625,5100.6103515625,5108.57080078125,5124.1796875,5132.34033203125,5132.33544921875,5124.48779296875,5116.44580078125,5116.5029296875,5116.33642578125,5100.06494140625,5096.26806640625,5071.140625,5027.6962890625,4920.806640625,4560.82080078125,2347.838623046875,106.19465637207031
8,1,:,1.267741084098816,38.50210189819336,44.76914978027344,54.13816833496094,57.81260299682617,72.96104431152344,68.5606689453125,67.67373657226562,68.38147735595703,71.5300521850586,81.74327087402344,87.9072265625,90.88655853271484,97.43546295166016,102.38748931884766,115.87054443359375,118.34036254882812,122.83745574951172,126.98779296875,135.9885711669922,150.7507781982422,177.24142456054688,230.4697723388672,254.95870971679688,318.555908203125,378.9713439941406,430.33343505859375,517.1995849609375,119.33841705322266
8,2, only,1.2666904926300049,38.137393951416016,44.768898010253906,52.55857849121094,57.85862350463867,65.02857208251953,61.62189483642578,61.57754898071289,68.15372467041016,69.02371978759766,75.36205291748047,78.58168029785156,84.06282806396484,87.07231140136719,92.85137939453125,95.54661560058594,103.32764434814453,107.94808197021484,116.54902648925781,132.60385131835938,164.99935913085938,181.1632537841797,237.8286590576172,270.63726806640625,321.9562072753906,387.05828857421875,421.6227722167969,520.749267578125,118.70730590820312
8,3, reply,1.29439115524292,35.469139099121094,49.46641540527344,53.35702133178711,59.78044509887695,71.6247329711914,67.60200500488281,72.39515686035156,78.3514404296875,82.41334533691406,87.3476791381836,89.5701675415039,93.30047607421875,95.82955932617188,105.55400085449219,110.3266830444336,120.29936981201172,124.10892486572266,132.82412719726562,148.7262725830078,165.66464233398438,176.6045684814453,218.17013549804688,242.69920349121094,284.898681640625,338.3919677734375,367.1341857910156,457.8430480957031,89.1662368774414
8,4, with,1.093935251235962,29.396379470825195,35.70683670043945,40.861846923828125,46.899330139160156,63.18809509277344,56.97604751586914,64.44827270507812,72.56703186035156,69.29127502441406,80.11357879638672,88.2651138305664,87.004638671875,90.72632598876953,99.53092956542969,102.36799621582031,111.82984924316406,115.21739196777344,119.26270294189453,135.1161651611328,149.439453125,164.62838745117188,208.00311279296875,237.75086975097656,273.0972595214844,328.0058898925781,350.6977233886719,424.43841552734375,94.6165771484375
8,5, a,1.1554327011108398,31.67827606201172,39.127716064453125,44.482810974121094,52.913124084472656,61.818180084228516,61.50901794433594,63.24978256225586,67.27364349365234,66.2881851196289,73.75804901123047,79.5561752319336,89.35774230957031,90.83990478515625,94.28053283691406,97.70512390136719,108.1028823852539,109.6672592163086,115.5425796508789,126.38809967041016,153.39111328125,165.61964416503906,206.96710205078125,236.45184326171875,270.1685791015625,327.984619140625,348.7591247558594,429.4622497558594,91.90447998046875
8,6, single,1.2509706020355225,29.112485885620117,36.98015213012695,41.922786712646484,45.58225631713867,60.65977096557617,57.22158432006836,57.4839973449707,62.75920104980469,65.50675201416016,70.3590087890625,72.38042449951172,81.73932647705078,83.59789276123047,88.78624725341797,89.57035827636719,102.59321594238281,102.77590942382812,107.60492706298828,116.7994384765625,141.77511596679688,151.866455078125,192.14639282226562,222.29701232910156,250.1350555419922,307.9478454589844,344.6665344238281,445.88592529296875,94.92352294921875
8,7, token,1.2459791898727417,31.451393127441406,38.570743560791016,40.9358024597168,48.187625885009766,67.14547729492188,60.889102935791016,60.59296798706055,69.7092056274414,76.72434997558594,85.15156555175781,87.00387573242188,93.0924301147461,96.65265655517578,102.73043823242188,108.02751922607422,113.29952239990234,110.8126220703125,116.50719451904297,124.35649871826172,147.74737548828125,158.86131286621094,188.34864807128906,203.50364685058594,225.13795471191406,277.2077941894531,316.3586120605469,398.6329650878906,92.65751647949219
8,8,".
",1.1500991582870483,28.654705047607422,34.94682312011719,40.66655349731445,47.398963928222656,55.06760025024414,60.441993713378906,60.54850769042969,61.834590911865234,63.98749542236328,67.91792297363281,81.70268249511719,82.0043716430664,84.80521392822266,99.34322357177734,101.92314147949219,107.34667205810547,105.30487823486328,110.87565612792969,123.220947265625,134.09539794921875,158.5657196044922,206.03651428222656,218.83108520507812,254.3050079345703,317.587646484375,338.2884826660156,416.3266296386719,109.89197540283203
8,9,法国,1.0437195301055908,41.166194915771484,50.020389556884766,58.26621627807617,71.5477294921875,85.61437225341797,80.06681060791016,77.21443176269531,76.43013763427734,77.0248031616211,81.01486206054688,83.28490447998047,86.5217514038086,91.23687744140625,100.83027648925781,99.50519561767578,108.49703979492188,110.18657684326172,114.15880584716797,123.72867584228516,161.036376953125,175.32948303222656,217.85243225097656,255.64132690429688,306.6806640625,373.1304931640625,429.3641357421875,513.75390625,104.72622680664062
8,10,的,0.9440253973007202,35.1063232421875,43.22433090209961,52.43610382080078,63.73115539550781,69.4251480102539,64.13426208496094,67.45213317871094,69.87873077392578,73.8349838256836,84.20336151123047,86.8520278930664,91.13572692871094,92.42974090576172,102.19247436523438,100.62476348876953,114.41062927246094,112.94091796875,119.70024108886719,135.21359252929688,159.241943359375,179.93673706054688,230.90109252929688,278.10845947265625,348.0479736328125,421.893310546875,505.3590087890625,581.1089477539062,110.89665985107422
8,11,首,1.3094680309295654,35.5398063659668,45.47246170043945,61.54144287109375,69.41180419921875,78.33604431152344,75.62620544433594,81.98261260986328,90.12362670898438,90.64682006835938,94.41987609863281,96.56511688232422,100.37907409667969,103.64347076416016,112.05670166015625,112.44866943359375,119.07173156738281,122.17461395263672,125.45285034179688,137.1440887451172,164.66844177246094,168.28890991210938,210.46348571777344,269.72247314453125,321.93206787109375,378.8040771484375,440.18463134765625,492.98870849609375,97.1181640625
8,12,都是,1.0450204610824585,33.60441970825195,44.24129867553711,56.25896453857422,62.69527053833008,69.41439819335938,68.32140350341797,73.1775131225586,78.01473999023438,82.62184143066406,94.09490203857422,105.01398468017578,106.54621124267578,106.3468246459961,115.41844940185547,122.81290435791016,131.3082733154297,129.43727111816406,135.89443969726562,147.4781036376953,161.82559204101562,178.41998291015625,212.169189453125,252.96600341796875,317.34716796875,365.1123352050781,417.4404296875,513.4360961914062,100.34735870361328
9,0,Important,1.1783716678619385,46.49882888793945,1863.08203125,4860.958984375,4872.49169921875,4974.73828125,4992.052734375,5009.322265625,5034.45703125,5060.6533203125,5076.70654296875,5092.81103515625,5100.6103515625,5108.57080078125,5124.1796875,5132.34033203125,5132.33544921875,5124.48779296875,5116.44580078125,5116.5029296875,5116.33642578125,5100.06494140625,5096.26806640625,5071.140625,5027.6962890625,4920.806640625,4560.82080078125,2347.838623046875,106.19465637207031
9,1,:,1.267741084098816,38.50210189819336,44.76914978027344,54.13816833496094,57.81260299682617,72.96104431152344,68.5606689453125,67.67373657226562,68.38147735595703,71.5300521850586,81.74327087402344,87.9072265625,90.88655853271484,97.43546295166016,102.38748931884766,115.87054443359375,118.34036254882812,122.83745574951172,126.98779296875,135.9885711669922,150.7507781982422,177.24142456054688,230.4697723388672,254.95870971679688,318.555908203125,378.9713439941406,430.33343505859375,517.1995849609375,119.33841705322266
9,2, only,1.2666904926300049,38.137393951416016,44.768898010253906,52.55857849121094,57.85862350463867,65.02857208251953,61.62189483642578,61.57754898071289,68.15372467041016,69.02371978759766,75.36205291748047,78.58168029785156,84.06282806396484,87.07231140136719,92.85137939453125,95.54661560058594,103.32764434814453,107.94808197021484,116.54902648925781,132.60385131835938,164.99935913085938,181.1632537841797,237.8286590576172,270.63726806640625,321.9562072753906,387.05828857421875,421.6227722167969,520.749267578125,118.70730590820312
9,3, reply,1.29439115524292,35.469139099121094,49.46641540527344,53.35702133178711,59.78044509887695,71.6247329711914,67.60200500488281,72.39515686035156,78.3514404296875,82.41334533691406,87.3476791381836,89.5701675415039,93.30047607421875,95.82955932617188,105.55400085449219,110.3266830444336,120.29936981201172,124.10892486572266,132.82412719726562,148.7262725830078,165.66464233398438,176.6045684814453,218.17013549804688,242.69920349121094,284.898681640625,338.3919677734375,367.1341857910156,457.8430480957031,89.1662368774414
9,4, with,1.093935251235962,29.396379470825195,35.70683670043945,40.861846923828125,46.899330139160156,63.18809509277344,56.97604751586914,64.44827270507812,72.56703186035156,69.29127502441406,80.11357879638672,88.2651138305664,87.004638671875,90.72632598876953,99.53092956542969,102.36799621582031,111.82984924316406,115.21739196777344,119.26270294189453,135.1161651611328,149.439453125,164.62838745117188,208.00311279296875,237.75086975097656,273.0972595214844,328.0058898925781,350.6977233886719,424.43841552734375,94.6165771484375
9,5, a,1.1554327011108398,31.67827606201172,39.127716064453125,44.482810974121094,52.913124084472656,61.818180084228516,61.50901794433594,63.24978256225586,67.27364349365234,66.2881851196289,73.75804901123047,79.5561752319336,89.35774230957031,90.83990478515625,94.28053283691406,97.70512390136719,108.1028823852539,109.6672592163086,115.5425796508789,126.38809967041016,153.39111328125,165.61964416503906,206.96710205078125,236.45184326171875,270.1685791015625,327.984619140625,348.7591247558594,429.4622497558594,91.90447998046875
9,6, single,1.2509706020355225,29.112485885620117,36.98015213012695,41.922786712646484,45.58225631713867,60.65977096557617,57.22158432006836,57.4839973449707,62.75920104980469,65.50675201416016,70.3590087890625,72.38042449951172,81.73932647705078,83.59789276123047,88.78624725341797,89.57035827636719,102.59321594238281,102.77590942382812,107.60492706298828,116.7994384765625,141.77511596679688,151.866455078125,192.14639282226562,222.29701232910156,250.1350555419922,307.9478454589844,344.6665344238281,445.88592529296875,94.92352294921875
9,7, token,1.2459791898727417,31.451393127441406,38.570743560791016,40.9358024597168,48.187625885009766,67.14547729492188,60.889102935791016,60.59296798706055,69.7092056274414,76.72434997558594,85.15156555175781,87.00387573242188,93.0924301147461,96.65265655517578,102.73043823242188,108.02751922607422,113.29952239990234,110.8126220703125,116.50719451904297,124.35649871826172,147.74737548828125,158.86131286621094,188.34864807128906,203.50364685058594,225.13795471191406,277.2077941894531,316.3586120605469,398.6329650878906,92.65751647949219
9,8,".
",1.1500991582870483,28.654705047607422,34.94682312011719,40.66655349731445,47.398963928222656,55.06760025024414,60.441993713378906,60.54850769042969,61.834590911865234,63.98749542236328,67.91792297363281,81.70268249511719,82.0043716430664,84.80521392822266,99.34322357177734,101.92314147949219,107.34667205810547,105.30487823486328,110.87565612792969,123.220947265625,134.09539794921875,158.5657196044922,206.03651428222656,218.83108520507812,254.3050079345703,317.587646484375,338.2884826660156,416.3266296386719,109.89197540283203
9,9,프,1.0785259008407593,25.324504852294922,37.123294830322266,43.1068000793457,48.4530029296875,65.13288879394531,61.65019607543945,67.71691131591797,77.54756927490234,78.08589935302734,80.53450012207031,83.56383514404297,87.5900650024414,91.77985382080078,101.14018249511719,102.20594024658203,105.26935577392578,108.17656707763672,112.18614196777344,119.72904968261719,148.27883911132812,157.27944946289062,196.28746032714844,228.57455444335938,267.1461181640625,352.8341369628906,379.0191650390625,407.1249084472656,91.2451171875
9,10,랑,1.031334400177002,30.545190811157227,41.919593811035156,47.57659149169922,57.30204391479492,69.91893005371094,67.61582946777344,70.9645767211914,76.69967651367188,78.42347717285156,82.0782699584961,88.00028991699219,92.02460479736328,97.7121353149414,104.68412780761719,106.20037078857422,110.40323638916016,110.58181762695312,113.19001770019531,126.22911834716797,147.99168395996094,156.78565979003906,202.40390014648438,233.51480102539062,284.2420959472656,348.6885681152344,376.8149719238281,439.22845458984375,93.50016021728516
9,11,스,1.0375980138778687,30.054994583129883,39.72930145263672,47.64311218261719,58.235538482666016,68.92877960205078,68.29955291748047,70.97987365722656,76.69950866699219,78.50585174560547,83.0453872680664,89.5531997680664,94.2519760131836,97.35262298583984,102.43252563476562,104.1322250366211,108.6899185180664,110.28008270263672,115.77558898925781,128.02442932128906,150.43948364257812,160.7486114501953,205.3871307373047,235.5611114501953,298.0281677246094,365.440185546875,403.7359924316406,509.380615234375,97.25518035888672
9,12,의,0.7522229552268982,31.32701301574707,38.31749725341797,45.17921829223633,54.509159088134766,62.125667572021484,59.23623275756836,60.651344299316406,68.29869079589844,72.25081634521484,79.32380676269531,86.70494842529297,90.83866119384766,94.04552459716797,101.5170669555664,102.6628646850586,111.5992431640625,114.68535614013672,118.09979248046875,127.15684509277344,139.5601348876953,151.5111846923828,198.3983154296875,222.645263671875,295.0083923339844,364.9473876953125,431.0105895996094,562.7266235351562,98.09578704833984
9,13, 수도,1.0362082719802856,36.1473388671875,43.56098937988281,55.60733413696289,59.76641845703125,69.97206115722656,67.80276489257812,71.55525207519531,78.82066345214844,81.83779907226562,84.60446166992188,90.47256469726562,95.06726837158203,99.71723937988281,107.05158996582031,108.8265609741211,111.80713653564453,114.87125396728516,120.12744903564453,128.2798309326172,155.25048828125,163.27162170410156,197.64967346191406,217.78546142578125,262.37359619140625,343.7319641113281,380.34124755859375,451.457763671875,97.87020874023438
9,14,는,0.8907989859580994,28.850311279296875,34.60934829711914,51.009708404541016,57.40388107299805,61.64315414428711,60.62873458862305,62.226356506347656,64.09679412841797,66.0628433227539,72.21204376220703,77.3233871459961,79.94802856445312,84.48040008544922,97.8734130859375,95.64521789550781,99.06636047363281,104.93961334228516,114.64788818359375,125.99890899658203,134.70492553710938,148.8360137939453,207.3397216796875,227.8626251220703,299.7933654785156,378.895751953125,452.378173828125,556.9337768554688,101.08511352539062
10,0,Important,1.1783716678619385,46.50519943237305,1884.7991943359375,4877.078125,4888.6337890625,4990.873046875,5008.162109375,5025.43408203125,5050.5341796875,5076.69873046875,5092.857421875,5108.9541015625,5116.72607421875,5124.7080078125,5140.31689453125,5148.50830078125,5148.5,5140.6318359375,5132.61279296875,5132.61767578125,5132.49267578125,5116.16650390625,5112.3623046875,5087.224609375,5043.74267578125,4936.75732421875,4576.6962890625,2363.291015625,106.48084259033203
10,1,:,1.267741084098816,38.507591247558594,44.82778549194336,54.216087341308594,57.824649810791016,73.1138916015625,68.66204833984375,67.67271423339844,68.30883026123047,71.43328094482422,81.68028259277344,87.92638397216797,90.84112548828125,97.28594207763672,102.08895874023438,115.57491302490234,117.97105407714844,122.34415435791016,126.44668579101562,135.8544921875,150.5749969482422,176.48817443847656,229.99838256835938,254.70509338378906,318.00543212890625,378.3824768066406,430.2856750488281,518.1644897460938,119.29039764404297
10,2, only,1.2666904926300049,38.62466049194336,45.23072052001953,52.99082946777344,58.433773040771484,65.70242309570312,62.369728088378906,62.085731506347656,68.68563842773438,69.663330078125,76.05245208740234,79.1948013305664,84.7184066772461,87.67760467529297,93.48452758789062,95.90070343017578,103.85620880126953,108.31878662109375,117.06900024414062,133.37808227539062,165.47450256347656,181.24151611328125,237.27850341796875,270.023681640625,321.80340576171875,386.854248046875,420.0832824707031,520.143798828125,117.88484191894531
10,3, reply,1.29439115524292,35.42362594604492,49.427852630615234,53.268314361572266,59.88566970825195,71.6574478149414,67.51422119140625,72.49420166015625,78.66682434082031,82.85824584960938,87.48705291748047,89.62751007080078,93.34940338134766,95.67094421386719,105.5926513671875,110.47859954833984,121.12354278564453,124.43456268310547,133.1183319091797,148.9371795654297,165.9273223876953,176.73829650878906,217.77798461914062,242.75198364257812,284.2574462890625,337.9112854003906,366.412353515625,456.0860900878906,88.98602294921875
10,4, with,1.093935251235962,33.72688674926758,40.239566802978516,44.52842712402344,50.76570129394531,66.8506088256836,61.170352935791016,67.77926635742188,73.7765121459961,70.37921142578125,81.2199935913086,90.41797637939453,87.89262390136719,91.57928466796875,100.7813720703125,104.73904418945312,116.41742706298828,117.93973541259766,122.60514068603516,137.33555603027344,150.1116180419922,166.80313110351562,208.59228515625,237.66835021972656,272.67388916015625,326.92462158203125,350.472412109375,423.6830749511719,94.47516632080078
10,5, a,1.1554327011108398,31.21909523010254,38.675907135009766,44.30533981323242,52.892642974853516,61.084354400634766,61.238548278808594,63.756893157958984,67.5197525024414,67.09683227539062,74.619384765625,80.43128967285156,89.0271987915039,91.81558227539062,95.28022003173828,98.8526840209961,110.24949645996094,111.61388397216797,117.21854400634766,128.0794219970703,153.08694458007812,165.82919311523438,206.65565490722656,237.27622985839844,270.1584167480469,328.5568542480469,351.7891540527344,432.5210876464844,91.757080078125
10,6, single,1.2509706020355225,28.927356719970703,36.66506576538086,41.413604736328125,45.15431594848633,59.94951629638672,56.492149353027344,56.966758728027344,61.937137603759766,64.92091369628906,69.86929321289062,71.47721099853516,80.2420425415039,82.65338897705078,88.47769165039062,89.49979400634766,102.85084533691406,102.99419403076172,107.47535705566406,117.03691101074219,141.21522521972656,151.1752471923828,190.41567993164062,221.98977661132812,251.05264282226562,310.33660888671875,347.6224365234375,448.6737365722656,95.15998077392578
10,7, token,1.2459791898727417,29.717449188232422,37.17106246948242,40.10295867919922,47.35356903076172,65.1860122680664,59.28638458251953,59.220882415771484,69.32166290283203,74.49518585205078,81.52668762207031,84.11579895019531,90.14237976074219,94.1557388305664,100.32743072509766,105.79364013671875,112.13101196289062,109.8231201171875,115.81429290771484,125.70922088623047,147.86566162109375,160.29486083984375,190.844970703125,206.98248291015625,228.32249450683594,277.6214904785156,314.64715576171875,398.7859802246094,93.46011352539062
10,8,".
",1.1500991582870483,28.368467330932617,34.71490478515625,40.6268310546875,48.06706619262695,55.299015045166016,60.47517013549805,60.689510345458984,61.75657272338867,63.18229293823242,66.892822265625,80.82077026367188,80.92090606689453,85.73619079589844,100.7172622680664,105.47835540771484,105.84164428710938,105.72774505615234,111.33055877685547,124.40620422363281,135.85653686523438,162.9919891357422,211.7279052734375,223.5226287841797,260.45294189453125,324.653564453125,345.2078857421875,428.3271484375,111.79656219482422
10,9,De,1.1517490148544312,29.5757999420166,37.58954620361328,41.11627960205078,51.795387268066406,60.30492401123047,61.23227310180664,63.06187438964844,70.91303253173828,74.24203491210938,77.24573516845703,80.7970199584961,81.59618377685547,85.86864471435547,100.07819366455078,98.33384704589844,100.72811889648438,101.77439880371094,105.75166320800781,114.96643829345703,137.4132843017578,154.4583282470703,191.4845428466797,235.35984802246094,302.1140441894531,390.22552490234375,421.22003173828125,481.1464538574219,102.86842346191406
10,10, hoof,1.2973695993423462,36.200775146484375,44.595558166503906,55.094024658203125,71.52002716064453,82.0226058959961,79.21138763427734,79.81523132324219,82.11741638183594,84.71243286132812,88.35343170166016,91.36856842041016,95.48808288574219,97.24810028076172,103.18770599365234,105.44292449951172,109.78986358642578,112.53488159179688,114.97634887695312,126.53485870361328,144.05841064453125,151.17605590820312,188.07994079589844,219.48614501953125,254.47523498535156,318.276123046875,356.72210693359375,394.5954895019531,88.35018920898438
10,11,dst,1.2792249917984009,32.59202194213867,43.02062225341797,53.4062614440918,69.02062225341797,91.82861328125,91.82920837402344,93.1884994506836,90.39582824707031,89.72645568847656,88.85360717773438,92.6562271118164,95.63583374023438,97.99584197998047,105.53048706054688,106.41280364990234,112.02054595947266,114.57178497314453,115.1388168334961,128.0898895263672,145.53543090820312,150.63995361328125,184.4452667236328,225.27984619140625,281.5893859863281,336.416015625,369.53216552734375,408.67218017578125,89.80583953857422
10,12,ad,1.296266794204712,27.254867553710938,36.957359313964844,46.6622428894043,60.429962158203125,76.37033081054688,72.48631286621094,70.25262451171875,70.34709930419922,71.6154556274414,79.1708755493164,87.5824203491211,92.77241516113281,93.00727081298828,99.35810852050781,101.71673583984375,106.58203887939453,109.22364807128906,112.85372924804688,124.93136596679688,141.70346069335938,144.03372192382812,182.78445434570312,216.70285034179688,261.9039001464844,333.0290832519531,372.9980163574219,455.03411865234375,96.64630889892578
10,13, van,1.3249338865280151,31.300168991088867,40.47486114501953,48.93943405151367,56.80403137207031,67.14814758300781,63.36959457397461,62.74314880371094,68.5693130493164,70.72901916503906,73.09061431884766,81.04204559326172,86.20480346679688,87.99188995361328,97.5014877319336,99.10814666748047,102.91607666015625,106.96627044677734,111.04855346679688,119.99806213378906,128.9608917236328,143.27085876464844,196.46913146972656,218.35154724121094,269.1105041503906,353.7919616699219,409.5733337402344,508.5760192871094,103.82437896728516
10,14, Frank,1.2273372411727905,27.294925689697266,39.84632110595703,56.214630126953125,61.922203063964844,66.79745483398438,67.0792236328125,67.16571044921875,72.92720794677734,73.2832260131836,76.6563491821289,79.18952178955078,87.66246032714844,90.73087310791016,99.96138763427734,100.31633758544922,110.20635986328125,109.34921264648438,117.55726623535156,127.33399963378906,142.7753448486328,149.01144409179688,207.5570068359375,248.86688232421875,288.0155334472656,346.6376037597656,379.68756103515625,446.49951171875,94.29756927490234
10,15,rijk,1.3587501049041748,38.624290466308594,46.45918273925781,55.4836311340332,62.53385925292969,68.84593200683594,69.31932067871094,73.91728210449219,76.74410247802734,80.13150787353516,82.9983901977539,86.25039672851562,91.55426788330078,96.66728973388672,106.24038696289062,108.83914947509766,118.63481140136719,116.14252471923828,122.31917572021484,132.84933471679688,160.40240478515625,166.99432373046875,197.2127685546875,220.8890380859375,264.9754333496094,341.86419677734375,378.7501525878906,469.82403564453125,97.33574676513672
10,16, is,1.0590819120407104,29.505237579345703,41.57899856567383,45.64129638671875,54.90542221069336,58.15998840332031,56.529701232910156,61.49940490722656,62.708526611328125,66.17574310302734,74.9336166381836,81.02774810791016,88.62692260742188,90.99131774902344,101.7770004272461,104.26329040527344,110.80110168457031,109.58159637451172,117.03363037109375,133.16860961914062,132.28550720214844,143.48629760742188,191.05715942382812,215.55078125,278.1377258300781,361.0713195800781,425.9272155761719,532.245849609375,105.56951141357422
11,0,Important,1.1783716678619385,46.49882888793945,1863.08203125,4860.958984375,4872.49169921875,4974.73828125,4992.052734375,5009.322265625,5034.45703125,5060.6533203125,5076.70654296875,5092.81103515625,5100.6103515625,5108.57080078125,5124.1796875,5132.34033203125,5132.33544921875,5124.48779296875,5116.44580078125,5116.5029296875,5116.33642578125,5100.06494140625,5096.26806640625,5071.140625,5027.6962890625,4920.806640625,4560.82080078125,2347.838623046875,106.19465637207031
11,1,:,1.267741084098816,38.50210189819336,44.76914978027344,54.13816833496094,57.81260299682617,72.96104431152344,68.5606689453125,67.67373657226562,68.38147735595703,71.5300521850586,81.74327087402344,87.9072265625,90.88655853271484,97.43546295166016,102.38748931884766,115.87054443359375,118.34036254882812,122.83745574951172,126.98779296875,135.9885711669922,150.7507781982422,177.24142456054688,230.4697723388672,254.95870971679688,318.555908203125,378.9713439941406,430.33343505859375,517.1995849609375,119.33841705322266
11,2, only,1.2666904926300049,38.137393951416016,44.768898010253906,52.55857849121094,57.85862350463867,65.02857208251953,61.62189483642578,61.57754898071289,68.15372467041016,69.02371978759766,75.36205291748047,78.58168029785156,84.06282806396484,87.07231140136719,92.85137939453125,95.54661560058594,103.32764434814453,107.94808197021484,116.54902648925781,132.60385131835938,164.99935913085938,181.1632537841797,237.8286590576172,270.63726806640625,321.9562072753906,387.05828857421875,421.6227722167969,520.749267578125,118.70730590820312
11,3, reply,1.29439115524292,35.469139099121094,49.46641540527344,53.35702133178711,59.78044509887695,71.6247329711914,67.60200500488281,72.39515686035156,78.3514404296875,82.41334533691406,87.3476791381836,89.5701675415039,93.30047607421875,95.82955932617188,105.55400085449219,110.3266830444336,120.29936981201172,124.10892486572266,132.82412719726562,148.7262725830078,165.66464233398438,176.6045684814453,218.17013549804688,242.69920349121094,284.898681640625,338.3919677734375,367.1341857910156,457.8430480957031,89.1662368774414
11,4, with,1.093935251235962,29.396379470825195,35.70683670043945,40.861846923828125,46.899330139160156,63.18809509277344,56.97604751586914,64.44827270507812,72.56703186035156,69.29127502441406,80.11357879638672,88.2651138305664,87.004638671875,90.72632598876953,99.53092956542969,102.36799621582031,111.82984924316406,115.21739196777344,119.26270294189453,135.1161651611328,149.439453125,164.62838745117188,208.00311279296875,237.75086975097656,273.0972595214844,328.0058898925781,350.6977233886719,424.43841552734375,94.6165771484375
11,5, a,1.1554327011108398,31.67827606201172,39.127716064453125,44.482810974121094,52.913124084472656,61.818180084228516,61.50901794433594,63.24978256225586,67.27364349365234,66.2881851196289,73.75804901123047,79.5561752319336,89.35774230957031,90.83990478515625,94.28053283691406,97.70512390136719,108.1028823852539,109.6672592163086,115.5425796508789,126.38809967041016,153.39111328125,165.61964416503906,206.96710205078125,236.45184326171875,270.1685791015625,327.984619140625,348.7591247558594,429.4622497558594,91.90447998046875
11,6, single,1.2509706020355225,29.112485885620117,36.98015213012695,41.922786712646484,45.58225631713867,60.65977096557617,57.22158432006836,57.4839973449707,62.75920104980469,65.50675201416016,70.3590087890625,72.38042449951172,81.73932647705078,83.59789276123047,88.78624725341797,89.57035827636719,102.59321594238281,102.77590942382812,107.60492706298828,116.7994384765625,141.77511596679688,151.866455078125,192.14639282226562,222.29701232910156,250.1350555419922,307.9478454589844,344.6665344238281,445.88592529296875,94.92352294921875
11,7, token,1.2459791898727417,31.451393127441406,38.570743560791016,40.9358024597168,48.187625885009766,67.14547729492188,60.889102935791016,60.59296798706055,69.7092056274414,76.72434997558594,85.15156555175781,87.00387573242188,93.0924301147461,96.65265655517578,102.73043823242188,108.02751922607422,113.29952239990234,110.8126220703125,116.50719451904297,124.35649871826172,147.74737548828125,158.86131286621094,188.34864807128906,203.50364685058594,225.13795471191406,277.2077941894531,316.3586120605469,398.6329650878906,92.65751647949219
11,8,".
",1.1500991582870483,28.654705047607422,34.94682312011719,40.66655349731445,47.398963928222656,55.06760025024414,60.441993713378906,60.54850769042969,61.834590911865234,63.98749542236328,67.91792297363281,81.70268249511719,82.0043716430664,84.80521392822266,99.34322357177734,101.92314147949219,107.34667205810547,105.30487823486328,110.87565612792969,123.220947265625,134.09539794921875,158.5657196044922,206.03651428222656,218.83108520507812,254.3050079345703,317.587646484375,338.2884826660156,416.3266296386719,109.89197540283203
11,9,Frank,1.1641634702682495,31.603015899658203,39.489540100097656,60.67797088623047,63.07886505126953,69.37904357910156,71.51615905761719,70.81563568115234,73.4367904663086,74.66748809814453,77.47837829589844,78.76604461669922,84.19011688232422,87.09300994873047,100.5721206665039,96.27510070800781,97.73628997802734,99.94869995117188,104.06057739257812,115.3281478881836,138.5260009765625,150.01260375976562,194.56582641601562,240.4590606689453,288.01531982421875,360.00213623046875,406.18756103515625,483.4640197753906,96.94467163085938
11,10,rikes,1.2149757146835327,37.187889099121094,47.76277160644531,51.144874572753906,58.51780319213867,68.52486419677734,68.14628601074219,68.25521850585938,73.5985336303711,76.1253433227539,79.92652893066406,83.18997955322266,88.14698791503906,90.9330825805664,98.15445709228516,99.62359619140625,109.09230041503906,109.75984191894531,115.77003479003906,130.99008178710938,150.2418670654297,163.87451171875,199.25631713867188,239.7626953125,283.3482360839844,355.17218017578125,389.1932678222656,440.0472412109375,109.49468994140625
11,11, h,1.178210735321045,32.08381271362305,42.2421989440918,48.34877395629883,55.12013626098633,62.327186584472656,62.900028228759766,65.4210205078125,69.70403289794922,72.29116821289062,81.34674835205078,79.8498764038086,89.31352996826172,91.84351348876953,103.67536163330078,104.22979736328125,107.93798065185547,107.37078857421875,109.03932189941406,122.50236511230469,132.76638793945312,145.1141357421875,180.603759765625,244.82275390625,309.2442932128906,383.82537841796875,428.07232666015625,485.7713928222656,94.78030395507812
11,12,uv,1.3252325057983398,35.8681755065918,45.48178482055664,59.70625305175781,72.06831359863281,74.84222412109375,73.73059844970703,74.37003326416016,79.44239807128906,82.16500854492188,85.4853286743164,87.92069244384766,90.94001007080078,92.5206298828125,101.88219451904297,101.64039611816406,104.7143783569336,106.343994140625,110.85370635986328,117.6848373413086,140.5306396484375,147.09278869628906,191.35777282714844,251.66905212402344,289.7672424316406,326.92584228515625,366.7370910644531,414.0635986328125,89.63311767578125
11,13,ud,1.3355859518051147,32.11147689819336,44.53548812866211,58.14645004272461,85.28961181640625,85.28954315185547,80.3459701538086,74.9573974609375,76.8075942993164,80.62298583984375,84.83663940429688,87.86058807373047,94.21550750732422,94.56702423095703,102.05778503417969,105.25222778320312,109.87372589111328,110.3760757446289,113.97163391113281,120.40758514404297,134.6884307861328,139.175537109375,166.76490783691406,202.67767333984375,224.9244384765625,288.1349792480469,348.75115966796875,432.1777648925781,104.4317855834961
11,14,stad,1.4761912822723389,28.468708038330078,36.37851333618164,42.03876876831055,55.62652587890625,60.97393798828125,59.2539176940918,66.60098266601562,71.83496856689453,75.03787231445312,79.30388641357422,83.61080932617188,85.25399780273438,87.35057830810547,96.3321304321289,101.50456237792969,105.0789566040039,106.88050842285156,110.38179779052734,121.29176330566406,140.24642944335938,147.17616271972656,191.5777130126953,220.3220672607422,256.92926025390625,319.8936462402344,363.4180908203125,437.8591613769531,97.59080505371094
11,15, är,0.907597541809082,34.49834060668945,41.324913024902344,49.093299865722656,57.111854553222656,64.57878112792969,65.22828674316406,65.0922622680664,68.96932983398438,77.90210723876953,81.8236312866211,84.39740753173828,85.80830383300781,89.21861267089844,98.72001647949219,104.30912017822266,111.0272216796875,113.17251586914062,116.2405014038086,124.67037200927734,136.71337890625,155.55247497558594,199.8381805419922,217.43650817871094,255.01071166992188,341.2637939453125,406.88201904296875,511.0258483886719,103.14801025390625
