prompt_idx,token_pos,token_text,delta_000_to_001,delta_001_to_002,delta_002_to_003,delta_003_to_004,delta_004_to_005,delta_005_to_006,delta_006_to_007,delta_007_to_008,delta_008_to_009,delta_009_to_010,delta_010_to_011,delta_011_to_012,delta_012_to_013,delta_013_to_014,delta_014_to_015,delta_015_to_016,delta_016_to_017,delta_017_to_018,delta_018_to_019,delta_019_to_020,delta_020_to_021,delta_021_to_022,delta_022_to_023,delta_023_to_024,delta_024_to_025,delta_025_to_026,delta_026_to_027,delta_027_to_028,delta_028_to_029,delta_029_to_030,delta_030_to_031,delta_031_to_032,delta_032_to_033,delta_033_to_034,delta_034_to_035,delta_035_to_036,delta_036_to_037,delta_037_to_038,delta_038_to_039,delta_039_to_040,delta_040_to_041,delta_041_to_042,delta_042_to_043,delta_043_to_044,delta_044_to_045,delta_045_to_046,delta_046_to_047,delta_047_to_048,delta_048_to_049,delta_049_to_050,delta_050_to_051,delta_051_to_052,delta_052_to_053,delta_053_to_054,delta_054_to_055,delta_055_to_056,delta_056_to_057,delta_057_to_058,delta_058_to_059,delta_059_to_060,delta_060_to_061,delta_061_to_062,delta_062_to_063,delta_063_to_064
0,0,The,68.76312255859375,59.21368408203125,41.572021484375,39.446720123291016,17375.859375,9900.5908203125,3130.3857421875,29.21635627746582,187.28451538085938,23.238636016845703,301.0015563964844,21.69784927368164,136.08108520507812,30.454030990600586,40.68977737426758,57.318450927734375,34.61113739013672,28.656545639038086,21.506980895996094,64.61585998535156,35.45481491088867,26.601226806640625,141.36691284179688,40.18537521362305,19.11133575439453,27.801532745361328,28.93468475341797,46.497520446777344,46.67789840698242,35.609291076660156,28.984521865844727,46.25530242919922,61.05482482910156,140.3009796142578,51.682926177978516,297.4945068359375,66.362060546875,201.9181365966797,412.27960205078125,197.5082244873047,185.770751953125,185.87295532226562,207.82656860351562,61.71224594116211,44.42527389526367,32.6334342956543,32.542728424072266,35.28879165649414,30.966381072998047,80.42793273925781,48.88660430908203,46.842185974121094,52.099395751953125,50.883460998535156,47.35399627685547,52.194942474365234,192.05982971191406,199.62722778320312,310.9961853027344,818.7969970703125,6927.68212890625,2093.469482421875,4636.60400390625,18118.314453125
0,1, capital,73.20962524414062,19.603971481323242,19.831886291503906,27.542098999023438,38.10002517700195,30.79096794128418,32.183406829833984,43.083492279052734,70.06717681884766,51.93344497680664,49.04720687866211,47.95960998535156,51.925933837890625,53.21854782104492,52.5389404296875,52.87859344482422,47.888214111328125,42.67881774902344,42.16326904296875,40.065635681152344,39.618385314941406,40.78410720825195,38.4580192565918,36.59281921386719,32.08544158935547,35.805946350097656,38.984046936035156,39.97429275512695,40.229400634765625,39.95949172973633,69.0526123046875,46.863529205322266,55.04482650756836,54.294891357421875,49.19546890258789,46.73048400878906,43.01464080810547,45.09576416015625,40.93928527832031,43.4642448425293,43.678592681884766,43.33500289916992,52.24873733520508,56.916534423828125,64.40744018554688,57.84962463378906,89.24974822998047,62.899044036865234,72.07977294921875,181.1079864501953,110.9947509765625,211.4529266357422,148.6038055419922,172.23497009277344,183.00619506835938,211.6490936279297,205.32688903808594,238.7205352783203,239.70440673828125,289.2767333984375,319.60394287109375,464.2885437011719,833.9478759765625,2096.258056640625
0,2, of,60.471256256103516,17.451095581054688,16.29849624633789,22.45549774169922,35.82942199707031,29.618144989013672,31.46889305114746,37.244384765625,72.44174194335938,60.59075164794922,47.57990264892578,50.112335205078125,56.88323974609375,56.66254806518555,58.231163024902344,61.31678771972656,56.7921142578125,51.79506301879883,49.842220306396484,48.900264739990234,50.066864013671875,50.828224182128906,46.10708999633789,45.1109619140625,40.6313362121582,45.138671875,50.348350524902344,51.501609802246094,52.29985809326172,52.376033782958984,59.899444580078125,54.002201080322266,72.28546905517578,68.73540496826172,65.0372543334961,62.51398468017578,61.5608024597168,57.52509307861328,57.499996185302734,53.754364013671875,52.15132141113281,54.57564926147461,65.477294921875,67.24009704589844,85.61387634277344,69.5693359375,81.53705596923828,87.7119140625,104.59729766845703,136.4719696044922,123.48970794677734,144.85414123535156,133.6638946533203,138.4196319580078,152.4749298095703,145.68133544921875,153.65103149414062,181.41229248046875,187.48117065429688,220.77175903320312,258.0953674316406,401.29998779296875,773.9019165039062,1968.4710693359375
0,3, France,51.09894943237305,14.703580856323242,24.745176315307617,21.764278411865234,41.570526123046875,36.441749572753906,27.72304344177246,28.0620174407959,42.296104431152344,36.45645523071289,46.18635177612305,46.3356819152832,57.942569732666016,61.27592468261719,59.08932876586914,76.88993072509766,65.83509826660156,55.76214599609375,50.35517501831055,53.16371154785156,48.72836685180664,48.600555419921875,50.23069763183594,44.413780212402344,43.365562438964844,44.6252326965332,50.912445068359375,49.419681549072266,48.13648986816406,47.6540412902832,51.992156982421875,54.504058837890625,80.57180786132812,63.49686050415039,62.83477020263672,65.21044921875,67.06217193603516,62.373626708984375,61.943153381347656,51.680419921875,55.666595458984375,51.930213928222656,59.059085845947266,72.85450744628906,79.02400970458984,77.08866119384766,68.7923355102539,73.7240219116211,83.72289276123047,122.9074935913086,95.39159393310547,111.64118957519531,92.85026550292969,101.58503723144531,97.1705093383789,130.4666290283203,143.78065490722656,130.036376953125,134.3292694091797,201.00917053222656,200.85626220703125,335.9581298828125,878.1450805664062,1939.080810546875
0,4, is,49.94291305541992,21.40409278869629,14.320636749267578,19.539752960205078,36.95724868774414,33.039363861083984,31.94472885131836,32.895999908447266,45.137699127197266,54.290496826171875,41.262611389160156,44.91571044921875,62.71815872192383,56.15447235107422,57.989723205566406,65.44647216796875,70.22053527832031,59.38706970214844,52.784324645996094,55.54862976074219,56.498565673828125,55.5162239074707,50.258567810058594,48.83498001098633,46.869041442871094,51.09870147705078,63.90273666381836,59.70427703857422,63.50377655029297,66.30889892578125,65.58385467529297,63.372989654541016,80.4876480102539,77.46028900146484,73.43440246582031,64.73177337646484,72.02177429199219,65.6926498413086,61.06440353393555,55.359710693359375,59.49290084838867,58.713436126708984,68.29743194580078,72.43238067626953,81.52583312988281,77.00775909423828,78.62384033203125,89.87600708007812,90.6156005859375,114.67035675048828,104.97265625,156.514892578125,122.26561737060547,135.77810668945312,149.5616455078125,180.87330627441406,175.60096740722656,164.8498992919922,185.20770263671875,240.810302734375,248.22459411621094,354.5879821777344,844.6807250976562,1978.441650390625
1,0,Die,84.72930908203125,32.86078643798828,38.143577575683594,63.78768539428711,14395.7314453125,9915.6279296875,3129.885986328125,70.70024871826172,151.12646484375,23.403921127319336,300.7974548339844,21.234392166137695,136.55538940429688,30.26261329650879,39.52086639404297,57.299354553222656,33.65046691894531,28.54098129272461,21.33955955505371,64.27462005615234,35.05864715576172,26.602575302124023,141.24163818359375,40.23580551147461,19.145463943481445,27.421037673950195,28.67636489868164,46.562889099121094,46.44038009643555,35.480464935302734,28.96143341064453,46.27045440673828,61.063385009765625,140.1803741455078,51.699615478515625,297.30877685546875,64.44634246826172,201.2296905517578,412.2223815917969,197.7129364013672,185.75119018554688,186.02294921875,207.34646606445312,57.987037658691406,44.26933288574219,32.52132034301758,31.786052703857422,34.83671188354492,31.190216064453125,78.00188446044922,46.574737548828125,47.643043518066406,50.47007369995117,51.30140686035156,48.00961685180664,53.27042770385742,191.35296630859375,198.87380981445312,310.5090637207031,644.1172485351562,6593.13134765625,1978.9874267578125,3795.1728515625,16566.158203125
1,1, Haupt,76.89654541015625,21.466381072998047,25.109018325805664,44.74090576171875,48.98259353637695,42.58580780029297,83.84532928466797,39.058509826660156,52.334964752197266,59.14717102050781,50.54789733886719,50.439231872558594,64.2174072265625,58.74468231201172,56.231658935546875,52.719322204589844,50.85321044921875,44.91314697265625,50.86115646362305,51.30513000488281,39.674827575683594,41.98931884765625,37.345088958740234,41.699798583984375,34.353271484375,32.98639678955078,37.11888122558594,39.62471389770508,41.53628921508789,41.556270599365234,42.32004928588867,42.8113899230957,57.24681091308594,50.09209442138672,48.51755142211914,48.41664505004883,42.98436737060547,47.06170654296875,45.249290466308594,48.98925018310547,50.57306671142578,34.810630798339844,43.42546081542969,43.08832931518555,56.209503173828125,62.284297943115234,59.53926467895508,69.25082397460938,67.70222473144531,124.17134094238281,117.57316589355469,171.8188018798828,163.75436401367188,172.28517150878906,163.41282653808594,182.09597778320312,204.95413208007812,200.55674743652344,228.2528533935547,284.1558532714844,390.25439453125,540.5263671875,884.8378295898438,1977.450927734375
1,2,stadt,67.64680480957031,19.13001251220703,23.608570098876953,43.3846549987793,66.73544311523438,48.01613998413086,90.31344604492188,38.436336517333984,75.465576171875,48.704559326171875,48.9987678527832,58.72502517700195,67.84020233154297,58.89581298828125,61.56192398071289,70.59075164794922,64.41858673095703,54.29810333251953,52.8470573425293,50.96505355834961,51.077857971191406,51.583038330078125,51.16476821899414,48.641353607177734,44.02607345581055,48.37088394165039,52.227874755859375,55.540313720703125,58.29264831542969,56.49982833862305,52.606937408447266,58.00415802001953,70.22139739990234,60.0099983215332,56.159568786621094,54.25341796875,52.751853942871094,52.66353225708008,53.527000427246094,54.68659210205078,51.06425476074219,48.19016647338867,61.203948974609375,59.47137451171875,70.06927490234375,77.29569244384766,67.73944091796875,89.63727569580078,83.5001220703125,102.63101959228516,93.72935485839844,148.61134338378906,124.48838806152344,121.62093353271484,135.12086486816406,147.75186157226562,216.54205322265625,215.5579376220703,248.55189514160156,312.12109375,422.8050537109375,532.9223022460938,1066.2149658203125,2207.40625
1,3, von,61.281490325927734,20.53237533569336,25.298158645629883,30.142601013183594,33.678897857666016,39.76041793823242,22.633808135986328,26.140575408935547,40.417598724365234,60.956939697265625,43.36738204956055,61.23908996582031,74.82244873046875,62.257530212402344,72.55766296386719,72.05280303955078,63.68487548828125,55.57502365112305,55.73677444458008,47.103858947753906,47.224159240722656,50.99259567260742,48.65371322631836,46.06259536743164,45.42473220825195,45.083797454833984,54.009029388427734,62.7398681640625,59.01405334472656,62.513710021972656,58.314056396484375,65.84382629394531,82.4616928100586,77.486328125,70.47098541259766,60.27150344848633,65.23870086669922,59.16275405883789,62.83656692504883,52.72855758666992,53.70916748046875,51.18970489501953,55.378265380859375,59.45439910888672,71.5300064086914,71.04010009765625,84.78631591796875,89.46559143066406,94.78262329101562,118.60799407958984,114.66830444335938,129.07176208496094,119.18175506591797,139.5444793701172,137.4512481689453,173.49609375,221.02957153320312,243.163330078125,260.20166015625,345.1666564941406,444.3378601074219,526.591552734375,909.8070678710938,2088.84375
1,4, Frank,72.0113525390625,21.679189682006836,22.560739517211914,33.36349868774414,43.07573318481445,30.399145126342773,54.12409210205078,48.027339935302734,59.85918426513672,45.73332214355469,56.425411224365234,51.84562301635742,53.64348220825195,52.629276275634766,46.40694808959961,46.4318733215332,50.32109069824219,40.871036529541016,41.30015563964844,54.28232955932617,48.862091064453125,46.23041534423828,47.45316696166992,39.43830490112305,34.877586364746094,36.389549255371094,43.93874740600586,49.26548767089844,45.85789108276367,47.14122772216797,49.77946090698242,49.843833923339844,56.55036926269531,48.97125244140625,49.84345626831055,49.36444091796875,46.02294921875,48.74287033081055,42.22998809814453,38.842166900634766,42.04979705810547,40.901920318603516,47.5474739074707,52.98903274536133,64.89205932617188,53.65250778198242,55.22315979003906,55.98996353149414,63.891136169433594,119.21284484863281,112.14167785644531,140.00120544433594,143.55101013183594,144.73861694335938,133.24111938476562,194.71463012695312,218.32542419433594,202.7980194091797,191.02978515625,222.7748260498047,271.7763366699219,355.1329040527344,681.2964477539062,1657.477783203125
1,5,reich,64.87267303466797,18.61688995361328,21.398942947387695,35.53972244262695,60.32209014892578,35.823036193847656,36.15079116821289,44.171356201171875,83.268798828125,65.97574615478516,67.99440002441406,60.03349304199219,70.92633056640625,68.20890808105469,62.16172790527344,76.93709564208984,68.13245391845703,55.78632354736328,53.077613830566406,54.678951263427734,55.39849090576172,54.94925308227539,50.563533782958984,43.948768615722656,44.220149993896484,44.287899017333984,50.585487365722656,49.46653747558594,54.64970016479492,49.98746871948242,55.14303970336914,58.04020309448242,68.53437042236328,57.15979766845703,58.85917282104492,56.96437072753906,63.27128601074219,56.80276107788086,53.21461486816406,49.29159164428711,57.04533004760742,51.682403564453125,58.57004165649414,72.42400360107422,87.4902572631836,81.99210357666016,78.3615951538086,91.16224670410156,86.61743927001953,125.51360321044922,103.24381256103516,135.38027954101562,112.42558288574219,110.27725219726562,143.46620178222656,167.75892639160156,184.24966430664062,176.8873291015625,229.25331115722656,349.4716491699219,392.39959716796875,466.8274230957031,919.2963256835938,2003.397705078125
1,6, ist,61.26321792602539,20.78814125061035,22.398996353149414,33.881954193115234,41.7397575378418,23.599681854248047,28.431095123291016,25.885698318481445,42.99502944946289,48.768550872802734,43.69968032836914,43.62797164916992,60.343074798583984,51.69001388549805,52.22502517700195,74.17998504638672,65.08323669433594,54.0755615234375,47.081878662109375,47.51591491699219,52.10343551635742,50.42771530151367,59.62778091430664,55.22450637817383,42.81672668457031,47.7263298034668,55.61884689331055,56.32164001464844,58.45135498046875,56.3631591796875,54.59873962402344,58.84943771362305,71.98026275634766,67.11512756347656,65.82879638671875,58.06210708618164,65.40322875976562,57.18968200683594,48.69670486450195,49.55918502807617,54.94877243041992,47.98579025268555,54.699092864990234,63.63603973388672,80.33889770507812,75.40767669677734,78.85332489013672,87.74793243408203,86.24958038330078,125.54065704345703,104.00466918945312,161.59408569335938,132.5054168701172,133.72850036621094,156.74082946777344,195.44354248046875,198.58724975585938,192.7704620361328,217.5653839111328,378.8182373046875,357.07080078125,522.3131713867188,937.1388549804688,2010.84521484375
2,0,La,81.49627685546875,43.802574157714844,44.990943908691406,58.19552230834961,15899.107421875,9769.990234375,3129.84423828125,29.532075881958008,187.20474243164062,23.4354248046875,301.1421813964844,21.689289093017578,135.9993133544922,30.254714965820312,39.942745208740234,56.44404602050781,34.043548583984375,28.64692497253418,21.278976440429688,64.53059387207031,35.353172302246094,26.702953338623047,141.2473602294922,40.126747131347656,19.203550338745117,27.73517608642578,28.928529739379883,46.4572868347168,46.48841857910156,35.4458122253418,28.88983726501465,46.237518310546875,61.073638916015625,140.1954803466797,51.652347564697266,297.26898193359375,64.48303985595703,201.61141967773438,412.2005310058594,197.00814819335938,185.69981384277344,185.66265869140625,207.62493896484375,61.71839904785156,44.24216842651367,32.579078674316406,31.745502471923828,34.60636901855469,30.858976364135742,78.83403015136719,48.088680267333984,46.17955017089844,51.568031311035156,49.95730972290039,47.008689880371094,51.87677001953125,191.84530639648438,199.27374267578125,310.6086730957031,731.7005615234375,6679.4326171875,1987.073486328125,4247.4404296875,17270.80859375
2,1, capit,71.54952239990234,21.341691970825195,24.05049705505371,39.12895584106445,70.41651916503906,42.71685791015625,45.706871032714844,38.62236022949219,58.875579833984375,54.03601837158203,54.89870834350586,48.416988372802734,49.931663513183594,50.579708099365234,45.614627838134766,49.460323333740234,46.57719421386719,44.4895133972168,37.89397048950195,45.09478759765625,41.11659240722656,37.221561431884766,33.742469787597656,33.59434127807617,27.832979202270508,29.037628173828125,36.34142303466797,43.91612243652344,39.808677673339844,41.930145263671875,43.63325500488281,40.5402946472168,49.453857421875,50.933963775634766,39.995914459228516,45.58820343017578,39.34313201904297,42.11490249633789,36.13834762573242,39.40583038330078,38.7138557434082,34.26654815673828,52.07155990600586,55.98727798461914,56.43216323852539,62.737667083740234,66.41607666015625,63.706050872802734,70.13179016113281,129.41416931152344,119.67171478271484,218.86863708496094,130.76771545410156,215.9494171142578,181.48883056640625,233.20887756347656,254.01083374023438,231.68072509765625,258.7140197753906,311.729248046875,267.4902648925781,500.8526916503906,645.3123779296875,1808.7919921875
2,2,ale,56.62088394165039,18.027557373046875,22.245227813720703,34.665035247802734,77.7966079711914,36.923004150390625,74.22404479980469,42.59773635864258,93.20794677734375,54.26355743408203,58.21725845336914,56.076419830322266,62.9818229675293,60.066566467285156,59.09453201293945,63.92549133300781,58.69510269165039,49.870079040527344,45.355140686035156,50.56351852416992,46.98503875732422,42.48978042602539,43.13072204589844,40.16674041748047,38.81845474243164,39.436771392822266,46.26881790161133,46.75926208496094,53.124176025390625,50.001747131347656,57.577144622802734,52.76744842529297,64.04669189453125,55.93899154663086,53.61311721801758,52.164886474609375,50.67148208618164,49.394073486328125,45.211273193359375,44.76520538330078,48.11503601074219,45.96298599243164,56.64870834350586,57.16813659667969,72.1739273071289,68.67228698730469,74.30256652832031,71.0810317993164,89.58148956298828,129.11741638183594,99.44709777832031,169.2389373779297,129.88018798828125,145.6446075439453,146.1017608642578,168.6170196533203,207.13580322265625,204.6187286376953,324.7073669433594,311.8388366699219,413.19873046875,544.0310668945312,1240.7589111328125,2485.672607421875
2,3, de,53.2750129699707,17.21402359008789,21.86195182800293,31.108322143554688,48.99403762817383,34.58774185180664,44.14775085449219,34.79534149169922,57.13788604736328,58.12795639038086,44.64523696899414,54.87776184082031,71.99823760986328,58.77721405029297,60.4117546081543,59.641483306884766,59.161136627197266,50.743675231933594,49.76119613647461,49.25397872924805,46.05597686767578,45.33347702026367,42.25735855102539,43.30014419555664,40.13275146484375,41.18738555908203,51.81494903564453,52.62239074707031,53.98015213012695,51.74815368652344,57.629295349121094,56.4083366394043,75.23931884765625,64.64551544189453,62.372657775878906,58.5571174621582,56.58995819091797,55.2281608581543,53.63604736328125,50.47129821777344,53.025047302246094,48.561805725097656,55.31672286987305,61.62213897705078,69.49361419677734,60.20954895019531,79.98863983154297,77.68577575683594,89.70529174804688,114.37493896484375,118.91629791259766,139.85971069335938,122.19416809082031,127.195068359375,166.31849670410156,197.65127563476562,200.62582397460938,230.7628936767578,237.34400939941406,306.6741943359375,334.5094909667969,527.7999877929688,1021.9466552734375,2381.529052734375
2,4, la,57.15385818481445,18.69970703125,21.260276794433594,25.808359146118164,32.079917907714844,31.759035110473633,26.38941192626953,27.983192443847656,29.736724853515625,54.398983001708984,43.34296798706055,48.664588928222656,75.1860122680664,68.01248931884766,58.40874099731445,67.56002807617188,59.5845947265625,56.001766204833984,53.024417877197266,47.30939483642578,47.61589431762695,44.1492805480957,47.48030090332031,46.22459030151367,41.4035758972168,40.00518035888672,48.86270523071289,54.91719436645508,46.48621368408203,48.43081283569336,55.19150161743164,55.934814453125,69.04571533203125,65.32618713378906,64.23625946044922,55.90182876586914,58.59611892700195,52.140228271484375,50.52014923095703,43.019752502441406,44.521575927734375,41.89839553833008,50.25296401977539,61.39728546142578,61.244529724121094,54.99894714355469,79.53504943847656,76.0596923828125,105.40536499023438,105.07073211669922,117.86666107177734,131.44178771972656,112.08599090576172,199.07171630859375,178.6940155029297,197.60015869140625,207.6492462158203,273.8642883300781,312.98046875,306.022216796875,386.4411315917969,572.8107299804688,978.6221313476562,2310.541259765625
2,5, France,52.28688430786133,15.10981273651123,24.611181259155273,28.229660034179688,45.002769470214844,34.84407424926758,27.302608489990234,29.06252670288086,47.93939208984375,36.66659927368164,47.48759460449219,52.03218078613281,56.421234130859375,67.67952728271484,59.569313049316406,70.51966094970703,59.60210418701172,55.604557037353516,48.88241958618164,52.205631256103516,48.72871017456055,49.67459487915039,48.9017219543457,43.58328628540039,40.61818313598633,44.20857238769531,49.59017562866211,51.20292663574219,55.39295959472656,48.748775482177734,51.43947982788086,58.38559341430664,68.6492691040039,57.32898712158203,57.253395080566406,51.55680465698242,57.95747756958008,57.61638259887695,56.629974365234375,51.917564392089844,52.32241439819336,48.648040771484375,57.206024169921875,67.66368103027344,76.12983703613281,76.5050277709961,73.65719604492188,76.09083557128906,81.95926666259766,120.12806701660156,101.03459930419922,132.88525390625,116.5887451171875,119.19703674316406,120.80313873291016,164.82608032226562,207.5897216796875,166.9051055908203,201.30368041992188,317.6761169433594,328.0464782714844,492.6541748046875,1188.7537841796875,2344.802734375
2,6, est,56.101749420166016,19.555072784423828,20.37125015258789,24.860706329345703,30.32267951965332,25.640323638916016,29.027650833129883,26.042627334594727,34.46754455566406,47.40428161621094,39.45207214355469,41.75929260253906,74.63919830322266,57.772682189941406,54.826778411865234,78.60369873046875,76.21836853027344,61.87672805786133,53.595829010009766,54.8409538269043,54.7789306640625,55.0953369140625,52.138885498046875,48.87581253051758,46.222599029541016,48.67885971069336,60.81959915161133,59.5042839050293,58.8776741027832,69.81407928466797,62.359920501708984,68.99588775634766,83.97819519042969,74.93976593017578,74.75991821289062,60.1600227355957,68.17686462402344,60.26930618286133,55.0919075012207,52.36365509033203,55.28156661987305,52.525028228759766,59.763545989990234,64.83943939208984,71.37702941894531,71.5154800415039,79.51214599609375,88.39695739746094,89.60572814941406,119.8846664428711,108.83280181884766,166.9052276611328,134.85079956054688,138.47329711914062,154.69778442382812,204.2216796875,225.5480499267578,198.1239776611328,210.21800231933594,357.84918212890625,362.7970275878906,526.8731079101562,1014.2138671875,2144.6298828125
3,0,La,81.49627685546875,43.802574157714844,44.990943908691406,58.19552230834961,15899.107421875,9769.990234375,3129.84423828125,29.532075881958008,187.20474243164062,23.4354248046875,301.1421813964844,21.689289093017578,135.9993133544922,30.254714965820312,39.942745208740234,56.44404602050781,34.043548583984375,28.64692497253418,21.278976440429688,64.53059387207031,35.353172302246094,26.702953338623047,141.2473602294922,40.126747131347656,19.203550338745117,27.73517608642578,28.928529739379883,46.4572868347168,46.48841857910156,35.4458122253418,28.88983726501465,46.237518310546875,61.073638916015625,140.1954803466797,51.652347564697266,297.26898193359375,64.48303985595703,201.61141967773438,412.2005310058594,197.00814819335938,185.69981384277344,185.66265869140625,207.62493896484375,61.71839904785156,44.24216842651367,32.579078674316406,31.745502471923828,34.60636901855469,30.858976364135742,78.83403015136719,48.088680267333984,46.17955017089844,51.568031311035156,49.95730972290039,47.008689880371094,51.87677001953125,191.84530639648438,199.27374267578125,310.6086730957031,731.7005615234375,6679.4326171875,1987.073486328125,4247.4404296875,17270.80859375
3,1, capital,74.8760986328125,21.47032356262207,25.552534103393555,30.966684341430664,69.92391204833984,38.73478698730469,48.195560455322266,46.14577865600586,89.83474731445312,53.19313430786133,65.6574935913086,63.40873336791992,65.44424438476562,60.83121871948242,58.477142333984375,63.59563446044922,52.44821548461914,50.45293045043945,42.28802490234375,50.67793655395508,42.49987030029297,41.311561584472656,40.211063385009766,38.017581939697266,36.36022186279297,34.945167541503906,41.817928314208984,44.91040802001953,47.719940185546875,49.311058044433594,57.82386779785156,46.299407958984375,57.41178512573242,55.5339241027832,48.02190399169922,56.03947448730469,46.35568618774414,48.381473541259766,44.937442779541016,44.77667999267578,44.41633987426758,42.67909622192383,53.215980529785156,62.444942474365234,65.8442153930664,71.30123901367188,76.65479278564453,66.86172485351562,87.63544464111328,134.1878204345703,96.25987243652344,165.4205322265625,133.21826171875,151.6934814453125,150.05825805664062,162.19532775878906,204.00209045410156,210.87496948242188,313.48919677734375,300.3597717285156,428.2840881347656,490.8843078613281,1056.3218994140625,2303.056396484375
3,2, de,58.6259880065918,16.234159469604492,21.94229507446289,30.714859008789062,49.03535079956055,31.134319305419922,46.24601745605469,36.10350036621094,71.95487976074219,55.17853927612305,49.25105667114258,55.18059539794922,74.93133544921875,59.654541015625,58.236392974853516,62.077545166015625,57.680824279785156,53.76014709472656,47.635459899902344,51.42765808105469,49.68576431274414,45.235015869140625,41.57518768310547,42.95785903930664,39.90565872192383,39.475799560546875,49.929134368896484,50.04890823364258,51.91282653808594,51.68449020385742,61.310707092285156,53.79642105102539,75.44515991210938,64.85372161865234,60.92264938354492,62.23270797729492,58.68976974487305,57.50208282470703,54.581539154052734,50.48521041870117,54.531829833984375,48.17759323120117,56.86683654785156,64.07149505615234,73.9046630859375,64.01831817626953,81.87435150146484,79.64938354492188,100.58735656738281,120.64864349365234,118.60926818847656,147.1381378173828,135.03659057617188,145.2687530517578,190.36521911621094,178.45240783691406,224.40354919433594,239.4538116455078,243.80206298828125,327.16546630859375,353.6387634277344,476.31329345703125,981.9935302734375,2332.148681640625
3,3, Franc,61.89052200317383,16.942893981933594,24.08218765258789,34.25565719604492,61.858768463134766,29.148954391479492,51.89646530151367,52.37016677856445,57.73058319091797,43.7513313293457,56.162506103515625,50.18399429321289,48.72479248046875,52.26454162597656,50.29600524902344,48.876670837402344,50.19704818725586,40.85116958618164,40.76097869873047,55.90046691894531,48.33531188964844,43.68464279174805,42.40980911254883,34.85626220703125,36.273406982421875,37.61302947998047,42.2426643371582,51.210304260253906,46.54351806640625,42.29335021972656,46.08503723144531,48.68760681152344,59.67399215698242,49.62494659423828,48.25651550292969,48.75367736816406,47.61968231201172,50.370460510253906,45.76521682739258,42.200313568115234,44.537105560302734,43.93718719482422,50.57969665527344,56.129337310791016,57.68243408203125,61.804752349853516,61.75743103027344,61.49758529663086,65.66333770751953,106.94111633300781,100.36500549316406,155.52175903320312,137.4515380859375,211.1463165283203,146.76397705078125,217.85594177246094,260.20782470703125,223.50413513183594,219.02557373046875,266.0741271972656,295.0420227050781,410.2895202636719,706.3013916015625,1772.7879638671875
3,4,ia,50.41107940673828,13.616830825805664,23.644948959350586,32.71923828125,43.65324401855469,50.37272262573242,49.133304595947266,41.30546951293945,58.30157470703125,45.616153717041016,51.39427185058594,52.842864990234375,68.52958679199219,65.92724609375,62.552303314208984,94.4369125366211,76.6281509399414,62.16569519042969,51.97698974609375,58.6917839050293,55.52445602416992,52.267494201660156,48.412513732910156,47.60189437866211,47.34114074707031,47.719974517822266,59.67186737060547,53.55095291137695,59.263336181640625,58.780086517333984,61.90324401855469,66.69470977783203,91.09844207763672,69.89100646972656,70.54167175292969,69.33833312988281,77.30813598632812,61.22065353393555,60.973724365234375,54.39834213256836,61.05418014526367,49.3638801574707,55.167274475097656,65.07475280761719,75.50730895996094,86.3316879272461,86.44303131103516,83.93035125732422,83.12378692626953,124.82229614257812,101.9075927734375,131.93235778808594,136.6179656982422,161.55490112304688,151.84854125976562,188.80160522460938,241.20199584960938,223.09732055664062,296.51544189453125,353.7919006347656,442.40753173828125,697.1643676757812,1319.92333984375,2687.552978515625
3,5, es,54.27535629272461,16.83193016052246,20.320768356323242,29.162710189819336,34.40821075439453,32.08905029296875,29.8835391998291,32.250938415527344,37.555484771728516,53.48702621459961,44.09818649291992,45.65306091308594,69.9535140991211,54.170005798339844,61.247745513916016,76.7049560546875,72.84080505371094,60.74894714355469,51.68230056762695,55.43345260620117,58.2281379699707,52.53477096557617,49.969242095947266,47.699954986572266,47.11052703857422,50.867706298828125,63.54423141479492,64.72911834716797,55.538307189941406,66.56526947021484,60.071144104003906,65.22019958496094,86.62762451171875,83.02263641357422,77.13821411132812,64.35456085205078,70.9429702758789,61.820072174072266,56.899192810058594,53.098453521728516,57.44834899902344,53.02996063232422,58.8693733215332,65.3216552734375,67.41201782226562,70.32855987548828,78.51272583007812,80.22332000732422,90.12565612792969,113.86299133300781,106.43831634521484,161.57562255859375,134.7335968017578,135.150634765625,155.54159545898438,187.2325439453125,200.86656188964844,198.20497131347656,217.1029052734375,391.5096435546875,387.3059387207031,568.4187622070312,985.7327880859375,2189.9189453125
4,0,La,81.49627685546875,43.802574157714844,44.990943908691406,58.19552230834961,15899.107421875,9769.990234375,3129.84423828125,29.532075881958008,187.20474243164062,23.4354248046875,301.1421813964844,21.689289093017578,135.9993133544922,30.254714965820312,39.942745208740234,56.44404602050781,34.043548583984375,28.64692497253418,21.278976440429688,64.53059387207031,35.353172302246094,26.702953338623047,141.2473602294922,40.126747131347656,19.203550338745117,27.73517608642578,28.928529739379883,46.4572868347168,46.48841857910156,35.4458122253418,28.88983726501465,46.237518310546875,61.073638916015625,140.1954803466797,51.652347564697266,297.26898193359375,64.48303985595703,201.61141967773438,412.2005310058594,197.00814819335938,185.69981384277344,185.66265869140625,207.62493896484375,61.71839904785156,44.24216842651367,32.579078674316406,31.745502471923828,34.60636901855469,30.858976364135742,78.83403015136719,48.088680267333984,46.17955017089844,51.568031311035156,49.95730972290039,47.008689880371094,51.87677001953125,191.84530639648438,199.27374267578125,310.6086730957031,731.7005615234375,6679.4326171875,1987.073486328125,4247.4404296875,17270.80859375
4,1, capit,71.54952239990234,21.341691970825195,24.05049705505371,39.12895584106445,70.41651916503906,42.71685791015625,45.706871032714844,38.62236022949219,58.875579833984375,54.03601837158203,54.89870834350586,48.416988372802734,49.931663513183594,50.579708099365234,45.614627838134766,49.460323333740234,46.57719421386719,44.4895133972168,37.89397048950195,45.09478759765625,41.11659240722656,37.221561431884766,33.742469787597656,33.59434127807617,27.832979202270508,29.037628173828125,36.34142303466797,43.91612243652344,39.808677673339844,41.930145263671875,43.63325500488281,40.5402946472168,49.453857421875,50.933963775634766,39.995914459228516,45.58820343017578,39.34313201904297,42.11490249633789,36.13834762573242,39.40583038330078,38.7138557434082,34.26654815673828,52.07155990600586,55.98727798461914,56.43216323852539,62.737667083740234,66.41607666015625,63.706050872802734,70.13179016113281,129.41416931152344,119.67171478271484,218.86863708496094,130.76771545410156,215.9494171142578,181.48883056640625,233.20887756347656,254.01083374023438,231.68072509765625,258.7140197753906,311.729248046875,267.4902648925781,500.8526916503906,645.3123779296875,1808.7919921875
4,2,ale,56.62088394165039,18.027557373046875,22.245227813720703,34.665035247802734,77.7966079711914,36.923004150390625,74.22404479980469,42.59773635864258,93.20794677734375,54.26355743408203,58.21725845336914,56.076419830322266,62.9818229675293,60.066566467285156,59.09453201293945,63.92549133300781,58.69510269165039,49.870079040527344,45.355140686035156,50.56351852416992,46.98503875732422,42.48978042602539,43.13072204589844,40.16674041748047,38.81845474243164,39.436771392822266,46.26881790161133,46.75926208496094,53.124176025390625,50.001747131347656,57.577144622802734,52.76744842529297,64.04669189453125,55.93899154663086,53.61311721801758,52.164886474609375,50.67148208618164,49.394073486328125,45.211273193359375,44.76520538330078,48.11503601074219,45.96298599243164,56.64870834350586,57.16813659667969,72.1739273071289,68.67228698730469,74.30256652832031,71.0810317993164,89.58148956298828,129.11741638183594,99.44709777832031,169.2389373779297,129.88018798828125,145.6446075439453,146.1017608642578,168.6170196533203,207.13580322265625,204.6187286376953,324.7073669433594,311.8388366699219,413.19873046875,544.0310668945312,1240.7589111328125,2485.672607421875
4,3, della,62.019630432128906,20.952829360961914,28.637126922607422,31.293394088745117,32.9992790222168,36.57514190673828,31.2773380279541,37.41157913208008,46.2449836730957,66.05986785888672,46.02443313598633,46.956607818603516,71.57765197753906,63.396568298339844,57.25029754638672,58.27958297729492,65.91669464111328,56.99148941040039,62.34913635253906,59.25833511352539,48.1364631652832,51.271785736083984,51.92672348022461,47.96901321411133,44.0311164855957,43.83365249633789,50.96589660644531,59.46436309814453,53.075408935546875,54.27035140991211,63.475563049316406,54.0106315612793,75.77616119384766,61.161460876464844,58.81714630126953,54.58694839477539,56.84858703613281,52.86813735961914,56.062599182128906,48.17023468017578,49.43037033081055,46.16495132446289,54.05544662475586,56.20431900024414,64.411865234375,58.73615646362305,77.62371826171875,76.0284652709961,103.44872283935547,102.1231460571289,120.95600891113281,142.9647674560547,144.84117126464844,184.93360900878906,170.0996551513672,217.956298828125,243.19200134277344,279.8359375,325.271728515625,391.1922607421875,503.2889709472656,664.583251953125,1029.292236328125,2356.833251953125
4,4, Franc,64.04987335205078,19.215295791625977,25.047325134277344,34.838565826416016,69.0036392211914,31.71026039123535,36.949920654296875,39.3729133605957,51.10323715209961,42.400474548339844,51.41856002807617,45.7158203125,43.187767028808594,52.9375,49.754295349121094,50.722373962402344,49.30515670776367,42.08095169067383,43.259742736816406,56.24193572998047,49.38774108886719,62.643314361572266,54.594810485839844,38.89899826049805,36.8732795715332,43.00136184692383,46.61595153808594,50.05790710449219,49.09352111816406,43.748783111572266,50.508934020996094,54.05168151855469,59.10945510864258,49.58918762207031,49.7523307800293,45.8700065612793,46.16268539428711,49.358985900878906,44.76652526855469,43.726139068603516,45.360530853271484,43.811431884765625,53.21632385253906,58.41449737548828,63.22661209106445,61.64718246459961,56.51192092895508,60.556739807128906,67.51241302490234,104.73609161376953,99.13296508789062,143.5154571533203,118.7177734375,186.73257446289062,140.2606658935547,204.41094970703125,239.53738403320312,219.8459014892578,216.18356323242188,268.7572937011719,336.02667236328125,423.2961120605469,713.4047241210938,1716.8714599609375
4,5,ia,51.184059143066406,15.11943244934082,24.21744155883789,31.61959457397461,51.127140045166016,55.722206115722656,40.4866828918457,35.17682647705078,56.696372985839844,46.20623016357422,51.94963073730469,55.359256744384766,66.16584777832031,69.11547088623047,63.01094436645508,85.31289672851562,73.9883041381836,63.5471305847168,52.94535446166992,57.664852142333984,55.55986404418945,65.76390838623047,58.74808883666992,51.415679931640625,49.81393051147461,50.42578887939453,57.6751823425293,54.71281814575195,60.20637512207031,57.068336486816406,56.65736770629883,65.64960479736328,86.12555694580078,66.75039672851562,70.02772521972656,63.05120849609375,76.23844146728516,62.348636627197266,61.482906341552734,53.88904571533203,60.47304153442383,53.633872985839844,61.496639251708984,70.435791015625,89.72116088867188,90.51033782958984,85.15653991699219,78.03766632080078,81.5298080444336,104.00403594970703,102.1938247680664,152.45947265625,125.07013702392578,125.8821792602539,136.71766662597656,174.462646484375,233.1835479736328,192.23739624023438,207.3957977294922,345.8598937988281,425.80487060546875,581.0684814453125,1163.9881591796875,2427.03564453125
4,6, è,59.95976638793945,19.9220027923584,22.10431480407715,30.60161590576172,33.13472366333008,27.643667221069336,28.10420036315918,28.4124813079834,45.73321533203125,50.32497024536133,40.98076629638672,40.84966278076172,70.83297729492188,58.48430633544922,58.00410842895508,70.55804443359375,74.44010925292969,61.64698791503906,55.92960739135742,52.80900573730469,58.09190368652344,61.204105377197266,61.374080657958984,53.49976348876953,43.83573532104492,46.405601501464844,55.6368408203125,57.3588981628418,54.23884582519531,61.60509490966797,60.22256088256836,62.249759674072266,79.7479476928711,75.97994995117188,73.7573013305664,61.938114166259766,64.84786987304688,57.24942398071289,54.06076431274414,51.28742599487305,52.35418701171875,47.87846374511719,54.4604377746582,64.1017837524414,71.98333740234375,69.8392562866211,81.88214874267578,78.37039184570312,81.31696319580078,113.86872100830078,107.99182891845703,160.9381866455078,126.607421875,131.4174346923828,148.3817138671875,187.88296508789062,214.4580841064453,216.11817932128906,207.8567352294922,427.2962646484375,433.1856689453125,610.7881469726562,967.0045776367188,2136.00048828125
5,0,A,76.16860961914062,72.37451171875,41.00594711303711,46.46906280517578,17090.337890625,9813.3271484375,3089.39453125,29.27961540222168,187.270751953125,23.348430633544922,301.0104675292969,21.652315139770508,136.12860107421875,30.555721282958984,40.84543228149414,57.2829704284668,34.59135818481445,28.55335235595703,21.372652053833008,64.93190002441406,35.53547668457031,26.657316207885742,141.37847900390625,40.163089752197266,19.07493782043457,27.799196243286133,28.95267677307129,46.47319793701172,46.629486083984375,35.625301361083984,28.943519592285156,46.290287017822266,61.12858581542969,140.30752563476562,51.791282653808594,298.0329895019531,66.35303497314453,201.98703002929688,412.2290954589844,197.54147338867188,185.76324462890625,185.89186096191406,207.73309326171875,61.678260803222656,44.55917739868164,32.74663162231445,32.67543029785156,35.50234603881836,31.155405044555664,80.42765808105469,48.97377014160156,47.13693618774414,51.89223098754883,50.48549270629883,47.42188262939453,52.294525146484375,192.07684326171875,199.49925231933594,311.0506896972656,817.9918823242188,6935.93212890625,2095.365966796875,4640.6240234375,17722.888671875
5,1, capital,74.93839263916016,20.315595626831055,22.52233123779297,27.614803314208984,51.172855377197266,37.7104377746582,37.444480895996094,42.92140579223633,59.531944274902344,51.40114212036133,61.15036392211914,58.59035873413086,59.702484130859375,60.63920211791992,55.518821716308594,55.38658142089844,49.07950973510742,46.374359130859375,44.7911262512207,44.338294982910156,43.07117462158203,42.53012466430664,42.48922348022461,39.9562873840332,38.28659439086914,35.87471389770508,39.07182312011719,43.315467834472656,40.345611572265625,48.11916732788086,62.361228942871094,50.41608428955078,56.155853271484375,58.83087921142578,50.17056655883789,48.67238235473633,41.66166687011719,42.5616569519043,38.54697799682617,42.2852668762207,48.16869354248047,41.158424377441406,46.53384017944336,53.88596725463867,59.62752151489258,57.97174835205078,81.90725708007812,57.2884635925293,64.4876937866211,162.3672637939453,99.60153198242188,207.06288146972656,138.14395141601562,167.79891967773438,182.15475463867188,206.77163696289062,205.0029296875,229.33480834960938,237.6752471923828,271.5941467285156,315.6677551269531,410.7218933105469,750.4686279296875,2007.3428955078125
5,2, da,58.520240783691406,16.379568099975586,29.00308609008789,33.289546966552734,49.272621154785156,36.67911148071289,45.736602783203125,50.26033401489258,67.25270080566406,58.270633697509766,57.02644729614258,87.82173919677734,75.14546966552734,62.51265335083008,63.146873474121094,68.99327850341797,65.33311462402344,54.77544403076172,53.048431396484375,55.53643035888672,51.8848762512207,47.541893005371094,44.62337112426758,45.23193359375,40.83590316772461,40.122093200683594,55.0910530090332,51.22820281982422,54.06486129760742,55.31612777709961,63.79861068725586,58.93813705444336,71.85710906982422,60.714637756347656,58.94490051269531,59.11165237426758,56.61728286743164,54.83340072631836,53.590980529785156,49.311622619628906,45.668724060058594,43.95002365112305,57.18191909790039,56.856727600097656,67.9346923828125,66.7344970703125,80.25585174560547,80.01475524902344,115.2086181640625,118.40718841552734,116.80619812011719,151.84156799316406,129.1195831298828,171.03746032714844,170.1145477294922,215.62571716308594,236.91737365722656,279.8100891113281,287.0179748535156,323.4434814453125,409.8948974609375,521.2048950195312,947.3976440429688,2231.998046875
5,3, Fran,64.19490051269531,17.739421844482422,21.096986770629883,40.325904846191406,64.27021026611328,45.657325744628906,55.747230529785156,75.15990447998047,50.22557067871094,42.6882438659668,57.02180862426758,51.773162841796875,53.27544021606445,53.984806060791016,57.6688346862793,50.6427001953125,55.690155029296875,43.708091735839844,45.03404998779297,60.64078140258789,49.787498474121094,47.52857971191406,46.54823303222656,42.84334945678711,40.18215560913086,42.76227569580078,42.181556701660156,48.05445861816406,49.5443000793457,41.23923110961914,44.712501525878906,46.12423324584961,58.6913948059082,49.82594299316406,51.69340133666992,48.62051010131836,50.06224822998047,49.12907028198242,47.83522415161133,41.85945129394531,41.81848907470703,40.27092742919922,49.57161331176758,52.43782424926758,53.49047088623047,59.36343765258789,64.423583984375,62.616920471191406,63.48931121826172,97.7982406616211,98.67610931396484,147.44482421875,144.80686950683594,173.14784240722656,144.04052734375,202.1349334716797,212.22445678710938,211.02783203125,193.1768798828125,264.61956787109375,296.1716003417969,388.13885498046875,633.6913452148438,1688.7279052734375
5,4,ça,57.1553840637207,14.238966941833496,21.036296844482422,38.20904541015625,58.778587341308594,50.09195327758789,43.991004943847656,44.83218765258789,62.253177642822266,51.49416732788086,58.755950927734375,53.215911865234375,59.813018798828125,75.04183197021484,67.66604614257812,78.96240234375,62.7266731262207,58.256492614746094,51.83518981933594,58.88261413574219,55.24759292602539,54.424034118652344,56.137664794921875,50.309757232666016,49.134944915771484,46.95957565307617,54.393890380859375,53.89624786376953,54.43152618408203,53.672569274902344,57.97289276123047,79.10160064697266,86.57953643798828,67.66002655029297,74.49078369140625,63.51382064819336,73.24018859863281,60.25680160522461,59.755096435546875,55.22322463989258,62.54728698730469,54.59711837768555,62.5083122253418,70.7993392944336,80.33779907226562,97.73054504394531,89.78321075439453,93.45799255371094,85.94773864746094,123.19425964355469,107.19642639160156,142.9213409423828,135.1497344970703,158.6138458251953,151.52967834472656,196.93011474609375,235.18966674804688,220.94615173339844,259.34112548828125,348.7455139160156,431.8110046386719,650.8171997070312,1296.2777099609375,2627.13818359375
5,5, é,55.305355072021484,17.124906539916992,18.046489715576172,26.941303253173828,32.93819808959961,31.44390106201172,30.82013511657715,29.525270462036133,33.36043930053711,53.710479736328125,40.12039566040039,52.41990280151367,74.20043182373047,66.14326477050781,66.30030059814453,80.6908187866211,74.9778060913086,62.141727447509766,54.445884704589844,54.55189895629883,56.822696685791016,52.655731201171875,54.925445556640625,50.865718841552734,47.57089614868164,50.09579086303711,67.37895965576172,60.625186920166016,60.3809814453125,67.76071166992188,61.71160888671875,65.0426025390625,86.92137145996094,81.71047973632812,76.7322006225586,65.40520477294922,70.67880249023438,61.64643096923828,58.0284309387207,58.247920989990234,60.4427490234375,58.17853927612305,62.65910339355469,66.96720886230469,73.74183654785156,72.65166473388672,82.71475219726562,82.95771789550781,87.28404998779297,109.48004150390625,103.25303649902344,151.27154541015625,130.082763671875,140.5954132080078,158.16990661621094,200.5775146484375,205.93548583984375,206.9605712890625,230.20614624023438,369.24127197265625,415.7417907714844,554.9124145507812,1014.900146484375,2194.98828125
6,0,Ст,75.74536895751953,33.45437240600586,48.03749465942383,61.88066864013672,16328.728515625,9709.974609375,3088.40869140625,29.493654251098633,187.20223999023438,23.443614959716797,300.964111328125,21.599489212036133,136.21878051757812,30.434751510620117,39.61961364746094,56.78331756591797,33.80345153808594,28.57760238647461,21.14198875427246,64.34559631347656,35.16670608520508,26.717668533325195,141.25479125976562,40.18451690673828,18.944433212280273,27.779071807861328,28.898197174072266,46.548606872558594,46.48104476928711,35.49132537841797,28.941991806030273,46.24033737182617,60.918190002441406,140.2183837890625,51.6445426940918,296.9480285644531,62.903343200683594,201.7216339111328,411.65679931640625,197.57916259765625,185.73025512695312,185.67938232421875,207.71530151367188,61.95085144042969,44.093746185302734,32.396751403808594,31.740758895874023,34.535606384277344,31.099803924560547,78.72183990478516,48.2412109375,46.153743743896484,51.56559753417969,49.91419982910156,47.21369552612305,52.19973373413086,191.90872192382812,199.3120574951172,310.50604248046875,736.972900390625,6725.3515625,1981.457763671875,4214.04345703125,17563.689453125
6,1,ол,62.38587951660156,16.934627532958984,26.389963150024414,38.45044708251953,77.13694763183594,91.21800994873047,68.14085388183594,59.706172943115234,81.1540756225586,58.66893005371094,64.26023864746094,46.44462966918945,52.66904830932617,53.919795989990234,57.63538360595703,55.81602096557617,49.98545837402344,48.32649612426758,43.061134338378906,50.70710372924805,45.5727424621582,42.08395004272461,37.014129638671875,35.13959503173828,30.032840728759766,31.282522201538086,36.057090759277344,39.995201110839844,41.64390563964844,38.227569580078125,41.616180419921875,40.09184265136719,51.19963836669922,48.37361145019531,40.37872314453125,52.00312805175781,41.956825256347656,44.927398681640625,44.79432678222656,37.744361877441406,33.42849349975586,38.84516143798828,39.740997314453125,53.79411697387695,55.71256637573242,57.87400436401367,58.56891632080078,62.25444030761719,89.87139892578125,117.36073303222656,107.84719848632812,217.6583709716797,158.62928771972656,203.79652404785156,171.78076171875,207.44888305664062,204.56063842773438,205.5652618408203,227.12109375,252.1506805419922,258.7739562988281,357.1763610839844,669.6695556640625,1833.268310546875
6,2,и,51.909671783447266,14.019041061401367,23.22530174255371,38.22007369995117,58.0273323059082,67.16485595703125,76.65669250488281,60.85121154785156,94.50066375732422,53.202720642089844,64.66935729980469,51.518287658691406,54.72163391113281,61.46139144897461,60.08810806274414,63.35128402709961,63.36649703979492,58.329734802246094,48.58060836791992,51.572566986083984,51.178932189941406,47.331417083740234,41.34922409057617,40.71875,37.510414123535156,41.12837600708008,44.28394317626953,47.43663024902344,49.643699645996094,44.82103729248047,53.515830993652344,47.55009078979492,58.865726470947266,54.49909210205078,58.39291763305664,51.98396301269531,53.27835464477539,47.529911041259766,42.85012435913086,41.210052490234375,42.72138595581055,46.699317932128906,51.58486557006836,57.50132369995117,67.71623229980469,63.117427825927734,70.70602416992188,64.5566177368164,77.6001205444336,108.03973388671875,103.81698608398438,188.0728759765625,127.93295288085938,191.74505615234375,139.6458740234375,181.689697265625,193.5747833251953,195.03533935546875,251.18484497070312,237.63340759277344,280.6745910644531,436.93438720703125,927.43017578125,1909.97900390625
6,3,ца,56.96302032470703,14.367716789245605,20.465167999267578,40.002220153808594,53.177730560302734,79.09690856933594,81.94400024414062,49.903594970703125,88.21688842773438,58.751708984375,67.06536865234375,53.00710678100586,58.3830451965332,63.82379150390625,57.96351623535156,59.697147369384766,63.82383346557617,53.61091613769531,48.284339904785156,48.33264923095703,48.987030029296875,46.66334915161133,42.020729064941406,43.26646423339844,39.193580627441406,39.16779327392578,44.08787155151367,48.275638580322266,51.845298767089844,51.1847038269043,59.59281921386719,50.517215728759766,62.78520584106445,54.447349548339844,55.30973815917969,53.9835319519043,53.701812744140625,52.24457550048828,48.937374114990234,46.17122268676758,47.94736862182617,45.52921676635742,51.05207443237305,55.111141204833984,70.94206237792969,65.9931640625,82.36988830566406,80.17735290527344,99.21806335449219,123.03378295898438,105.52674865722656,162.7174530029297,128.74400329589844,148.21929931640625,164.44419860839844,156.21163940429688,191.18975830078125,204.63194274902344,222.1279754638672,263.7829284667969,344.0761413574219,448.9709167480469,963.9429931640625,2296.513916015625
6,4, Ф,59.88525390625,21.012548446655273,23.483978271484375,28.573986053466797,34.46337890625,29.475257873535156,35.02271270751953,33.389686584472656,47.58794403076172,41.180416107177734,47.10707473754883,63.589508056640625,56.661537170410156,53.221736907958984,51.37163162231445,53.70521545410156,47.158695220947266,42.212860107421875,40.9083366394043,45.8195915222168,44.80144119262695,40.252479553222656,42.85791015625,35.9339485168457,37.89427947998047,37.03622055053711,41.14557647705078,52.403297424316406,44.320106506347656,50.1788444519043,70.33846282958984,63.150875091552734,65.97860717773438,59.94316864013672,56.60383224487305,54.52749252319336,56.56431579589844,48.360862731933594,47.82282257080078,43.80316162109375,44.0626335144043,44.9373893737793,49.479122161865234,58.0844841003418,57.975955963134766,55.32135009765625,70.075439453125,68.09130096435547,89.02020263671875,97.21331024169922,116.48613739013672,132.5950469970703,148.19512939453125,152.71368408203125,167.25094604492188,206.6788787841797,201.42205810546875,247.2229766845703,319.203369140625,293.7014465332031,421.4996032714844,528.7363891601562,1114.4547119140625,2003.5634765625
6,5,ран,59.497982025146484,17.48790168762207,25.0084285736084,38.272216796875,78.64744567871094,29.681682586669922,49.88705825805664,51.50151062011719,68.03766632080078,49.57181930541992,63.314144134521484,54.11177444458008,55.51258087158203,67.36402893066406,62.61171340942383,59.95543670654297,49.16871643066406,45.26771926879883,44.784523010253906,57.567806243896484,56.24221420288086,48.749114990234375,47.542049407958984,38.84127426147461,43.2295036315918,42.50677490234375,44.94261932373047,47.539424896240234,46.48991012573242,44.9001350402832,54.37541580200195,54.564002990722656,60.120750427246094,51.32185363769531,53.00253677368164,54.173274993896484,51.26054000854492,51.74374771118164,46.76310729980469,44.52568054199219,45.97548294067383,49.25130844116211,52.71051025390625,58.2429313659668,58.522762298583984,67.73231506347656,65.2117919921875,69.19023132324219,74.54230499267578,109.88926696777344,107.89452362060547,176.3019561767578,157.38075256347656,160.81576538085938,145.3572235107422,206.52537536621094,227.1871795654297,228.90065002441406,270.6375427246094,270.30072021484375,312.4338073730469,380.5834045410156,590.490234375,1691.0816650390625
6,6,ции,51.92982482910156,15.785572052001953,26.55561637878418,29.1804256439209,55.31283187866211,39.361427307128906,38.49313735961914,37.255027770996094,58.33854293823242,48.53824234008789,59.801788330078125,59.60005187988281,69.48741912841797,70.66239929199219,66.08631896972656,95.58805847167969,70.3638916015625,63.71551513671875,52.620914459228516,57.765018463134766,55.42850112915039,51.84394454956055,48.62645721435547,49.92934799194336,48.82139587402344,46.41737365722656,57.4757194519043,54.71223831176758,56.57963180541992,55.68141174316406,59.059661865234375,61.662410736083984,82.75982666015625,63.98676681518555,66.37152099609375,65.27311706542969,70.5661849975586,55.81246566772461,58.67142105102539,52.466552734375,55.77315139770508,48.67304611206055,57.720977783203125,62.20013427734375,72.27537536621094,86.60360717773438,87.01866149902344,86.80636596679688,91.77172088623047,112.78987121582031,104.49905395507812,144.02224731445312,141.87037658691406,143.9600067138672,172.52500915527344,190.27159118652344,220.2452850341797,182.67601013183594,231.24598693847656,367.42083740234375,394.8817443847656,500.7612609863281,1150.0816650390625,2337.674072265625
6,7, —,62.5504150390625,23.851680755615234,19.16729736328125,32.61243438720703,37.07571029663086,25.052623748779297,66.09546661376953,30.804725646972656,35.809505462646484,42.43720245361328,50.91542434692383,56.27812957763672,59.971256256103516,58.64786148071289,55.274627685546875,69.82061004638672,63.77645492553711,56.23074722290039,48.53291702270508,50.25703048706055,49.6070556640625,47.38669204711914,52.66141128540039,49.316558837890625,45.613555908203125,41.564815521240234,46.65538787841797,55.57633590698242,54.063636779785156,53.63943099975586,60.73125076293945,74.81012725830078,74.8279800415039,66.48059844970703,60.76333999633789,60.402435302734375,62.559017181396484,54.69303894042969,48.693851470947266,51.2579345703125,52.88719177246094,45.93075942993164,55.27936935424805,67.45759582519531,71.21277618408203,70.42475128173828,92.14862823486328,99.37649536132812,89.84671020507812,139.88674926757812,107.90584564208984,145.11997985839844,158.4515838623047,119.82379150390625,148.71163940429688,183.67527770996094,207.407958984375,181.70355224609375,216.45364379882812,322.8302917480469,346.2305603027344,432.374755859375,1012.664794921875,2196.730224609375
7,0,フランス,85.48159790039062,38.002166748046875,39.08168411254883,55.59126281738281,14653.0234375,9773.69140625,3099.05029296875,70.93629455566406,187.29627990722656,23.465177536010742,301.0841979980469,21.451784133911133,136.36196899414062,30.1474609375,39.37998580932617,56.66170120239258,33.624229431152344,28.497081756591797,21.35507583618164,64.08991241455078,34.966796875,26.446374893188477,141.2178192138672,40.26376724243164,19.156009674072266,27.565336227416992,28.71673011779785,46.77738952636719,46.5955696105957,35.59446334838867,29.053524017333984,46.596046447753906,61.033939361572266,140.22305297851562,51.818111419677734,297.16412353515625,62.41800308227539,201.09075927734375,412.6856689453125,197.86001586914062,185.7654571533203,186.2339630126953,214.90283203125,56.94697570800781,45.740509033203125,32.62827682495117,31.892297744750977,34.70286560058594,31.382795333862305,78.36788940429688,45.83256912231445,47.61879348754883,50.51701354980469,50.878231048583984,47.72325134277344,53.331417083740234,191.42723083496094,199.08154296875,310.3221130371094,635.5292358398438,6475.16162109375,1967.466796875,3864.68994140625,16689.615234375
7,1,の,65.76933288574219,22.151386260986328,20.41810417175293,33.74196243286133,58.013038635253906,31.6071720123291,26.957468032836914,28.43471908569336,47.7230224609375,43.89548110961914,49.68571472167969,44.31473159790039,45.41887664794922,53.15144729614258,50.48453140258789,47.96058654785156,45.61824417114258,43.31494140625,42.43674850463867,52.554386138916016,48.387351989746094,39.11966323852539,36.30717086791992,32.80449676513672,35.18012237548828,34.989112854003906,38.68918991088867,42.306182861328125,43.17253494262695,44.704837799072266,45.003074645996094,42.55427551269531,56.42948913574219,52.46784591674805,42.62295913696289,53.73337173461914,48.98113250732422,44.997962951660156,44.69443130493164,40.954647064208984,35.90113830566406,37.51579284667969,45.8520622253418,60.103328704833984,67.83573150634766,73.89652252197266,70.533447265625,71.7343978881836,72.9623031616211,123.3958969116211,113.68302154541016,128.64297485351562,141.32733154296875,146.52137756347656,145.4724578857422,187.250244140625,200.71865844726562,201.266845703125,247.00967407226562,284.4841613769531,382.34661865234375,551.2861938476562,1000.0130615234375,2346.10205078125
7,2,首都,71.49773406982422,18.707353591918945,21.704832077026367,52.37881851196289,46.55052947998047,27.031856536865234,41.30712890625,28.874523162841797,75.41763305664062,58.12554168701172,60.33101272583008,56.04684066772461,57.41743850708008,57.34816360473633,55.826927185058594,54.110877990722656,65.00730895996094,51.47807312011719,45.184486389160156,45.97445297241211,46.86116027832031,45.17359924316406,44.14829635620117,43.92643737792969,42.41618347167969,42.04924774169922,55.06753921508789,52.93772506713867,58.09575271606445,51.90163040161133,55.8735237121582,53.173828125,75.68779754638672,56.77780532836914,57.14260482788086,56.16931915283203,56.67985534667969,50.544185638427734,49.3580436706543,48.5462646484375,51.682437896728516,45.44368362426758,59.35600280761719,64.8161849975586,69.6824951171875,71.51903533935547,84.00109100341797,75.97620391845703,95.26026916503906,122.08718872070312,119.81378936767578,148.8027801513672,140.07693481445312,148.39024353027344,163.00209045410156,238.3162841796875,225.98414611816406,180.65087890625,254.40286254882812,397.3494873046875,417.174072265625,638.9396362304688,1007.1825561523438,2200.272216796875
7,3,は,62.1116943359375,19.33085060119629,19.587039947509766,25.516361236572266,33.5383415222168,31.509593963623047,23.248519897460938,20.590282440185547,33.611995697021484,41.75079345703125,39.4010009765625,45.132877349853516,67.08655548095703,49.4051399230957,54.760562896728516,59.00910186767578,66.36873626708984,60.20570373535156,53.79167556762695,55.65890121459961,58.270362854003906,51.245365142822266,51.513980865478516,48.392723083496094,46.669822692871094,49.8273811340332,60.66827392578125,67.99308013916016,55.8267707824707,59.45272445678711,58.323143005371094,65.044677734375,82.6876449584961,80.0757064819336,72.44168853759766,62.410125732421875,69.5573501586914,56.7889289855957,57.59637451171875,54.186336517333984,53.68444061279297,49.67960739135742,58.774654388427734,75.44767761230469,71.3287353515625,75.08329010009766,83.20643615722656,86.51512908935547,90.90473175048828,122.42098236083984,109.57244110107422,162.3552703857422,155.0388946533203,159.27264404296875,154.5621337890625,219.6484375,218.74807739257812,192.387939453125,242.52877807617188,442.29071044921875,380.3118896484375,538.8629150390625,855.1804809570312,2050.103759765625
8,0,法国,77.24258422851562,39.79662322998047,39.44764709472656,50.59815216064453,13778.65234375,9776.638671875,3087.802734375,95.57636260986328,102.3810043334961,67.9125747680664,286.59619140625,21.15479850769043,101.92330169677734,70.57843780517578,38.574241638183594,56.55436706542969,34.288028717041016,28.318517684936523,21.205408096313477,61.36078643798828,35.16958236694336,26.101993560791016,57.149696350097656,40.7757682800293,19.04029083251953,27.49344825744629,28.728649139404297,46.30516052246094,46.06416702270508,35.135765075683594,28.56283187866211,46.279518127441406,60.391632080078125,139.8990020751953,51.6515998840332,296.5340881347656,64.24040222167969,200.67723083496094,412.2706298828125,196.93919372558594,185.7084503173828,186.27151489257812,206.75210571289062,54.632476806640625,44.938289642333984,33.34648513793945,31.776378631591797,35.519527435302734,31.986618041992188,73.83473205566406,46.03419876098633,47.37690734863281,49.89439010620117,50.140541076660156,47.231101989746094,52.64430618286133,191.10768127441406,198.20249938964844,310.2384948730469,627.423095703125,6318.2568359375,1925.4964599609375,3667.0966796875,16183.5400390625
8,1,的,54.412635803222656,22.69408416748047,20.018327713012695,28.921363830566406,56.62934875488281,37.19662094116211,22.738969802856445,21.802753448486328,39.87511444091797,40.093875885009766,41.26905059814453,34.65861511230469,42.56169891357422,51.34421920776367,50.37119674682617,43.9657096862793,47.44161605834961,41.79195022583008,41.873207092285156,41.16131591796875,41.540687561035156,38.46887969970703,38.91148376464844,34.083839416503906,30.98822021484375,34.402099609375,36.705875396728516,37.62366485595703,38.823631286621094,40.92605209350586,42.915367126464844,42.24605941772461,57.455230712890625,48.11348342895508,43.421627044677734,49.161964416503906,46.846153259277344,45.53104019165039,42.09571838378906,41.679264068603516,35.65620040893555,42.06285095214844,47.90834426879883,48.96296691894531,61.58742141723633,60.7373046875,67.88349914550781,75.58597564697266,74.54034423828125,134.6462860107422,114.40769958496094,145.08294677734375,137.8412628173828,138.4544677734375,140.0294952392578,195.7744903564453,201.31768798828125,194.7245635986328,222.3248748779297,228.47576904296875,270.7077331542969,387.54632568359375,756.5632934570312,2039.8470458984375
8,2,首,69.1865234375,20.958881378173828,21.424091339111328,26.950939178466797,59.62521743774414,26.58213996887207,26.93841552734375,30.138898849487305,45.229148864746094,51.616859436035156,49.952491760253906,45.84059143066406,61.51910400390625,61.388099670410156,56.933895111083984,50.2845458984375,51.24920654296875,45.04766845703125,44.58327102661133,43.988067626953125,45.32353591918945,44.80375671386719,44.08232879638672,47.03204345703125,45.1755256652832,43.487125396728516,49.509246826171875,47.35603713989258,49.76045608520508,49.901092529296875,53.207740783691406,55.22601318359375,69.39737701416016,62.34967803955078,61.96339797973633,55.89689636230469,61.7843132019043,53.60673904418945,55.22780227661133,53.839805603027344,51.724063873291016,44.58070373535156,54.25968551635742,58.29618453979492,70.75541687011719,67.74700164794922,62.128414154052734,69.12016296386719,121.7950439453125,120.6416244506836,135.11273193359375,195.8133544921875,156.7347412109375,182.1767578125,176.6001434326172,183.5889129638672,195.58367919921875,195.26614379882812,250.66989135742188,247.45423889160156,351.2955322265625,440.6033935546875,706.090087890625,1868.0791015625
8,3,都是,62.58979415893555,15.381346702575684,26.27927589416504,48.85420227050781,73.31311798095703,50.95802307128906,46.59215545654297,38.704830169677734,69.83132934570312,59.067955017089844,62.73612976074219,57.93692398071289,57.17716598510742,55.49330139160156,56.00954818725586,57.548831939697266,65.06600189208984,55.019676208496094,48.08156204223633,48.05290222167969,50.462440490722656,48.2364616394043,47.95599365234375,46.545021057128906,47.246673583984375,49.770877838134766,55.52602005004883,53.16070556640625,61.0566520690918,59.80320739746094,57.081138610839844,58.31982421875,83.21873474121094,67.12415313720703,65.88008117675781,60.08017349243164,66.99772644042969,62.37150955200195,60.2522087097168,52.03640365600586,51.802101135253906,50.21704864501953,62.373233795166016,69.98725128173828,76.5683364868164,74.71246337890625,72.85563659667969,78.343017578125,92.37535858154297,114.58082580566406,108.70633697509766,142.20079040527344,134.6064910888672,155.67544555664062,159.3289031982422,173.93760681152344,184.68704223632812,171.5355682373047,178.20718383789062,265.66314697265625,265.4195251464844,418.43212890625,726.8416137695312,1974.4840087890625
9,0,프,72.69779205322266,33.40596389770508,40.8115119934082,70.47712707519531,15183.1025390625,9800.2490234375,3088.910888671875,30.287654876708984,187.23619079589844,23.51919937133789,301.0587158203125,21.43545150756836,136.23622131347656,30.158903121948242,39.5861930847168,56.671112060546875,33.828460693359375,28.53896141052246,21.289241790771484,64.40988159179688,35.35433578491211,26.72484016418457,141.28060913085938,40.24434280395508,19.086015701293945,27.72260093688965,29.021461486816406,47.314449310302734,46.84957504272461,35.6838493347168,29.0528621673584,46.39775848388672,61.06129837036133,140.18687438964844,51.76148986816406,295.88916015625,64.46749877929688,201.23118591308594,412.1663513183594,197.2658233642578,185.7212371826172,185.98985290527344,207.3102264404297,59.11662292480469,44.325138092041016,32.634361267089844,31.723804473876953,34.74303436279297,31.098718643188477,78.3104019165039,48.3159065246582,46.8673095703125,52.30794143676758,51.31035614013672,47.9583854675293,53.293094635009766,191.31936645507812,199.09532165527344,310.55596923828125,644.0910034179688,6592.3017578125,1965.34619140625,3988.794189453125,16933.296875
9,1,랑,64.72055053710938,18.537433624267578,28.135696411132812,48.81409454345703,62.9959602355957,36.504451751708984,44.516727447509766,40.674617767333984,63.524627685546875,58.323665618896484,53.60670471191406,43.4671516418457,43.43146896362305,49.73006057739258,52.03337478637695,47.13639831542969,48.9831428527832,37.31312561035156,39.74712371826172,47.93669509887695,40.2263298034668,37.069026947021484,32.97357177734375,32.94807815551758,37.753807067871094,56.714134216308594,35.52806091308594,42.31607437133789,37.646366119384766,44.52758026123047,42.05691146850586,42.08622360229492,51.586551666259766,44.064247131347656,41.51049041748047,50.4141960144043,44.42483901977539,43.02981948852539,40.31592559814453,43.23201370239258,37.8990592956543,55.506160736083984,48.678401947021484,78.04014587402344,74.19965362548828,61.398258209228516,60.92802047729492,69.49221801757812,72.46012878417969,116.06470489501953,108.81407928466797,180.50112915039062,189.8599395751953,184.33522033691406,138.9209747314453,174.4551239013672,220.80836486816406,214.96588134765625,224.5322723388672,299.8300476074219,248.91517639160156,413.7915344238281,636.9715576171875,1771.6767578125
9,2,스,57.184085845947266,18.150070190429688,30.855838775634766,40.62548065185547,74.89839935302734,33.659427642822266,33.38618469238281,34.16237258911133,68.02337646484375,49.66655731201172,48.397727966308594,43.66863250732422,39.46455001831055,48.466182708740234,55.28599548339844,51.78274917602539,47.51788330078125,38.226802825927734,39.257896423339844,50.99166488647461,43.32661819458008,38.44553756713867,35.79331970214844,32.789546966552734,37.46017837524414,41.694698333740234,35.7376708984375,36.37494659423828,38.24732208251953,37.83722686767578,38.82319259643555,39.94580841064453,53.34998321533203,43.80445098876953,43.35060119628906,46.26710891723633,48.34577560424805,45.05760192871094,38.35938262939453,39.451351165771484,41.23794937133789,40.88675308227539,45.04923629760742,50.41001892089844,65.90743255615234,78.7018051147461,61.02132034301758,81.6400375366211,75.10786437988281,119.81961822509766,92.91446685791016,175.94931030273438,139.49313354492188,156.0799560546875,137.50946044921875,174.44004821777344,179.31478881835938,187.47906494140625,196.18115234375,408.1490783691406,288.4964294433594,439.3716125488281,971.1902465820312,2207.9306640625
9,3,의,57.04828643798828,16.740257263183594,21.524396896362305,40.47755813598633,42.5394401550293,30.157230377197266,29.8577880859375,22.90542221069336,36.36786651611328,47.014007568359375,48.96431350708008,55.76356506347656,50.85203170776367,52.65206527709961,53.59165954589844,49.79327392578125,56.10663986206055,48.624881744384766,45.180572509765625,43.2733039855957,40.445377349853516,41.76091766357422,42.97586441040039,38.518428802490234,42.147605895996094,47.33062744140625,43.55384826660156,48.542415618896484,44.71153259277344,49.87000274658203,49.2618408203125,49.903865814208984,65.43346405029297,51.79214859008789,58.78069305419922,53.14228057861328,52.909305572509766,51.656898498535156,49.27878189086914,51.16804504394531,52.26797103881836,49.1103630065918,49.099395751953125,66.13179779052734,72.56053161621094,84.84825134277344,70.89480590820312,81.66841125488281,75.63310241699219,112.24483489990234,108.10430908203125,162.02487182617188,130.39492797851562,133.1030731201172,139.8179931640625,168.28443908691406,184.7168426513672,178.63316345214844,203.16305541992188,404.9516296386719,270.2174987792969,512.9421997070312,957.1079711914062,2328.19775390625
9,4, 수도,82.91736602783203,18.567962646484375,25.628995895385742,34.211761474609375,43.12437057495117,62.245765686035156,40.35283279418945,32.99201965332031,83.63644409179688,57.31733322143555,55.887691497802734,53.90059280395508,53.834190368652344,57.71511459350586,53.937870025634766,58.93476486206055,61.23435974121094,51.97027587890625,46.545509338378906,44.666561126708984,44.33559036254883,41.84654998779297,43.45993423461914,42.290252685546875,40.694068908691406,45.00237274169922,53.637054443359375,50.16704559326172,56.20749282836914,49.735652923583984,54.817440032958984,57.63414764404297,73.78904724121094,57.51737976074219,57.90227508544922,56.44582748413086,56.964134216308594,49.06460952758789,49.781280517578125,49.97993087768555,51.98633575439453,48.939449310302734,55.648712158203125,63.947044372558594,71.34414672851562,86.14893341064453,77.53530883789062,74.08118438720703,90.0552749633789,112.13279724121094,110.17184448242188,171.3507843017578,133.5796356201172,146.95729064941406,154.47482299804688,241.68927001953125,222.48277282714844,184.5543975830078,218.91761779785156,513.43701171875,336.5337829589844,580.1793823242188,960.614990234375,2103.312255859375
9,5,는,60.179073333740234,16.14263153076172,22.968843460083008,26.065523147583008,30.688562393188477,31.137378692626953,22.07593536376953,23.050691604614258,31.859956741333008,42.320152282714844,40.692588806152344,46.71661376953125,64.04327392578125,50.732391357421875,52.67087173461914,64.15171813964844,65.40736389160156,58.891910552978516,51.2071533203125,51.036617279052734,51.59141540527344,49.2498779296875,58.31954574584961,50.28683853149414,45.5920295715332,50.22551345825195,56.63587188720703,64.49834442138672,54.10716247558594,57.543373107910156,57.60762405395508,66.0516586303711,84.29873657226562,83.8011245727539,72.36341857910156,62.57283020019531,66.09799194335938,56.58173370361328,54.153404235839844,54.31892013549805,55.86610794067383,51.74386978149414,58.23432159423828,76.46375274658203,68.3267822265625,79.59567260742188,79.81419372558594,86.04179382324219,88.12677001953125,120.29165649414062,105.18928527832031,180.99009704589844,141.79080200195312,159.47586059570312,168.09446716308594,205.65533447265625,261.2047119140625,207.67987060546875,221.5434112548828,432.2970275878906,325.5367736816406,508.4765930175781,774.5069580078125,1932.772705078125
10,0,De,82.43350219726562,40.678009033203125,47.47157287597656,53.718135833740234,17070.724609375,9864.828125,3090.135009765625,29.23079490661621,187.32266235351562,23.34139633178711,301.0266418457031,21.673934936523438,136.12432861328125,30.545682907104492,40.9180908203125,57.46004867553711,34.530845642089844,28.822717666625977,21.382143020629883,64.81237030029297,35.596256256103516,26.675661087036133,141.40687561035156,40.327903747558594,19.043529510498047,27.75632667541504,28.89698600769043,46.642364501953125,46.690128326416016,35.59219741821289,28.993370056152344,46.195735931396484,61.110626220703125,140.27468872070312,51.75543975830078,297.78265380859375,66.27763366699219,202.0021514892578,412.2585144042969,197.52252197265625,185.74388122558594,185.70603942871094,207.5774383544922,62.088539123535156,44.50879669189453,32.66160583496094,32.67957305908203,35.45319747924805,31.10125732421875,80.04461669921875,49.20661163330078,46.75318908691406,51.870723724365234,50.543155670166016,47.4255485534668,52.27349853515625,192.1273193359375,199.54531860351562,311.2210693359375,816.8165893554688,6935.94970703125,2103.6142578125,4478.8837890625,17826.80859375
10,1, hoof,70.11259460449219,18.43445587158203,25.64799690246582,41.98685836791992,69.43647003173828,78.34081268310547,40.357215881347656,55.85627746582031,68.12920379638672,57.59501266479492,55.50368118286133,60.48326110839844,62.011749267578125,60.37921905517578,62.89162826538086,58.35136413574219,62.705230712890625,46.65925979614258,47.356815338134766,55.766029357910156,45.1845703125,43.78218460083008,37.032447814941406,39.67696762084961,38.167964935302734,36.85120391845703,39.640323638916016,42.30739212036133,44.011627197265625,43.121910095214844,40.952857971191406,41.40137481689453,61.750389099121094,50.05556106567383,49.913570404052734,56.51885986328125,45.777488708496094,51.66083526611328,42.456180572509766,41.15779113769531,42.411075592041016,33.83012390136719,48.2180061340332,45.59789276123047,61.0345344543457,65.89220428466797,60.80946731567383,64.7142562866211,72.31494140625,127.54119110107422,131.95896911621094,167.7187042236328,154.00148010253906,179.48497009277344,164.38568115234375,198.3360595703125,279.60980224609375,222.4521484375,267.8330993652344,293.63446044921875,374.8591003417969,576.5933837890625,771.7916870117188,1818.1522216796875
10,2,dst,64.62351989746094,18.398025512695312,31.472352981567383,47.74533462524414,66.86139678955078,73.73260498046875,69.3928451538086,56.47176742553711,69.3570785522461,62.26205062866211,60.0428352355957,52.673973083496094,72.53578186035156,58.491851806640625,61.1026611328125,68.59028625488281,63.114837646484375,53.879974365234375,49.13098907470703,51.07545852661133,49.48529052734375,47.30560302734375,42.22250747680664,42.147682189941406,36.341094970703125,39.59553909301758,42.826377868652344,49.742332458496094,48.81182861328125,47.683616638183594,45.36077880859375,51.22267150878906,64.58648681640625,59.115089416503906,53.13296890258789,54.277286529541016,53.37382125854492,49.925106048583984,45.58915710449219,45.60690689086914,41.18612289428711,46.03730773925781,55.442073822021484,53.71340560913086,73.45145416259766,74.35995483398438,63.91728591918945,65.09148406982422,107.5619125366211,112.83086395263672,108.96868896484375,191.54124450683594,147.3483428955078,165.221435546875,261.6055908203125,212.05435180664062,239.53248596191406,228.20053100585938,397.93365478515625,332.5531005859375,473.0669250488281,628.6849975585938,929.4389038085938,1725.5845947265625
10,3,ad,54.47549819946289,13.572708129882812,26.554109573364258,62.793861389160156,61.38906478881836,58.624488830566406,58.284610748291016,44.151390075683594,83.96104431152344,61.15524673461914,59.46891403198242,59.8621940612793,78.89287567138672,62.92578887939453,70.43365478515625,65.8193588256836,67.10021209716797,57.00742721557617,50.834312438964844,54.882164001464844,53.920135498046875,51.792816162109375,51.16569137573242,49.53023147583008,45.273399353027344,48.678977966308594,51.85114669799805,56.92155838012695,59.015933990478516,53.321510314941406,55.70118713378906,60.6069450378418,71.27672576904297,58.516239166259766,55.010643005371094,55.68295669555664,54.683101654052734,54.15843963623047,53.550289154052734,53.025123596191406,51.0410270690918,48.01759338378906,60.86025619506836,60.64693832397461,70.23375701904297,87.17789459228516,68.3995590209961,78.83196258544922,91.41812133789062,102.4852523803711,92.8111343383789,159.62478637695312,123.18375396728516,120.49946594238281,141.4974365234375,145.82395935058594,218.08360290527344,177.84902954101562,220.97560119628906,285.39886474609375,380.8506164550781,555.6573486328125,1012.4987182617188,2228.6494140625
10,4, van,60.979679107666016,22.542015075683594,23.36130142211914,28.92557144165039,44.63566970825195,28.34258460998535,26.677961349487305,28.086275100708008,42.195884704589844,55.60623550415039,44.72391128540039,60.68557357788086,90.77808380126953,67.19393157958984,67.31196594238281,84.08318328857422,75.642822265625,62.25883865356445,57.47107696533203,50.77594757080078,52.24285888671875,51.6695556640625,55.27217483520508,51.24783706665039,46.135345458984375,49.0501594543457,58.36166000366211,59.116615295410156,60.20573043823242,59.72670364379883,60.048553466796875,62.62114334106445,81.37200164794922,78.63253021240234,70.1741714477539,63.502742767333984,62.847373962402344,60.695579528808594,61.78839111328125,53.067481994628906,54.13551330566406,51.6038703918457,58.03432846069336,59.24433517456055,63.81913757324219,68.25189208984375,78.51016998291016,78.54541015625,92.88732147216797,117.46515655517578,111.5907974243164,121.92987060546875,122.34484100341797,127.87141418457031,167.570556640625,167.603759765625,232.49905395507812,284.51495361328125,325.3708190917969,339.8555603027344,535.8585205078125,632.4144287109375,1000.4959716796875,2220.925537109375
10,5, Frank,65.13453674316406,17.999126434326172,23.008108139038086,34.65669631958008,47.06360626220703,24.05965805053711,69.6184310913086,47.906761169433594,67.25435638427734,44.02822494506836,62.500694274902344,54.53642654418945,63.816280364990234,61.412452697753906,57.396217346191406,53.16006088256836,52.665279388427734,42.953453063964844,42.376094818115234,57.23551940917969,50.649078369140625,50.03044128417969,47.61608123779297,40.37274169921875,36.65388488769531,37.46731185913086,41.790584564208984,47.185638427734375,43.10680389404297,45.07729721069336,48.40617370605469,52.08625411987305,55.64372634887695,46.40824890136719,46.758182525634766,50.0584831237793,45.53983688354492,45.581417083740234,41.382991790771484,36.73883056640625,38.21929931640625,39.1197624206543,45.161964416503906,50.01264572143555,62.113731384277344,60.28878402709961,53.45037841796875,53.42279052734375,56.46748352050781,118.36865234375,112.50482940673828,147.67127990722656,137.32855224609375,140.8691864013672,147.97567749023438,199.57424926757812,215.3289337158203,205.6025848388672,199.94508361816406,237.5833282470703,299.0975646972656,370.68951416015625,645.5066528320312,1632.314208984375
10,6,rijk,64.27059173583984,16.99298858642578,21.540912628173828,47.80317687988281,64.86144256591797,37.304134368896484,50.75709915161133,55.95814514160156,87.26049041748047,64.93749237060547,64.1915512084961,61.737239837646484,69.37952423095703,67.90309143066406,62.79450607299805,64.32279968261719,61.39716720581055,52.4027214050293,51.78969955444336,54.32545471191406,59.89773941040039,53.76958084106445,52.115230560302734,43.37623596191406,42.11766815185547,44.08546447753906,50.42085647583008,50.520320892333984,47.31949996948242,46.091102600097656,53.33777618408203,58.1986083984375,66.768798828125,56.50415802001953,60.80005645751953,57.445621490478516,64.99365234375,58.3323860168457,56.287933349609375,50.537925720214844,54.14303207397461,52.110252380371094,58.750179290771484,75.6216049194336,90.81749725341797,83.44947814941406,78.180419921875,85.1188735961914,82.03150177001953,119.26213073730469,99.43158721923828,140.34019470214844,104.42958068847656,106.51644897460938,144.3546142578125,153.34544372558594,216.81863403320312,187.9315185546875,241.9065399169922,372.19805908203125,372.08563232421875,558.7646484375,1073.35498046875,2174.873779296875
10,7, is,50.45439147949219,18.777116775512695,18.26181983947754,28.466794967651367,44.46163558959961,19.51446533203125,24.399629592895508,30.94125747680664,43.388267517089844,42.778106689453125,37.27116394042969,50.53135299682617,66.67852783203125,53.61332702636719,52.30974578857422,71.97212982177734,68.68573760986328,58.804630279541016,50.37893295288086,49.2347526550293,55.90607833862305,50.58393859863281,57.28014373779297,51.6997184753418,45.0463981628418,51.60689926147461,60.33234786987305,56.13510513305664,60.49978256225586,61.60541534423828,56.40483474731445,60.98362731933594,71.67022705078125,68.30484008789062,65.52168273925781,58.602882385253906,61.21635437011719,54.92281723022461,49.48896408081055,49.549102783203125,54.63196563720703,49.070735931396484,54.82835006713867,62.24758529663086,77.13439178466797,80.80843353271484,76.85265350341797,84.748779296875,86.30862426757812,114.67701721191406,103.01502990722656,149.81912231445312,124.94699096679688,132.14601135253906,157.408447265625,188.9148712158203,228.07302856445312,196.10333251953125,259.18243408203125,422.9071350097656,443.2982482910156,610.4771728515625,991.1900024414062,2113.68603515625
11,0,Frank,87.96757507324219,40.96431350708008,35.565765380859375,60.9484977722168,17586.37890625,9820.9892578125,3098.22509765625,29.11488151550293,187.3409881591797,23.431087493896484,301.3033447265625,21.804574966430664,136.3042755126953,30.59475326538086,41.123321533203125,57.7305793762207,35.04867172241211,28.674291610717773,21.467849731445312,65.4173583984375,35.86089324951172,26.730060577392578,141.5548553466797,40.2180290222168,19.185230255126953,27.867700576782227,28.940832138061523,47.47438430786133,47.02332305908203,35.61807632446289,29.109256744384766,46.515480041503906,61.30809020996094,140.38734436035156,51.94523239135742,300.2388000488281,66.9151382446289,202.2140350341797,412.7233581542969,198.21041870117188,185.829833984375,186.05152893066406,207.9637451171875,62.10306930541992,44.470611572265625,32.944095611572266,32.94214630126953,35.71733856201172,31.29054069519043,80.30561065673828,49.546634674072266,46.62974166870117,52.117698669433594,50.732059478759766,47.78948211669922,52.68460464477539,192.25831604003906,199.74559020996094,311.3988952636719,823.0277709960938,6964.81982421875,2090.1904296875,4836.93310546875,17930.134765625
11,1,rikes,70.57701110839844,20.300905227661133,25.719860076904297,43.824649810791016,59.55065155029297,50.62895965576172,59.9052619934082,57.286376953125,65.1488037109375,52.671607971191406,51.539485931396484,53.54865646362305,56.67281723022461,53.640220642089844,56.12617874145508,53.038639068603516,53.13795852661133,43.78905487060547,40.879173278808594,40.44634246826172,39.37436294555664,37.426082611083984,35.33371353149414,35.440528869628906,29.948131561279297,30.109542846679688,38.48218536376953,35.15437316894531,40.67183303833008,39.10884475708008,38.38066101074219,41.45983123779297,53.242454528808594,50.152587890625,46.328697204589844,53.15476989746094,45.94916915893555,47.39111328125,42.73320770263672,40.00486373901367,38.144100189208984,40.508060455322266,48.430694580078125,49.681636810302734,69.1152572631836,59.42021560668945,69.35547637939453,63.4390869140625,69.69554138183594,93.0008544921875,101.8170166015625,117.509521484375,139.40097045898438,132.48153686523438,103.2044448852539,120.82319641113281,140.50906372070312,116.4552001953125,149.37391662597656,172.6104736328125,184.2657470703125,433.2393493652344,836.8649291992188,2007.19970703125
11,2, h,58.48030090332031,19.355024337768555,21.87890625,32.43172073364258,36.864871978759766,41.28166198730469,33.93231964111328,51.00247573852539,54.839996337890625,52.43278884887695,47.63795852661133,55.50020217895508,55.73067855834961,71.24247741699219,56.44266128540039,53.33592224121094,56.66184997558594,47.0580940246582,45.515541076660156,48.51393508911133,50.55574035644531,45.49211120605469,40.254676818847656,39.43173599243164,35.640846252441406,38.34170150756836,39.27760314941406,43.214088439941406,42.95209503173828,48.33306884765625,43.16605758666992,45.73176956176758,61.217079162597656,53.73351287841797,54.57332229614258,46.64723205566406,44.544742584228516,47.84346389770508,39.735103607177734,36.874542236328125,43.114437103271484,36.537322998046875,44.41374206542969,55.833656311035156,57.364322662353516,53.35715866088867,60.91543960571289,54.89747619628906,81.15555572509766,84.2072982788086,103.71772003173828,109.13764190673828,155.32763671875,112.37037658691406,128.72415161132812,164.5533905029297,195.19505310058594,218.15597534179688,201.87538146972656,283.4609069824219,326.7176513671875,471.9150695800781,1198.6578369140625,2225.84033203125
11,3,uv,57.62308883666992,15.908994674682617,25.1716251373291,36.1696662902832,65.89824676513672,59.53683853149414,44.5096321105957,89.87841033935547,74.84796905517578,69.47132110595703,57.68692398071289,65.17977142333984,57.52306365966797,60.059539794921875,59.06928634643555,55.75960159301758,63.231441497802734,52.2780647277832,46.2580451965332,60.764190673828125,48.15968322753906,47.343841552734375,42.88807678222656,42.12767028808594,35.291648864746094,37.550506591796875,43.46868896484375,46.14196014404297,44.863407135009766,47.01097869873047,51.58882522583008,48.953636169433594,67.4786605834961,59.296688079833984,55.77997970581055,50.636783599853516,53.281005859375,53.829593658447266,40.30614471435547,41.29716873168945,48.545616149902344,43.02832794189453,47.66484069824219,50.273597717285156,59.537353515625,52.343746185302734,71.56986236572266,72.0316162109375,71.5390625,100.43466186523438,129.57188415527344,181.1063690185547,180.5820770263672,214.09571838378906,229.61199951171875,305.8180847167969,222.97222900390625,217.4097900390625,246.21929931640625,299.7712097167969,329.889892578125,468.61065673828125,681.8427124023438,1708.6671142578125
11,4,ud,53.62942123413086,14.504621505737305,21.878456115722656,41.945594787597656,65.63016510009766,77.76937103271484,53.26667404174805,76.6607437133789,61.596614837646484,70.21475982666016,65.09101104736328,64.06706237792969,63.27132034301758,65.92456817626953,68.17341613769531,62.67039489746094,67.32774353027344,52.47053146362305,51.34374237060547,67.19035339355469,51.46177673339844,50.160987854003906,42.807395935058594,44.64220428466797,40.059696197509766,41.800907135009766,47.683597564697266,47.52781295776367,47.55885696411133,47.78441619873047,52.84153747558594,59.958187103271484,75.2556381225586,62.17156982421875,60.243125915527344,51.701175689697266,56.233802795410156,52.07550048828125,47.174461364746094,45.84882354736328,55.19187545776367,49.13152313232422,49.663414001464844,55.99170684814453,69.59650421142578,52.34914779663086,57.88637924194336,67.13871002197266,67.33294677734375,109.92355346679688,116.57966613769531,170.18423461914062,135.8330535888672,169.02392578125,151.5557403564453,163.70895385742188,245.7813262939453,197.05804443359375,255.41090393066406,348.54193115234375,398.5870361328125,579.2703247070312,899.1522827148438,1989.92919921875
11,5,stad,65.27811431884766,15.181775093078613,21.650650024414062,42.66979217529297,48.29475402832031,61.60244369506836,49.77105712890625,55.1488037109375,60.53678894042969,53.12628173828125,44.45334243774414,100.88209533691406,74.52392578125,62.61410140991211,66.84725189208984,68.89098358154297,71.11902618408203,58.649234771728516,54.68217468261719,55.76987838745117,53.58573913574219,56.188636779785156,48.665287017822266,49.48417282104492,44.07233428955078,47.77717590332031,51.92043685913086,55.97249221801758,55.37394714355469,53.072147369384766,53.82689666748047,60.7944450378418,79.32110595703125,64.4889144897461,63.17212677001953,59.849151611328125,63.6219596862793,53.98716354370117,53.77363967895508,53.73893737792969,46.906761169433594,48.98322677612305,55.82742691040039,57.09074020385742,69.54521942138672,73.65983581542969,64.4573974609375,76.07421875,83.92559051513672,86.29805755615234,104.06195831298828,146.5349578857422,120.99855041503906,122.91703033447266,129.6044921875,140.6547393798828,225.1993865966797,180.103515625,198.4384002685547,300.6412048339844,343.2346496582031,521.5393676757812,1023.35986328125,2116.902099609375
11,6, är,67.44804382324219,17.353717803955078,23.80021858215332,34.44672775268555,39.58642578125,38.50749969482422,28.196731567382812,38.50011444091797,41.38528060913086,42.92784118652344,50.32650375366211,54.77267837524414,80.4941177368164,65.58501434326172,60.578067779541016,61.20894241333008,73.5697021484375,59.24989318847656,52.40555953979492,58.965118408203125,54.65156936645508,56.134185791015625,53.172393798828125,56.216983795166016,41.72533416748047,45.21588897705078,50.5454216003418,52.03037643432617,55.09059143066406,56.811214447021484,56.36000061035156,54.162879943847656,72.46546936035156,64.4043197631836,59.804954528808594,55.63731002807617,55.78623962402344,55.525882720947266,53.731624603271484,48.795413970947266,44.6820182800293,49.529476165771484,50.2064208984375,57.0556526184082,71.31837463378906,60.226200103759766,61.04094314575195,69.41673278808594,74.34015655517578,105.01293182373047,94.0992660522461,140.7892303466797,132.9005584716797,129.69210815429688,126.16506958007812,172.21961975097656,225.9998779296875,200.33714294433594,227.9710235595703,310.1358337402344,327.77264404296875,467.61346435546875,880.1504516601562,2022.3214111328125
